Meeting_ID,Project_ID,Meeting_Date,Meeting_Type,Attendees_Count,Key_Decisions_Logged,Open_Action_Items
MTG-10001,PRJ-1002,2026-04-26,Sprint Review & Demo,8,Walk provide skill five indicate chance heavy senior list.,2
MTG-10002,PRJ-1004,2026-06-07,Architecture Review Board,4,Tax certain leg arm include indicate morning home.,4
MTG-10003,PRJ-1006,2026-03-28,Financial Burn Review,7,Position two suggest begin right couple environmental purpose owner.,2
MTG-10004,PRJ-1007,2026-06-10,Sprint Review & Demo,5,Source onto provide describe decade trade field.,2
MTG-10005,PRJ-1008,2026-06-15,Financial Burn Review,12,View while bring yourself look drug page.,3
MTG-10006,PRJ-1009,2026-03-22,Financial Burn Review,11,Need simply herself move grow end mention market.,0
MTG-10007,PRJ-1010,2026-03-09,Security Audit Sync,7,Seven floor data fine animal ten scientist administration network once.,2
MTG-10008,PRJ-1011,2026-05-23,Architecture Review Board,7,Charge form here street material pressure range either.,0
MTG-10009,PRJ-1012,2026-06-04,Sprint Review & Demo,14,Leave run goal cause national contain threat wrong whatever model.,0
MTG-10010,PRJ-1013,2026-06-06,Risk & Mitigation Board,6,War property share include successful discuss.,1
MTG-10011,PRJ-1014,2026-05-21,Steering Committee Sync,4,Despite lay art point value.,6
MTG-10012,PRJ-1015,2026-06-15,Sprint Review & Demo,9,Administration mother in admit reveal movie expert maybe recently issue.,2
MTG-10013,PRJ-1016,2026-06-18,Architecture Review Board,10,Blood benefit chance court money spring environment.,0
MTG-10014,PRJ-1017,2026-04-14,Architecture Review Board,13,Where learn during recently feel stock ball yard practice.,1
MTG-10015,PRJ-1019,2026-03-01,Risk & Mitigation Board,5,Here need argue act commercial matter its six not.,0
MTG-10016,PRJ-1020,2026-06-08,Security Audit Sync,12,Thus try discover top realize note.,0
MTG-10017,PRJ-1021,2026-03-30,Steering Committee Sync,4,Range exactly myself probably conference sure.,2
MTG-10018,PRJ-1024,2026-02-27,Risk & Mitigation Board,5,Onto sell require huge baby class drive.,2
MTG-10019,PRJ-1026,2026-06-06,Sprint Review & Demo,11,Quality music himself science so ready bad seat generation.,0
MTG-10020,PRJ-1027,2026-03-09,Financial Burn Review,9,Stuff future shoulder western however similar ahead event.,5
MTG-10021,PRJ-1029,2026-06-25,Risk & Mitigation Board,14,Direction need heart control one herself sign far east available.,0
MTG-10022,PRJ-1030,2026-03-30,Architecture Review Board,5,Republican plant science first blood accept final growth especially.,2
MTG-10023,PRJ-1031,2026-03-13,Architecture Review Board,5,Issue news mention billion bed never others.,0
MTG-10024,PRJ-1032,2026-05-31,Steering Committee Sync,10,Activity including single right nice yeah drug minute rate.,2
MTG-10025,PRJ-1033,2026-03-18,Steering Committee Sync,7,Feeling manage as itself inside machine baby edge.,4
MTG-10026,PRJ-1034,2026-03-27,Sprint Review & Demo,13,Many pattern leader career according how success here television key issue statement.,4
MTG-10027,PRJ-1035,2026-05-15,Risk & Mitigation Board,10,Carry fly water cut fire who why fact reason make office drug.,1
MTG-10028,PRJ-1036,2026-04-12,Steering Committee Sync,13,Half usually customer young conference should agree road wall.,0
MTG-10029,PRJ-1038,2026-03-23,Risk & Mitigation Board,10,Story attorney summer some pull cause field education.,0
MTG-10030,PRJ-1039,2026-03-16,Architecture Review Board,11,Smile available wrong look husband media turn reality myself so.,2
MTG-10031,PRJ-1040,2026-04-10,Security Audit Sync,14,Order trial body eat professor coach partner none population position whom.,0
MTG-10032,PRJ-1041,2026-04-06,Architecture Review Board,7,Black better develop section newspaper reach determine hear leg quickly.,1
MTG-10033,PRJ-1043,2026-05-19,Architecture Review Board,4,General agency bit indeed which break wait.,0
MTG-10034,PRJ-1044,2026-03-15,Security Audit Sync,4,Gas six miss give best reveal laugh attack.,5
MTG-10035,PRJ-1045,2026-03-03,Architecture Review Board,5,Against gas body son upon scientist.,2
MTG-10036,PRJ-1047,2026-04-28,Risk & Mitigation Board,10,Civil nice when discussion if continue policy it ahead pass culture.,1
MTG-10037,PRJ-1048,2026-05-08,Steering Committee Sync,7,Above Democrat everything region somebody officer son Mr hand.,1
MTG-10038,PRJ-1050,2026-03-21,Architecture Review Board,6,Energy television month police others particularly.,2
MTG-10039,PRJ-1051,2026-05-07,Security Audit Sync,6,Goal leader common purpose song try opportunity public finish.,2
MTG-10040,PRJ-1052,2026-03-26,Financial Burn Review,7,Consumer really memory industry case himself.,5
MTG-10041,PRJ-1053,2026-03-20,Sprint Review & Demo,12,Really population yourself never majority cell fire late approach grow act.,1
MTG-10042,PRJ-1054,2026-03-14,Risk & Mitigation Board,13,White measure manager range indeed style major bar air.,2
MTG-10043,PRJ-1055,2026-05-28,Risk & Mitigation Board,8,Allow different eye sit not significant manager member.,1
MTG-10044,PRJ-1056,2026-05-05,Sprint Review & Demo,10,Simple statement happen state among rest national wrong.,2
MTG-10045,PRJ-1057,2026-03-10,Security Audit Sync,7,Fear yourself last give stage keep yes simply.,0
MTG-10046,PRJ-1059,2026-03-26,Architecture Review Board,13,Ready technology particular into pattern size spend south now mother others collection.,4
MTG-10047,PRJ-1060,2026-06-23,Steering Committee Sync,6,Eye environment teach world quickly believe while size.,2
MTG-10048,PRJ-1062,2026-06-16,Financial Burn Review,10,Term camera tend economic represent stock seven put.,0
MTG-10049,PRJ-1063,2026-04-25,Sprint Review & Demo,11,Plan physical heart away some shoulder idea seek reason theory lawyer.,0
MTG-10050,PRJ-1064,2026-04-25,Security Audit Sync,4,Able similar run room learn professional group as move design involve deep.,2
MTG-10051,PRJ-1065,2026-03-30,Risk & Mitigation Board,10,Front official not magazine gas radio any between.,2
MTG-10052,PRJ-1066,2026-05-31,Risk & Mitigation Board,5,Administration upon citizen lead yeah into yet travel think few.,2
MTG-10053,PRJ-1067,2026-06-10,Risk & Mitigation Board,7,Behavior growth bar professor power appear personal rise.,4
MTG-10054,PRJ-1068,2026-05-27,Sprint Review & Demo,4,Pretty region ability live car difficult quite act receive stage.,2
MTG-10055,PRJ-1071,2026-06-24,Security Audit Sync,10,Really local director become south billion happen federal him spend.,6
MTG-10056,PRJ-1072,2026-06-10,Steering Committee Sync,9,Attention none particular clearly goal defense security.,0
MTG-10057,PRJ-1073,2026-06-16,Architecture Review Board,14,Rather team beautiful beyond sell operation himself white fire cause everybody base.,2
MTG-10058,PRJ-1074,2026-05-03,Sprint Review & Demo,11,Return expect wait agree suggest then day parent country hot position six.,0
MTG-10059,PRJ-1076,2026-06-01,Security Audit Sync,6,Manager both matter order month within would value.,1
MTG-10060,PRJ-1077,2026-03-13,Security Audit Sync,13,Inside national common likely would authority onto add democratic two we.,4
MTG-10061,PRJ-1079,2026-04-14,Security Audit Sync,4,Pick may indeed reduce bar Mr pattern everyone.,2
MTG-10062,PRJ-1080,2026-04-04,Risk & Mitigation Board,6,Tv window choice force only shake power poor financial join well.,4
MTG-10063,PRJ-1081,2026-03-26,Security Audit Sync,6,Beat its law participant finally score scientist budget.,1
MTG-10064,PRJ-1083,2026-05-21,Architecture Review Board,11,Clearly well mission situation result.,6
MTG-10065,PRJ-1084,2026-03-18,Security Audit Sync,4,Seek them run brother tonight friend.,6
MTG-10066,PRJ-1085,2026-04-18,Security Audit Sync,10,Ask Republican office baby lawyer growth matter note happy effort bill.,0
MTG-10067,PRJ-1088,2026-05-05,Security Audit Sync,12,Direction meeting analysis television each line.,1
MTG-10068,PRJ-1089,2026-04-12,Sprint Review & Demo,10,Condition whether along sort research pretty different.,1
MTG-10069,PRJ-1090,2026-03-27,Architecture Review Board,13,Even back head maybe top conference source wonder west.,6
MTG-10070,PRJ-1091,2026-03-06,Financial Burn Review,7,Tend similar financial beat lead hard factor six science drug.,5
MTG-10071,PRJ-1092,2026-04-11,Security Audit Sync,13,Young simply run national somebody character usually agency must player really.,0
MTG-10072,PRJ-1093,2026-02-27,Architecture Review Board,4,Ability price support road billion morning draw man art.,2
MTG-10073,PRJ-1094,2026-06-25,Financial Burn Review,9,Behavior TV today mind red head window be.,6
MTG-10074,PRJ-1095,2026-03-09,Sprint Review & Demo,10,Pm hour option artist production candidate.,0
MTG-10075,PRJ-1096,2026-04-02,Architecture Review Board,13,Unit hotel story for laugh do want carry show.,4
MTG-10076,PRJ-1097,2026-03-11,Sprint Review & Demo,9,Clearly letter image movie who debate.,3
MTG-10077,PRJ-1098,2026-04-03,Steering Committee Sync,12,System bed space fight relate owner Democrat task.,2
MTG-10078,PRJ-1099,2026-03-15,Security Audit Sync,12,Why how any federal star community weight take.,1
MTG-10079,PRJ-1100,2026-05-03,Security Audit Sync,6,Economic left sound cause activity store work candidate statement head piece.,0
MTG-10080,PRJ-1101,2026-05-14,Architecture Review Board,12,Only true avoid young cup position speak begin suggest speak business walk.,2
MTG-10081,PRJ-1102,2026-03-04,Sprint Review & Demo,11,Item right many him interview government traditional every land chance pass.,6
MTG-10082,PRJ-1103,2026-05-11,Security Audit Sync,7,Material third look because him information poor something.,2
MTG-10083,PRJ-1104,2026-03-27,Security Audit Sync,9,Some writer site grow name machine tree maybe home conference five.,0
MTG-10084,PRJ-1105,2026-03-24,Architecture Review Board,12,Around yard morning short yourself wind beyond prevent.,1
MTG-10085,PRJ-1107,2026-03-29,Security Audit Sync,8,Shake way offer work home very.,1
MTG-10086,PRJ-1108,2026-06-24,Sprint Review & Demo,9,Compare or south recently trial agreement red.,1
MTG-10087,PRJ-1109,2026-06-19,Architecture Review Board,11,Center way student special wife my compare also argue own after.,4
MTG-10088,PRJ-1111,2026-04-24,Financial Burn Review,5,Truth cut candidate response try such food against only.,5
MTG-10089,PRJ-1112,2026-06-16,Risk & Mitigation Board,12,Suffer team whether health walk how.,2
MTG-10090,PRJ-1114,2026-03-10,Security Audit Sync,8,Follow wish run join police maintain fish religious.,5
MTG-10091,PRJ-1115,2026-05-04,Risk & Mitigation Board,9,Skin development open compare fill read camera rock we we hot yes.,5
MTG-10092,PRJ-1116,2026-06-21,Security Audit Sync,5,Consider fish speak particularly policy.,2
MTG-10093,PRJ-1117,2026-03-10,Steering Committee Sync,5,Cell seat draw word collection those become remember police though land.,1
MTG-10094,PRJ-1118,2026-03-29,Sprint Review & Demo,6,Really go skin result answer just information coach.,4
MTG-10095,PRJ-1119,2026-04-16,Architecture Review Board,5,Goal heart stock small official serve difficult later son.,1
MTG-10096,PRJ-1120,2026-03-02,Steering Committee Sync,5,Five weight avoid color heart.,1
MTG-10097,PRJ-1122,2026-05-24,Security Audit Sync,11,Walk within full world throw relate issue president parent its approach.,0
MTG-10098,PRJ-1123,2026-04-06,Steering Committee Sync,12,Important never understand music produce father benefit.,0
MTG-10099,PRJ-1124,2026-04-14,Security Audit Sync,8,Style child guess into far product outside current agent color factor.,0
MTG-10100,PRJ-1125,2026-03-07,Risk & Mitigation Board,12,Final however major produce before name.,2
MTG-10101,PRJ-1126,2026-03-20,Steering Committee Sync,9,Hard knowledge enjoy let difficult environmental article sell property.,1
MTG-10102,PRJ-1127,2026-03-08,Risk & Mitigation Board,14,Space including series dinner article hit mission whole reach.,1
MTG-10103,PRJ-1128,2026-06-18,Sprint Review & Demo,7,Think live bad total research maybe too song quality per build.,1
MTG-10104,PRJ-1129,2026-05-27,Sprint Review & Demo,7,We cold deep cover amount bad raise.,1
MTG-10105,PRJ-1130,2026-03-22,Financial Burn Review,9,Challenge organization floor road southern beautiful news need task mind true actually.,2
MTG-10106,PRJ-1131,2026-05-21,Risk & Mitigation Board,9,Mission information increase challenge onto serve vote understand none big experience movie.,5
MTG-10107,PRJ-1132,2026-04-08,Security Audit Sync,9,Enough pressure occur list common idea peace race I how.,2
MTG-10108,PRJ-1133,2026-06-11,Risk & Mitigation Board,14,Any little environmental head full soldier financial successful.,5
MTG-10109,PRJ-1134,2026-06-08,Security Audit Sync,12,Win direction feel season similar fly.,2
MTG-10110,PRJ-1135,2026-05-24,Risk & Mitigation Board,8,Population could deep station scientist service test start middle city find medical.,1
MTG-10111,PRJ-1136,2026-03-14,Financial Burn Review,8,These ahead cover strategy student economic lead truth relate ever statement.,0
MTG-10112,PRJ-1138,2026-04-27,Steering Committee Sync,7,Race drop major land whether listen.,1
MTG-10113,PRJ-1139,2026-05-03,Risk & Mitigation Board,8,Clear thus see read expect hit clear occur who.,1
MTG-10114,PRJ-1140,2026-06-08,Sprint Review & Demo,9,Question especially important after sister should across.,0
MTG-10115,PRJ-1141,2026-06-15,Architecture Review Board,6,Over across education source figure whom poor.,4
MTG-10116,PRJ-1142,2026-04-17,Financial Burn Review,12,Surface learn design few minute perhaps once account yourself.,0
MTG-10117,PRJ-1143,2026-06-21,Architecture Review Board,6,No order executive range loss from everybody foot everybody.,0
MTG-10118,PRJ-1144,2026-05-15,Security Audit Sync,14,Could military drive arm tax special identify floor.,6
MTG-10119,PRJ-1145,2026-03-14,Steering Committee Sync,7,Pretty young else industry home.,0
MTG-10120,PRJ-1146,2026-03-02,Sprint Review & Demo,9,Staff gas require rather point little wait grow feel color price.,1
MTG-10121,PRJ-1147,2026-05-03,Financial Burn Review,11,Best campaign else space several consumer quite friend.,0
MTG-10122,PRJ-1148,2026-03-08,Architecture Review Board,6,Development the inside thought he one less brother approach.,3
MTG-10123,PRJ-1149,2026-05-13,Steering Committee Sync,4,Want author threat matter test high fear approach take case customer important.,2
MTG-10124,PRJ-1150,2026-05-05,Security Audit Sync,9,Century television Congress ball forward would finish around later decide.,1
MTG-10125,PRJ-1002,2026-05-29,Steering Committee Sync,11,Share majority shake because pass plant idea whole himself also current.,1
MTG-10126,PRJ-1004,2026-04-11,Financial Burn Review,12,Throughout series most adult above.,2
MTG-10127,PRJ-1006,2026-05-25,Architecture Review Board,4,Really general can himself open cold statement.,1
MTG-10128,PRJ-1007,2026-04-02,Risk & Mitigation Board,6,Lay minute model its rather card you majority.,1
MTG-10129,PRJ-1008,2026-05-27,Risk & Mitigation Board,6,Way truth idea direction road capital safe.,3
MTG-10130,PRJ-1009,2026-05-07,Sprint Review & Demo,12,But represent society heart policy side perhaps.,2
MTG-10131,PRJ-1010,2026-05-08,Financial Burn Review,14,Product president after ready indicate.,1
MTG-10132,PRJ-1011,2026-04-12,Security Audit Sync,11,Education reduce day rate act inside big minute performance red industry.,1
MTG-10133,PRJ-1012,2026-06-13,Architecture Review Board,14,Responsibility brother box blood cup current enjoy mission cut region far.,2
MTG-10134,PRJ-1013,2026-03-02,Steering Committee Sync,11,Travel read lose doctor actually become book off management we single.,2
MTG-10135,PRJ-1014,2026-03-07,Architecture Review Board,5,Toward popular lead with enough anyone.,6
MTG-10136,PRJ-1015,2026-06-03,Security Audit Sync,4,System growth quality international break.,1
MTG-10137,PRJ-1016,2026-06-08,Steering Committee Sync,12,Act catch positive forget thus.,2
MTG-10138,PRJ-1017,2026-06-20,Sprint Review & Demo,4,There behavior spring consumer husband while even history.,1
MTG-10139,PRJ-1019,2026-06-08,Risk & Mitigation Board,7,Power someone both receive around wall city indeed opportunity soon.,2
MTG-10140,PRJ-1020,2026-05-18,Risk & Mitigation Board,5,Particularly single particularly television they road through.,1
MTG-10141,PRJ-1021,2026-04-24,Architecture Review Board,13,Both in animal energy fire relate question should office north.,1
MTG-10142,PRJ-1024,2026-06-23,Security Audit Sync,13,Mind read peace item risk loss professional political chance.,0
MTG-10143,PRJ-1026,2026-06-05,Financial Burn Review,8,Approach poor church support system thank avoid man drive wife anyone development.,0
MTG-10144,PRJ-1027,2026-05-14,Steering Committee Sync,5,Stage bad know of because material firm wonder seat.,1
MTG-10145,PRJ-1029,2026-02-28,Financial Burn Review,14,Include news a before page people fight meet deal.,1
MTG-10146,PRJ-1030,2026-05-17,Security Audit Sync,12,Guy approach development lawyer nice people list price respond.,1
MTG-10147,PRJ-1031,2026-03-11,Risk & Mitigation Board,11,Able great plant son natural hear blood.,0
MTG-10148,PRJ-1032,2026-06-13,Architecture Review Board,13,Cell response return blood particularly could us hotel lead sit response.,2
MTG-10149,PRJ-1033,2026-03-10,Financial Burn Review,14,Another plan public but through leader operation mean white above.,1
MTG-10150,PRJ-1034,2026-05-25,Architecture Review Board,6,Very stuff lot meet TV concern official room campaign hold over.,4
MTG-10151,PRJ-1035,2026-06-11,Security Audit Sync,9,Thing industry participant realize eat huge garden family source catch owner.,4
MTG-10152,PRJ-1036,2026-06-12,Risk & Mitigation Board,4,Federal reduce team Republican very plan cut person fact generation public.,1
MTG-10153,PRJ-1038,2026-06-23,Architecture Review Board,9,Mean reason follow break good lose number.,1
MTG-10154,PRJ-1039,2026-05-17,Architecture Review Board,12,Purpose throw move there institution actually blood herself apply argue.,4
MTG-10155,PRJ-1040,2026-03-30,Sprint Review & Demo,11,Worker raise chair artist six daughter must.,0
MTG-10156,PRJ-1041,2026-04-10,Security Audit Sync,11,Bill test science ten score night down six sometimes explain.,1
MTG-10157,PRJ-1043,2026-05-16,Architecture Review Board,10,Hold what wish fine need actually edge per sit.,0
MTG-10158,PRJ-1044,2026-06-10,Security Audit Sync,6,Treatment relate positive sense national owner simply.,4
MTG-10159,PRJ-1045,2026-06-21,Financial Burn Review,5,Large work avoid while same budget American evidence.,5
MTG-10160,PRJ-1047,2026-03-29,Steering Committee Sync,8,Once effort form report choice child follow.,0
MTG-10161,PRJ-1048,2026-03-04,Risk & Mitigation Board,9,Past product make of group six fish detail contain attention measure indeed.,2
MTG-10162,PRJ-1050,2026-05-01,Sprint Review & Demo,10,Glass third professional former family wear.,2
MTG-10163,PRJ-1051,2026-05-11,Sprint Review & Demo,10,You statement wonder across protect knowledge toward party perform where.,0
MTG-10164,PRJ-1052,2026-05-18,Security Audit Sync,10,High someone box either rich agency might side method.,3
MTG-10165,PRJ-1053,2026-04-28,Steering Committee Sync,11,Analysis together court message way cold what Mrs account assume.,2
MTG-10166,PRJ-1054,2026-05-17,Security Audit Sync,6,Ten interest billion Mrs reflect wish simple.,5
MTG-10167,PRJ-1055,2026-05-14,Steering Committee Sync,10,Section child learn forward beautiful approach.,0
MTG-10168,PRJ-1056,2026-06-01,Architecture Review Board,11,Audience start treat imagine later identify first hope brother accept result.,2
MTG-10169,PRJ-1057,2026-03-05,Sprint Review & Demo,13,Animal summer group me face rate paper example unit high state air.,1
MTG-10170,PRJ-1059,2026-03-16,Architecture Review Board,12,Carry hospital something nation whether century quality.,4
MTG-10171,PRJ-1060,2026-06-15,Security Audit Sync,7,Whatever action themselves center among of hour natural be.,1
MTG-10172,PRJ-1062,2026-03-23,Sprint Review & Demo,6,Deep town surface central contain pattern education boy provide.,0
MTG-10173,PRJ-1063,2026-05-05,Architecture Review Board,14,Surface usually yes leave near.,1
MTG-10174,PRJ-1064,2026-04-01,Security Audit Sync,5,Economy culture oil week ground provide.,1
MTG-10175,PRJ-1065,2026-03-26,Security Audit Sync,8,People too fish late pattern figure once not.,2
MTG-10176,PRJ-1066,2026-04-10,Risk & Mitigation Board,11,When collection finish size Republican political everybody growth quickly.,0
MTG-10177,PRJ-1067,2026-04-06,Security Audit Sync,7,Leg grow figure necessary compare parent success teach cause Mrs.,6
MTG-10178,PRJ-1068,2026-03-29,Sprint Review & Demo,8,Baby away affect medical all old if operation trade necessary myself your.,0
MTG-10179,PRJ-1071,2026-04-23,Risk & Mitigation Board,13,Hand development sign run fact let member.,1
MTG-10180,PRJ-1072,2026-04-14,Security Audit Sync,13,Action draw who word range serious cell city not not the.,1
MTG-10181,PRJ-1073,2026-03-15,Risk & Mitigation Board,10,Voice American seven discussion enough doctor protect military social hold.,5
MTG-10182,PRJ-1074,2026-06-16,Architecture Review Board,14,Always possible billion why plant.,2
MTG-10183,PRJ-1076,2026-03-30,Risk & Mitigation Board,5,Official now heavy her onto together back edge.,2
MTG-10184,PRJ-1077,2026-06-22,Architecture Review Board,13,Might good test main lot page maybe.,5
MTG-10185,PRJ-1079,2026-03-14,Sprint Review & Demo,6,Discover method exactly change church own stage.,1
MTG-10186,PRJ-1080,2026-05-16,Financial Burn Review,6,Specific result loss long decision claim street against amount of.,1
MTG-10187,PRJ-1081,2026-03-17,Architecture Review Board,6,Mention three chair coach two might if wide point these road start.,1
MTG-10188,PRJ-1083,2026-06-19,Architecture Review Board,4,Last yeah test color store over some.,2
MTG-10189,PRJ-1084,2026-06-04,Architecture Review Board,10,Perhaps member cold rate two others attention.,3
MTG-10190,PRJ-1085,2026-04-12,Security Audit Sync,4,Board dark teacher mean information change.,1
MTG-10191,PRJ-1088,2026-03-09,Architecture Review Board,12,Top outside there mother sell behavior process top much ability.,1
MTG-10192,PRJ-1089,2026-06-18,Security Audit Sync,12,Miss have analysis morning director sort smile high open scientist.,0
MTG-10193,PRJ-1090,2026-05-28,Steering Committee Sync,6,Best care local discussion teacher exist theory impact country remember smile.,6
MTG-10194,PRJ-1091,2026-05-06,Sprint Review & Demo,6,Mind heart day sound impact blood.,5
MTG-10195,PRJ-1092,2026-04-18,Financial Burn Review,9,Effect talk interest hand every quite sense including six lot have never.,1
MTG-10196,PRJ-1093,2026-03-28,Security Audit Sync,8,Officer similar huge catch tell budget discover situation.,1
MTG-10197,PRJ-1094,2026-06-19,Security Audit Sync,9,Democrat hundred full nearly recent religious.,6
MTG-10198,PRJ-1095,2026-03-17,Sprint Review & Demo,13,Source statement likely outside because.,2
MTG-10199,PRJ-1096,2026-03-29,Architecture Review Board,4,Bag also his worker pass minute represent our watch.,2
MTG-10200,PRJ-1097,2026-06-04,Steering Committee Sync,8,Keep cut prevent sound experience almost outside middle discuss college already.,5
MTG-10201,PRJ-1098,2026-03-26,Architecture Review Board,10,Wish beautiful every human prove.,1
MTG-10202,PRJ-1099,2026-04-15,Architecture Review Board,5,Military say attention bed expect stop trip.,2
MTG-10203,PRJ-1100,2026-04-08,Steering Committee Sync,12,Difficult white lawyer identify above company media next.,0
MTG-10204,PRJ-1101,2026-04-27,Steering Committee Sync,12,Water sort what then spend offer reason whom none.,2
MTG-10205,PRJ-1102,2026-05-29,Financial Burn Review,12,Which learn leave only agree break attack plant yes.,6
MTG-10206,PRJ-1103,2026-05-18,Financial Burn Review,12,Son include good movie red enjoy expert human.,2
MTG-10207,PRJ-1104,2026-05-26,Security Audit Sync,10,Away use live government thus especially water raise travel.,0
MTG-10208,PRJ-1105,2026-04-26,Risk & Mitigation Board,5,Dog drug enter director strong student green.,0
MTG-10209,PRJ-1107,2026-05-30,Steering Committee Sync,11,Turn put professional pass share must.,0
MTG-10210,PRJ-1108,2026-03-03,Architecture Review Board,9,He firm together thing off ever consumer share memory huge.,3
MTG-10211,PRJ-1109,2026-05-27,Steering Committee Sync,13,Approach son long must maybe hour.,4
MTG-10212,PRJ-1111,2026-05-19,Financial Burn Review,6,Lead build million firm across purpose here.,3
MTG-10213,PRJ-1112,2026-03-10,Security Audit Sync,4,Party employee nature down likely party hand material decision.,1
MTG-10214,PRJ-1114,2026-05-21,Security Audit Sync,7,Half hundred late number without rather sport result sound.,1
MTG-10215,PRJ-1115,2026-05-03,Steering Committee Sync,6,Cultural son school list act instead care throw piece.,6
MTG-10216,PRJ-1116,2026-05-01,Security Audit Sync,8,Size feel no nothing huge real art sport live.,0
MTG-10217,PRJ-1117,2026-05-12,Steering Committee Sync,6,Seat employee growth newspaper special general in go quickly paper.,0
MTG-10218,PRJ-1118,2026-05-06,Sprint Review & Demo,5,Company sister great pull maintain say threat high expert place certain.,4
MTG-10219,PRJ-1119,2026-03-18,Sprint Review & Demo,11,Instead partner if trade bad gas finish president report.,1
MTG-10220,PRJ-1120,2026-05-09,Risk & Mitigation Board,7,Even know television guy only whole including contain age.,0
MTG-10221,PRJ-1122,2026-05-24,Sprint Review & Demo,14,Wait red bag cold billion as these nature.,0
MTG-10222,PRJ-1123,2026-03-01,Financial Burn Review,4,Model you billion peace base use hope director scene.,2
MTG-10223,PRJ-1124,2026-04-20,Risk & Mitigation Board,8,Capital stuff agreement professional team foot.,0
MTG-10224,PRJ-1125,2026-04-24,Sprint Review & Demo,8,Various nature career way much opportunity lead see theory itself policy.,0
MTG-10225,PRJ-1126,2026-05-01,Security Audit Sync,5,Loss dinner become film include choose action model serve.,0
MTG-10226,PRJ-1127,2026-03-14,Sprint Review & Demo,7,Light across two water local across involve fall.,2
MTG-10227,PRJ-1128,2026-03-25,Financial Burn Review,6,Nature country think join economic.,0
MTG-10228,PRJ-1129,2026-05-22,Security Audit Sync,4,Stock determine bad personal might son party really even.,3
MTG-10229,PRJ-1130,2026-05-14,Sprint Review & Demo,8,Speak include table consumer face PM pay evening performance could affect.,0
MTG-10230,PRJ-1131,2026-03-03,Financial Burn Review,9,Against win example by just account bed address describe inside size.,3
MTG-10231,PRJ-1132,2026-04-26,Steering Committee Sync,13,Less social form such weight argue simply author like.,2
MTG-10232,PRJ-1133,2026-03-21,Steering Committee Sync,13,Stage stock business should eat side kitchen scene.,5
MTG-10233,PRJ-1134,2026-03-02,Sprint Review & Demo,13,Same behind program decade home which view city rock seat.,0
MTG-10234,PRJ-1135,2026-05-02,Sprint Review & Demo,7,Education police cup thought tell design.,2
MTG-10235,PRJ-1136,2026-03-11,Security Audit Sync,8,Foot cold everybody build smile across among situation little other.,0
MTG-10236,PRJ-1138,2026-04-11,Steering Committee Sync,4,Eat matter rather full wide service.,2
MTG-10237,PRJ-1139,2026-03-05,Security Audit Sync,7,Popular red social call discussion word small series south.,0
MTG-10238,PRJ-1140,2026-04-19,Financial Burn Review,11,Again help right economy always religious next.,2
MTG-10239,PRJ-1141,2026-05-02,Architecture Review Board,13,Couple cost girl run every story trial never attention choice.,6
MTG-10240,PRJ-1142,2026-04-02,Steering Committee Sync,14,Must law simply media safe third people hair.,1
MTG-10241,PRJ-1143,2026-05-11,Sprint Review & Demo,9,Return probably much hold model marriage necessary party follow.,0
MTG-10242,PRJ-1144,2026-05-13,Risk & Mitigation Board,7,Benefit probably analysis visit condition all.,4
MTG-10243,PRJ-1145,2026-03-10,Financial Burn Review,10,Better number student price moment red eight.,0
MTG-10244,PRJ-1146,2026-04-10,Sprint Review & Demo,5,Responsibility actually TV pretty up story life police guess sea three state.,3
MTG-10245,PRJ-1147,2026-06-01,Risk & Mitigation Board,12,Statement entire American audience fight war.,0
MTG-10246,PRJ-1148,2026-06-21,Steering Committee Sync,9,Big discuss history cover prevent now.,4
MTG-10247,PRJ-1149,2026-06-19,Security Audit Sync,12,See indeed black police group learn professor third coach Congress husband.,1
MTG-10248,PRJ-1150,2026-04-07,Security Audit Sync,5,Move outside value total nearly you suddenly.,0
MTG-10249,PRJ-1002,2026-04-16,Architecture Review Board,5,Step food drive nation heart nearly season growth laugh where.,1
MTG-10250,PRJ-1004,2026-02-26,Risk & Mitigation Board,11,Work other military year few.,3
MTG-10251,PRJ-1006,2026-04-03,Financial Burn Review,8,Democrat fire sign wall state try memory.,6
MTG-10252,PRJ-1007,2026-05-05,Security Audit Sync,7,Choice also green catch happen old do specific begin hundred truth.,1
MTG-10253,PRJ-1008,2026-05-25,Financial Burn Review,8,Society common stay ready office traditional organization feel room.,4
MTG-10254,PRJ-1009,2026-05-06,Risk & Mitigation Board,5,Sister two free they its us.,0
MTG-10255,PRJ-1010,2026-03-12,Risk & Mitigation Board,9,Section support up plant place approach modern floor.,2
MTG-10256,PRJ-1011,2026-05-04,Steering Committee Sync,14,Maybe determine anything rule hotel knowledge organization measure develop.,0
MTG-10257,PRJ-1012,2026-04-01,Risk & Mitigation Board,5,Challenge from live seat nature energy huge its recently.,2
MTG-10258,PRJ-1013,2026-05-28,Risk & Mitigation Board,12,Nice maintain present cultural pattern save east author since food.,1
MTG-10259,PRJ-1014,2026-06-16,Security Audit Sync,5,Both including half couple general pretty.,6
MTG-10260,PRJ-1015,2026-05-29,Sprint Review & Demo,10,Write pattern wrong kind certainly and stand.,0
MTG-10261,PRJ-1016,2026-03-21,Risk & Mitigation Board,13,Choose rock beat science drug per challenge strategy explain.,2
MTG-10262,PRJ-1017,2026-04-08,Sprint Review & Demo,6,Figure likely forward science deep national.,2
MTG-10263,PRJ-1019,2026-05-27,Sprint Review & Demo,7,Low role center recognize adult on professional analysis color exist smile.,1
MTG-10264,PRJ-1020,2026-05-11,Architecture Review Board,13,Let war at produce production.,0
MTG-10265,PRJ-1021,2026-06-15,Risk & Mitigation Board,7,Ten affect test power discuss herself with between firm.,1
MTG-10266,PRJ-1024,2026-06-10,Risk & Mitigation Board,11,Because current whom night Republican always two figure majority season adult.,2
MTG-10267,PRJ-1026,2026-05-19,Architecture Review Board,13,Personal door within may speech personal these three spring.,2
MTG-10268,PRJ-1027,2026-03-01,Financial Burn Review,14,We difficult game hotel case role minute question their rather individual.,3
MTG-10269,PRJ-1029,2026-05-05,Risk & Mitigation Board,11,Wife travel forget my deal catch must son television finally.,1
MTG-10270,PRJ-1030,2026-05-21,Security Audit Sync,10,Travel involve training show prevent north citizen attack mouth rest contain.,5
MTG-10271,PRJ-1031,2026-06-06,Risk & Mitigation Board,8,Risk she they increase in kitchen value.,2
MTG-10272,PRJ-1032,2026-06-13,Steering Committee Sync,5,Charge could capital ago worry pay paper partner.,1
MTG-10273,PRJ-1033,2026-05-08,Sprint Review & Demo,11,Reach grow read live maybe painting Republican hear.,3
MTG-10274,PRJ-1034,2026-06-08,Risk & Mitigation Board,14,Listen clearly difficult impact why understand wear development provide dark.,2
MTG-10275,PRJ-1035,2026-03-22,Steering Committee Sync,5,Until worry term majority foot leader east.,1
MTG-10276,PRJ-1036,2026-04-15,Security Audit Sync,5,Part station result hour voice.,0
MTG-10277,PRJ-1038,2026-05-05,Risk & Mitigation Board,4,Modern then skin minute later still amount yet million how same.,2
MTG-10278,PRJ-1039,2026-05-03,Steering Committee Sync,13,Share while couple keep this similar experience coach family try ready.,4
MTG-10279,PRJ-1040,2026-06-14,Security Audit Sync,6,Stop later reveal both single visit receive career including late.,1
MTG-10280,PRJ-1041,2026-03-19,Architecture Review Board,13,To time think bed food possible represent clearly run before relationship plant.,2
MTG-10281,PRJ-1043,2026-03-08,Sprint Review & Demo,14,Risk window partner civil nearly analysis color friend the.,0
MTG-10282,PRJ-1044,2026-06-09,Financial Burn Review,11,Than condition Republican information finally shoulder land.,4
MTG-10283,PRJ-1045,2026-05-12,Steering Committee Sync,14,Together whether about she activity marriage.,3
MTG-10284,PRJ-1047,2026-04-26,Risk & Mitigation Board,12,Part management describe process law.,1
MTG-10285,PRJ-1048,2026-04-20,Architecture Review Board,9,Outside each natural people newspaper stay any challenge president already take project.,2
MTG-10286,PRJ-1050,2026-06-06,Financial Burn Review,4,Former because board year claim expect produce record.,2
MTG-10287,PRJ-1051,2026-05-05,Sprint Review & Demo,5,Concern lay often use behavior federal happy her attack interview nearly.,1
MTG-10288,PRJ-1052,2026-04-02,Risk & Mitigation Board,9,Business teacher forget including decide decade.,4
MTG-10289,PRJ-1053,2026-03-04,Risk & Mitigation Board,11,Role pick would low read value worry expert participant first moment.,1
MTG-10290,PRJ-1054,2026-06-25,Sprint Review & Demo,6,Until pass market role marriage space this discussion fact.,1
MTG-10291,PRJ-1055,2026-03-21,Financial Burn Review,8,Agency personal brother summer son yourself.,2
MTG-10292,PRJ-1056,2026-04-16,Security Audit Sync,11,Glass south defense political real effort attack feel nearly.,0
MTG-10293,PRJ-1057,2026-05-29,Risk & Mitigation Board,8,Rate game right pattern ahead compare.,0
MTG-10294,PRJ-1059,2026-04-06,Security Audit Sync,11,Two look listen along career choice leave tend time.,4
MTG-10295,PRJ-1060,2026-04-22,Sprint Review & Demo,14,Until argue minute north question new affect officer forward trouble.,2
MTG-10296,PRJ-1062,2026-06-01,Risk & Mitigation Board,12,Wide exactly all worker phone success.,2
MTG-10297,PRJ-1063,2026-05-05,Security Audit Sync,13,Cost bring site final tax report even beautiful theory.,2
MTG-10298,PRJ-1064,2026-04-11,Risk & Mitigation Board,12,Democratic few born size sing tree kitchen agent.,1
MTG-10299,PRJ-1065,2026-04-24,Steering Committee Sync,4,Child future low them financial force show better word might yeah.,2
MTG-10300,PRJ-1066,2026-03-22,Risk & Mitigation Board,11,Least require mission about usually.,1
MTG-10301,PRJ-1067,2026-05-19,Financial Burn Review,13,The four threat billion she seat against serve police decide customer expert.,4
MTG-10302,PRJ-1068,2026-04-30,Security Audit Sync,8,Provide evening church boy when nice bill my near even.,1
MTG-10303,PRJ-1071,2026-06-19,Architecture Review Board,4,Off commercial find throughout music anything ahead tough.,1
MTG-10304,PRJ-1072,2026-03-04,Financial Burn Review,6,Approach interview condition other or structure record pattern fine.,0
MTG-10305,PRJ-1073,2026-06-04,Architecture Review Board,13,Bad type share nothing behavior sort recognize best financial popular short.,3
MTG-10306,PRJ-1074,2026-04-23,Sprint Review & Demo,9,Century time election guy contain true form.,2
MTG-10307,PRJ-1076,2026-06-09,Risk & Mitigation Board,10,Law air little goal leave color should page camera.,0
MTG-10308,PRJ-1077,2026-03-10,Architecture Review Board,10,For power society mouth husband including.,3
MTG-10309,PRJ-1079,2026-05-11,Architecture Review Board,14,City lot at decade really issue woman note garden reason community.,0
MTG-10310,PRJ-1080,2026-05-17,Steering Committee Sync,7,Student boy other foot best knowledge final image our rate others.,2
MTG-10311,PRJ-1081,2026-06-04,Security Audit Sync,13,Management produce bed stage thought tough player a chair.,1
MTG-10312,PRJ-1083,2026-03-15,Sprint Review & Demo,5,Factor past language day theory feel some quickly truth view response.,6
MTG-10313,PRJ-1084,2026-06-15,Architecture Review Board,9,Old particularly member summer system artist.,1
MTG-10314,PRJ-1085,2026-06-14,Steering Committee Sync,12,A nice without body executive.,0
MTG-10315,PRJ-1088,2026-03-01,Architecture Review Board,11,Reduce hour fish him high nation production little could his.,0
MTG-10316,PRJ-1089,2026-06-16,Security Audit Sync,13,Child young prove care author administration return main join wrong.,1
MTG-10317,PRJ-1090,2026-03-08,Financial Burn Review,8,Team throw receive us perhaps lawyer interest star his difficult.,4
MTG-10318,PRJ-1091,2026-04-17,Sprint Review & Demo,11,Official suggest door maybe improve.,6
MTG-10319,PRJ-1092,2026-05-02,Financial Burn Review,9,Almost also low happy oil which bag room money.,0
MTG-10320,PRJ-1093,2026-06-09,Risk & Mitigation Board,10,Let back three because line score whether back.,2
MTG-10321,PRJ-1094,2026-05-13,Architecture Review Board,5,Fine apply gas sing light mention light safe inside whether sometimes eye.,5
MTG-10322,PRJ-1095,2026-03-02,Risk & Mitigation Board,14,See risk nor article list college appear wrong speak person expert bar.,0
MTG-10323,PRJ-1096,2026-04-27,Steering Committee Sync,11,Edge past every either scientist page travel school.,3
MTG-10324,PRJ-1097,2026-05-16,Financial Burn Review,9,Space end red machine son television garden base certain.,6
MTG-10325,PRJ-1098,2026-06-18,Steering Committee Sync,8,Study sell include himself produce rise cold.,2
MTG-10326,PRJ-1099,2026-05-06,Architecture Review Board,7,Approach enough standard apply less live live way two.,4
MTG-10327,PRJ-1100,2026-03-26,Risk & Mitigation Board,5,Listen certain that activity until large question which raise.,2
MTG-10328,PRJ-1101,2026-03-02,Financial Burn Review,8,Pm what it truth teach friend environment better pressure hospital significant.,2
MTG-10329,PRJ-1102,2026-05-26,Architecture Review Board,8,Side mind question year finish action across attack in moment rate goal.,1
MTG-10330,PRJ-1103,2026-05-24,Financial Burn Review,7,Cover agency begin voice prevent structure wear point.,1
MTG-10331,PRJ-1104,2026-05-21,Financial Burn Review,5,Beat painting heavy shake possible sort.,2
MTG-10332,PRJ-1105,2026-03-20,Security Audit Sync,5,Receive education level view police two.,2
MTG-10333,PRJ-1107,2026-03-31,Financial Burn Review,8,Realize property show either sit everyone artist home you election.,1
MTG-10334,PRJ-1108,2026-06-03,Sprint Review & Demo,12,Key man up particular condition man century.,5
MTG-10335,PRJ-1109,2026-05-29,Risk & Mitigation Board,7,Pass blood kid else alone audience road.,4
MTG-10336,PRJ-1111,2026-05-30,Architecture Review Board,14,To chance policy usually professor.,1
MTG-10337,PRJ-1112,2026-03-29,Architecture Review Board,8,Toward off middle vote make job such sit size.,2
MTG-10338,PRJ-1114,2026-05-01,Risk & Mitigation Board,12,His ready sister building movement.,6
MTG-10339,PRJ-1115,2026-06-24,Architecture Review Board,10,Radio hundred place where before movement which ball least.,2
MTG-10340,PRJ-1116,2026-05-28,Risk & Mitigation Board,13,Computer always his course receive to piece.,1
MTG-10341,PRJ-1117,2026-04-10,Financial Burn Review,14,Those just country along agent you.,1
MTG-10342,PRJ-1118,2026-03-26,Financial Burn Review,4,As music film move strong last yet already argue.,2
MTG-10343,PRJ-1119,2026-05-31,Security Audit Sync,12,If deep president mission vote.,6
MTG-10344,PRJ-1120,2026-06-10,Steering Committee Sync,11,Chance often under already center president likely truth animal red candidate.,2
MTG-10345,PRJ-1122,2026-03-18,Steering Committee Sync,11,Toward star best particularly structure.,2
MTG-10346,PRJ-1123,2026-03-05,Architecture Review Board,12,Box organization past as dark front.,2
MTG-10347,PRJ-1124,2026-06-06,Financial Burn Review,13,Food wish office case student soldier share or friend.,1
MTG-10348,PRJ-1125,2026-03-12,Security Audit Sync,4,Serious collection have close during old card.,2
MTG-10349,PRJ-1126,2026-05-31,Financial Burn Review,9,Partner sing administration main according conference become prepare thought indicate southern significant.,0
MTG-10350,PRJ-1127,2026-05-20,Risk & Mitigation Board,7,Central even late dream company reality other.,0
MTG-10351,PRJ-1128,2026-05-23,Steering Committee Sync,14,Wear physical site girl above dog brother morning believe gun seven music.,2
MTG-10352,PRJ-1129,2026-03-24,Architecture Review Board,10,Process everybody create someone rate why listen computer prove amount population expect.,4
MTG-10353,PRJ-1130,2026-04-19,Architecture Review Board,14,Pattern three law bit appear Mr citizen ahead method.,0
MTG-10354,PRJ-1131,2026-03-06,Steering Committee Sync,8,Return or for cup quality for single for.,4
MTG-10355,PRJ-1132,2026-03-09,Architecture Review Board,6,Thank heart determine likely machine three certain until lawyer hold.,2
MTG-10356,PRJ-1133,2026-03-14,Architecture Review Board,13,Place wish dark camera realize arrive carry.,6
MTG-10357,PRJ-1134,2026-06-08,Steering Committee Sync,7,Industry set detail far church some well town official need.,1
MTG-10358,PRJ-1135,2026-03-25,Sprint Review & Demo,7,Tax majority yet option student evidence role save east force.,0
MTG-10359,PRJ-1136,2026-05-06,Sprint Review & Demo,8,Watch trial together individual analysis yard safe mean international hour special recent.,0
MTG-10360,PRJ-1138,2026-03-09,Risk & Mitigation Board,12,Drive next actually rule wear car fast positive before look fight.,1
MTG-10361,PRJ-1139,2026-05-21,Risk & Mitigation Board,14,Section agency lawyer sign them if smile have less plant team.,1
MTG-10362,PRJ-1140,2026-03-06,Sprint Review & Demo,6,Most fast send recently partner offer debate range per.,0
MTG-10363,PRJ-1141,2026-04-07,Architecture Review Board,4,Method travel hair appear him let.,2
MTG-10364,PRJ-1142,2026-03-02,Architecture Review Board,14,Compare next attack remember daughter wonder draw box long.,1
MTG-10365,PRJ-1143,2026-06-18,Financial Burn Review,14,That reflect send set fly today me institution approach health laugh may.,0
MTG-10366,PRJ-1144,2026-06-05,Sprint Review & Demo,11,Report question mouth factor per son war speak wait assume.,6
MTG-10367,PRJ-1145,2026-06-13,Sprint Review & Demo,5,Beautiful hospital condition when baby clearly born challenge character daughter.,0
MTG-10368,PRJ-1146,2026-06-20,Architecture Review Board,8,Fall wide must car get.,5
MTG-10369,PRJ-1147,2026-04-20,Sprint Review & Demo,9,Factor as the discussion water.,1
MTG-10370,PRJ-1148,2026-05-14,Security Audit Sync,5,Official pretty skin main program morning nature leader note together.,6
MTG-10371,PRJ-1149,2026-04-03,Risk & Mitigation Board,6,Dinner head explain suddenly chance expect what peace.,2
MTG-10372,PRJ-1150,2026-03-17,Steering Committee Sync,13,Expect win stuff realize project child draw American first call employee.,0
MTG-10373,PRJ-1002,2026-03-20,Security Audit Sync,5,Religious program within challenge large wish move building agent use shoulder.,2
MTG-10374,PRJ-1004,2026-06-19,Financial Burn Review,13,Choose wife national medical positive far time wide senior.,6
MTG-10375,PRJ-1006,2026-06-25,Financial Burn Review,11,Son rock two full both look always.,3
MTG-10376,PRJ-1007,2026-05-18,Sprint Review & Demo,13,Final husband subject land begin area.,0
MTG-10377,PRJ-1008,2026-05-13,Sprint Review & Demo,9,Money sit short cultural base support quality whatever wish hour make owner.,3
MTG-10378,PRJ-1009,2026-04-28,Financial Burn Review,10,Training guess challenge take hard health.,2
MTG-10379,PRJ-1010,2026-04-01,Security Audit Sync,7,Final knowledge night democratic thousand score indeed kind clearly.,2
MTG-10380,PRJ-1011,2026-05-24,Risk & Mitigation Board,6,Rock increase structure our century field write moment friend value.,0
MTG-10381,PRJ-1012,2026-05-07,Sprint Review & Demo,7,Because important trial increase new report sense carry control.,0
MTG-10382,PRJ-1013,2026-04-12,Architecture Review Board,10,Make state few one management science different social child feel policy.,1
MTG-10383,PRJ-1014,2026-05-13,Architecture Review Board,4,President throughout individual man reach each.,5
MTG-10384,PRJ-1015,2026-03-12,Risk & Mitigation Board,9,Manage wife out gun lose job election rather.,2
MTG-10385,PRJ-1016,2026-06-22,Security Audit Sync,9,Health run adult employee ok certainly.,0
MTG-10386,PRJ-1017,2026-04-22,Financial Burn Review,11,Group apply guess player western any.,1
MTG-10387,PRJ-1019,2026-04-01,Security Audit Sync,8,Message short consumer behind sell myself.,0
MTG-10388,PRJ-1020,2026-06-10,Steering Committee Sync,11,Even recently guy move goal century carry example.,1
MTG-10389,PRJ-1021,2026-05-30,Security Audit Sync,8,Future treat bill choice determine could today party story moment.,3
MTG-10390,PRJ-1024,2026-04-30,Sprint Review & Demo,13,Reduce sort individual trouble bring capital admit give reality catch kind.,2
MTG-10391,PRJ-1026,2026-06-24,Sprint Review & Demo,14,Shake garden report agreement sport develop task central dinner by candidate.,2
MTG-10392,PRJ-1027,2026-03-07,Sprint Review & Demo,14,Back simple serious amount blue soldier.,6
MTG-10393,PRJ-1029,2026-04-28,Steering Committee Sync,12,Light training analysis feeling act benefit.,1
MTG-10394,PRJ-1030,2026-03-12,Risk & Mitigation Board,14,Day top continue goal before suffer walk we girl civil may rock.,3
MTG-10395,PRJ-1031,2026-03-27,Security Audit Sync,14,Attention standard shake more respond who commercial senior above rise under.,1
MTG-10396,PRJ-1032,2026-06-16,Sprint Review & Demo,7,Hand operation keep whatever Congress great here Democrat dinner both.,2
MTG-10397,PRJ-1033,2026-06-24,Risk & Mitigation Board,4,Letter mind many guess explain reveal.,4
MTG-10398,PRJ-1034,2026-03-07,Risk & Mitigation Board,8,Break exist outside find wish know network fact talk country attorney.,3
MTG-10399,PRJ-1035,2026-06-06,Sprint Review & Demo,8,Voice happen actually purpose public how mission put budget house.,2
MTG-10400,PRJ-1036,2026-05-20,Steering Committee Sync,11,Scientist throughout collection hair current customer.,0
MTG-10401,PRJ-1038,2026-06-07,Security Audit Sync,14,But study rise everything require old event smile popular.,1
MTG-10402,PRJ-1039,2026-04-15,Risk & Mitigation Board,8,Project wear would memory challenge lawyer business majority discuss wall.,1
MTG-10403,PRJ-1040,2026-03-01,Sprint Review & Demo,11,Store marriage ago condition painting.,1
MTG-10404,PRJ-1041,2026-04-06,Security Audit Sync,9,Perform benefit baby seem should society dark product.,1
MTG-10405,PRJ-1043,2026-04-25,Security Audit Sync,5,My special music adult shake wrong they budget.,1
MTG-10406,PRJ-1044,2026-04-21,Steering Committee Sync,8,Kind along computer process single those clearly issue fine.,6
MTG-10407,PRJ-1045,2026-04-13,Financial Burn Review,9,Notice make network much like no.,1
MTG-10408,PRJ-1047,2026-03-16,Risk & Mitigation Board,12,Hot manager wife pay good within.,2
MTG-10409,PRJ-1048,2026-04-05,Security Audit Sync,11,Opportunity campaign hand special once.,1
MTG-10410,PRJ-1050,2026-05-28,Security Audit Sync,4,Game best generation group goal product easy possible or travel assume figure.,0
MTG-10411,PRJ-1051,2026-04-07,Security Audit Sync,6,Mrs also price institution method.,2
MTG-10412,PRJ-1052,2026-04-17,Security Audit Sync,14,Receive onto worry help hope.,4
MTG-10413,PRJ-1053,2026-05-05,Steering Committee Sync,10,Beyond push from me share fund pass guy job market.,0
MTG-10414,PRJ-1054,2026-06-07,Steering Committee Sync,8,Subject movie explain answer you I.,6
MTG-10415,PRJ-1055,2026-03-25,Architecture Review Board,5,Response official option event note most.,2
MTG-10416,PRJ-1056,2026-04-18,Sprint Review & Demo,7,Somebody prepare few sound item music customer I person.,0
MTG-10417,PRJ-1057,2026-04-21,Financial Burn Review,14,Congress affect reflect television officer defense while score level view mouth.,2
MTG-10418,PRJ-1059,2026-05-10,Steering Committee Sync,14,Various risk art customer leg drive second she such improve.,5
MTG-10419,PRJ-1060,2026-06-09,Risk & Mitigation Board,11,Plant suffer environment expert civil rather.,1
MTG-10420,PRJ-1062,2026-03-26,Risk & Mitigation Board,6,Box court early still less nice job positive.,2
MTG-10421,PRJ-1063,2026-03-02,Architecture Review Board,14,Evening ahead smile everyone nearly popular amount.,0
MTG-10422,PRJ-1064,2026-05-23,Financial Burn Review,8,Area to finish fear as.,1
MTG-10423,PRJ-1065,2026-06-20,Steering Committee Sync,10,Public though however style successful door number matter building.,0
MTG-10424,PRJ-1066,2026-05-16,Architecture Review Board,10,Wear use edge this draw business southern forget once hope security door.,0
MTG-10425,PRJ-1067,2026-04-17,Risk & Mitigation Board,7,Blood degree ever impact television argue mouth.,5
MTG-10426,PRJ-1068,2026-05-20,Sprint Review & Demo,12,First interest radio white these view.,0
MTG-10427,PRJ-1071,2026-04-10,Security Audit Sync,14,Start again whom paper success production wait real small.,5
MTG-10428,PRJ-1072,2026-03-26,Steering Committee Sync,11,His police red total rate movement door kind account whether until.,0
MTG-10429,PRJ-1073,2026-06-16,Steering Committee Sync,6,Bed state dog decision three trouble place these.,3
MTG-10430,PRJ-1074,2026-05-29,Sprint Review & Demo,13,Smile ever bag single man say unit four institution truth.,1
MTG-10431,PRJ-1076,2026-03-10,Risk & Mitigation Board,8,Recognize media goal own spend scene law.,2
MTG-10432,PRJ-1077,2026-03-01,Steering Committee Sync,9,Political contain kitchen political able.,1
MTG-10433,PRJ-1079,2026-03-22,Steering Committee Sync,5,Finish bank citizen might wide store shake suggest.,2
MTG-10434,PRJ-1080,2026-05-19,Sprint Review & Demo,12,Later them card community or foreign example base happen.,6
MTG-10435,PRJ-1081,2026-04-14,Risk & Mitigation Board,14,War this difference way type positive phone trade wind.,1
MTG-10436,PRJ-1083,2026-03-21,Risk & Mitigation Board,7,Anyone peace outside chance when color note.,1
MTG-10437,PRJ-1084,2026-02-27,Security Audit Sync,7,Itself turn law purpose budget require course technology site explain management.,2
MTG-10438,PRJ-1085,2026-03-13,Architecture Review Board,11,Outside yet executive quality industry impact certainly.,1
MTG-10439,PRJ-1088,2026-04-01,Risk & Mitigation Board,10,Dog late eat old positive beat light the.,0
MTG-10440,PRJ-1089,2026-06-22,Steering Committee Sync,7,Rather require remain save eight believe arrive four dog.,2
MTG-10441,PRJ-1090,2026-06-14,Architecture Review Board,14,Vote whose our security animal effect people few house he whose nice.,6
MTG-10442,PRJ-1091,2026-05-06,Steering Committee Sync,6,College manage fund life bed report item employee.,4
MTG-10443,PRJ-1092,2026-04-04,Risk & Mitigation Board,4,Material wind exactly guess involve total.,0
MTG-10444,PRJ-1093,2026-03-29,Architecture Review Board,7,Might job close say man wear new type.,1
MTG-10445,PRJ-1094,2026-05-13,Financial Burn Review,7,Apply chance discover along employee relationship job yet until American.,4
MTG-10446,PRJ-1095,2026-04-09,Architecture Review Board,14,Magazine manage suffer term buy behavior test Congress collection meet evening.,2
MTG-10447,PRJ-1096,2026-06-12,Security Audit Sync,5,Defense your above short Congress turn east marriage behind forget expect wonder.,4
MTG-10448,PRJ-1097,2026-03-12,Sprint Review & Demo,6,Opportunity week student child ball store process law western.,4
MTG-10449,PRJ-1098,2026-05-08,Architecture Review Board,10,Forget analysis performance laugh water.,2
MTG-10450,PRJ-1099,2026-06-25,Security Audit Sync,10,Can tell soon executive sometimes season natural own begin effort drive.,2
MTG-10451,PRJ-1100,2026-05-29,Security Audit Sync,13,Become system clear single expect sell pressure building make.,1
MTG-10452,PRJ-1101,2026-04-18,Architecture Review Board,5,Tough page grow benefit happen customer knowledge hold.,1
MTG-10453,PRJ-1102,2026-03-30,Financial Burn Review,4,Institution series specific pass its international American game less difference rather choice.,1
MTG-10454,PRJ-1103,2026-04-26,Architecture Review Board,11,Positive base life bad soon feel worker range feel eat into notice.,0
MTG-10455,PRJ-1104,2026-05-03,Architecture Review Board,14,Message member including let result.,2
MTG-10456,PRJ-1105,2026-06-03,Financial Burn Review,4,Effort bank me box product conference consider hotel bar.,2
MTG-10457,PRJ-1107,2026-06-11,Sprint Review & Demo,12,Finish right serious last space game truth special.,1
MTG-10458,PRJ-1108,2026-03-23,Financial Burn Review,8,Section page the blood move accept.,4
MTG-10459,PRJ-1109,2026-03-12,Risk & Mitigation Board,9,Pretty least if price season rise field.,6
MTG-10460,PRJ-1111,2026-06-03,Steering Committee Sync,4,Guess purpose real house few by add born administration wife teacher decide.,5
MTG-10461,PRJ-1112,2026-05-14,Financial Burn Review,8,Job personal so course feeling leg listen against.,0
MTG-10462,PRJ-1114,2026-03-17,Steering Committee Sync,11,School knowledge machine after last drug far.,5
MTG-10463,PRJ-1115,2026-06-05,Architecture Review Board,6,Anything account piece require woman support say other never.,4
MTG-10464,PRJ-1116,2026-04-01,Sprint Review & Demo,12,Hundred message right very toward test discussion art affect office.,1
MTG-10465,PRJ-1117,2026-05-03,Risk & Mitigation Board,8,Throughout individual list manager voice get recently again.,0
MTG-10466,PRJ-1118,2026-04-01,Sprint Review & Demo,4,Light just medical onto rate two table.,3
MTG-10467,PRJ-1119,2026-05-22,Steering Committee Sync,8,Capital fall represent where strategy pull same somebody son suddenly.,4
MTG-10468,PRJ-1120,2026-05-11,Security Audit Sync,10,Real beat lot community choose man soldier wall.,1
MTG-10469,PRJ-1122,2026-04-26,Architecture Review Board,13,Decide another adult thing ground city still thus.,1
MTG-10470,PRJ-1123,2026-03-01,Architecture Review Board,9,Front box dinner no main year.,2
MTG-10471,PRJ-1124,2026-05-31,Risk & Mitigation Board,9,Show news to table them.,0
MTG-10472,PRJ-1125,2026-05-09,Security Audit Sync,6,Relationship unit just lead success book.,1
MTG-10473,PRJ-1126,2026-03-10,Financial Burn Review,14,Participant teach big none medical cold brother day gun rock remain seven.,2
MTG-10474,PRJ-1127,2026-04-26,Risk & Mitigation Board,7,Child hair standard but dark wide.,0
MTG-10475,PRJ-1128,2026-05-29,Steering Committee Sync,7,Early speak game measure be.,0
MTG-10476,PRJ-1129,2026-04-11,Steering Committee Sync,11,Guess professor charge send instead direction soon including important learn.,1
MTG-10477,PRJ-1130,2026-06-08,Architecture Review Board,11,Want kind show response military attorney full I sign.,0
MTG-10478,PRJ-1131,2026-04-19,Risk & Mitigation Board,11,Service produce political total around place require produce mind.,1
MTG-10479,PRJ-1132,2026-04-02,Sprint Review & Demo,9,Though red them return finish general still too particular.,1
MTG-10480,PRJ-1133,2026-03-15,Security Audit Sync,11,Land day name small present recently thought sit identify.,5
MTG-10481,PRJ-1134,2026-03-21,Risk & Mitigation Board,5,Base Mr hope rest they minute must degree.,1
MTG-10482,PRJ-1135,2026-04-28,Security Audit Sync,5,Miss serious civil agreement someone or drop similar.,0
MTG-10483,PRJ-1136,2026-05-24,Architecture Review Board,7,Book art health phone great answer prepare by fear say law.,0
MTG-10484,PRJ-1138,2026-06-23,Architecture Review Board,6,Not thus physical mouth other go expect size resource public research mind.,0
MTG-10485,PRJ-1139,2026-03-27,Security Audit Sync,8,Might court sing lawyer chair international include begin interesting.,2
MTG-10486,PRJ-1140,2026-03-13,Financial Burn Review,13,Land hard moment open million house enough.,2
MTG-10487,PRJ-1141,2026-04-26,Steering Committee Sync,4,You ready way rule indicate clear media machine leader whose.,5
MTG-10488,PRJ-1142,2026-04-28,Financial Burn Review,6,Brother defense list second want hard weight own impact building occur.,2
MTG-10489,PRJ-1143,2026-03-02,Risk & Mitigation Board,7,Brother figure hear family agreement central six.,0
MTG-10490,PRJ-1144,2026-04-17,Risk & Mitigation Board,5,Threat democratic standard major business give that individual.,6
MTG-10491,PRJ-1145,2026-05-05,Architecture Review Board,8,Laugh full help strong street car catch PM seven project chance.,0
MTG-10492,PRJ-1146,2026-05-24,Security Audit Sync,5,Son professor important do house must.,6
MTG-10493,PRJ-1147,2026-06-20,Risk & Mitigation Board,13,Save position tend religious occur someone religious night buy nice.,1
MTG-10494,PRJ-1148,2026-03-21,Sprint Review & Demo,6,My serious whatever miss seek me affect probably mother while ever day.,3
MTG-10495,PRJ-1149,2026-06-05,Sprint Review & Demo,11,Know southern parent I and technology age join increase teacher fish either.,0
MTG-10496,PRJ-1150,2026-03-11,Security Audit Sync,11,My experience consumer shoulder child weight.,2
MTG-10497,PRJ-1002,2026-05-18,Risk & Mitigation Board,8,Pass foot agree around hope floor.,2
MTG-10498,PRJ-1004,2026-04-16,Financial Burn Review,4,Election walk tonight appear dream others door meet mean.,6
MTG-10499,PRJ-1006,2026-06-19,Architecture Review Board,14,Art let imagine machine imagine do though especially.,1
MTG-10500,PRJ-1007,2026-06-21,Financial Burn Review,9,East never size fight image base.,1
MTG-10501,PRJ-1008,2026-05-13,Security Audit Sync,13,Situation central music collection early weight which.,6
MTG-10502,PRJ-1009,2026-05-03,Steering Committee Sync,4,A let stop eye will.,0
MTG-10503,PRJ-1010,2026-02-26,Security Audit Sync,9,Event economy quite yourself successful defense subject example claim move.,1
MTG-10504,PRJ-1011,2026-03-06,Sprint Review & Demo,5,House but cause news evidence it.,2
MTG-10505,PRJ-1012,2026-05-10,Financial Burn Review,10,This war play woman remain event production focus decision.,2
MTG-10506,PRJ-1013,2026-06-21,Sprint Review & Demo,8,Administration reality position ability live top pull including time.,1
MTG-10507,PRJ-1014,2026-05-21,Steering Committee Sync,10,Mrs skin power back all story public public good.,2
MTG-10508,PRJ-1015,2026-06-03,Sprint Review & Demo,7,Group concern should recent across leg view know develop after exactly TV.,0
MTG-10509,PRJ-1016,2026-04-09,Steering Committee Sync,10,Staff personal space determine woman whose.,1
MTG-10510,PRJ-1017,2026-03-02,Architecture Review Board,14,Toward religious decide cultural start how thank notice management necessary process.,2
MTG-10511,PRJ-1019,2026-05-04,Steering Committee Sync,8,North assume campaign assume employee now direction mission site court question yeah.,0
MTG-10512,PRJ-1020,2026-05-20,Risk & Mitigation Board,8,Pass quite third ability interview pull practice take follow such imagine.,1
MTG-10513,PRJ-1021,2026-03-12,Security Audit Sync,6,Level guess service this different everyone information large accept create bank.,5
MTG-10514,PRJ-1024,2026-05-05,Architecture Review Board,5,Wrong difficult ready when true.,2
MTG-10515,PRJ-1026,2026-03-21,Architecture Review Board,7,Financial personal benefit lose space or phone free economy.,2
MTG-10516,PRJ-1027,2026-03-10,Risk & Mitigation Board,10,When strategy start mind door authority outside just.,4
MTG-10517,PRJ-1029,2026-03-09,Risk & Mitigation Board,13,Often beat art almost finish summer assume camera try kind.,1
MTG-10518,PRJ-1030,2026-04-03,Financial Burn Review,5,It big argue appear sure I pay in ten skin perhaps law.,4
MTG-10519,PRJ-1031,2026-04-22,Risk & Mitigation Board,13,They people fund visit situation law foreign court bill organization.,1
MTG-10520,PRJ-1032,2026-03-06,Steering Committee Sync,14,Toward call meeting green loss per control.,1
MTG-10521,PRJ-1033,2026-03-14,Risk & Mitigation Board,4,Art find job where senior.,1
MTG-10522,PRJ-1034,2026-04-04,Financial Burn Review,11,Simply challenge final garden hard account only question arm medical strong.,3
MTG-10523,PRJ-1035,2026-06-09,Security Audit Sync,14,Gas with policy cut attention country little reality level realize.,2
MTG-10524,PRJ-1036,2026-06-08,Security Audit Sync,6,White pattern industry class lawyer smile among detail about development discover.,2
MTG-10525,PRJ-1038,2026-05-11,Risk & Mitigation Board,14,Lose shoulder spring southern heavy hundred step according.,2
MTG-10526,PRJ-1039,2026-02-27,Security Audit Sync,5,Air boy fact create one she analysis ahead cup.,5
MTG-10527,PRJ-1040,2026-03-18,Architecture Review Board,10,Responsibility fund never condition again successful treat again.,1
MTG-10528,PRJ-1041,2026-05-18,Sprint Review & Demo,8,Pressure those full decision lay hard head commercial money.,1
MTG-10529,PRJ-1043,2026-06-01,Steering Committee Sync,14,Think there assume certain under some court her hear outside with each.,0
MTG-10530,PRJ-1044,2026-03-03,Architecture Review Board,12,Onto take family chance easy picture evidence call meet once major road.,2
MTG-10531,PRJ-1045,2026-05-31,Risk & Mitigation Board,13,Ask meet seem population meeting material less focus hear reason resource manager.,3
MTG-10532,PRJ-1047,2026-03-30,Sprint Review & Demo,5,Point so power debate thus later doctor despite interesting.,2
MTG-10533,PRJ-1048,2026-04-12,Sprint Review & Demo,5,Very hear nearly care base know goal.,2
MTG-10534,PRJ-1050,2026-05-07,Financial Burn Review,10,Mention from later it happen marriage event agent kid enter.,1
MTG-10535,PRJ-1051,2026-03-07,Sprint Review & Demo,14,Family maybe national back everybody direction.,1
MTG-10536,PRJ-1052,2026-03-12,Security Audit Sync,8,Although customer cultural forget few spring raise ever relationship.,5
MTG-10537,PRJ-1053,2026-06-25,Architecture Review Board,13,Treatment across federal state situation identify if oil pretty line mention.,1
MTG-10538,PRJ-1054,2026-05-28,Sprint Review & Demo,4,Tend dinner rich decide do only need.,5
MTG-10539,PRJ-1055,2026-04-23,Sprint Review & Demo,14,Future beat suffer investment walk individual just table air catch.,2
MTG-10540,PRJ-1056,2026-06-10,Risk & Mitigation Board,6,Wall act special strong fund industry rate idea.,0
MTG-10541,PRJ-1057,2026-05-30,Risk & Mitigation Board,5,Federal only nothing allow cause with yes nothing sometimes trial off.,0
MTG-10542,PRJ-1059,2026-04-13,Risk & Mitigation Board,8,Daughter hospital move could board notice later thus behavior.,6
MTG-10543,PRJ-1060,2026-03-10,Architecture Review Board,11,Concern step owner agree current treat history day fact modern lawyer.,2
MTG-10544,PRJ-1062,2026-04-11,Security Audit Sync,13,Commercial teacher improve church book.,1
MTG-10545,PRJ-1063,2026-05-01,Architecture Review Board,6,Sea home tough deal that finally stand professor city offer.,1
MTG-10546,PRJ-1064,2026-04-04,Steering Committee Sync,5,Maybe range every account central ask human.,0
MTG-10547,PRJ-1065,2026-06-02,Security Audit Sync,8,Forget notice make leg although before position try get successful society.,2
MTG-10548,PRJ-1066,2026-04-13,Security Audit Sync,10,Indeed conference pay it his probably recognize.,0
MTG-10549,PRJ-1067,2026-03-09,Financial Burn Review,4,Dream that event physical factor.,1
MTG-10550,PRJ-1068,2026-06-15,Risk & Mitigation Board,4,Training in seven building hard sense mean.,0
MTG-10551,PRJ-1071,2026-05-30,Steering Committee Sync,11,Late education media left available reason see high second talk.,6
MTG-10552,PRJ-1072,2026-04-14,Risk & Mitigation Board,10,Economy remember carry prove less.,2
MTG-10553,PRJ-1073,2026-04-22,Security Audit Sync,13,Nature drug wear cell star success.,6
MTG-10554,PRJ-1074,2026-03-18,Security Audit Sync,8,Parent concern buy scientist collection.,1
MTG-10555,PRJ-1076,2026-05-17,Financial Burn Review,9,Quality child group describe alone.,2
MTG-10556,PRJ-1077,2026-05-18,Security Audit Sync,14,Kind answer play mission production process bill.,6
MTG-10557,PRJ-1079,2026-05-19,Risk & Mitigation Board,5,Appear above significant short up hear draw before instead writer.,1
MTG-10558,PRJ-1080,2026-04-07,Steering Committee Sync,4,Quite as when benefit structure professional right.,2
MTG-10559,PRJ-1081,2026-03-03,Steering Committee Sync,4,Blue force no couple debate must voice building degree ground community.,0
MTG-10560,PRJ-1083,2026-04-15,Security Audit Sync,4,Activity defense detail price everything perhaps analysis those in.,2
MTG-10561,PRJ-1084,2026-05-29,Steering Committee Sync,14,Work big movie wrong sure commercial where outside wonder recent question.,4
MTG-10562,PRJ-1085,2026-06-22,Steering Committee Sync,7,Forward play this fish surface lot.,2
MTG-10563,PRJ-1088,2026-04-07,Risk & Mitigation Board,12,Treatment large memory score me relate actually again serve buy door investment.,2
MTG-10564,PRJ-1089,2026-03-27,Steering Committee Sync,8,Art hear father charge daughter also.,0
MTG-10565,PRJ-1090,2026-06-16,Risk & Mitigation Board,11,Write kitchen theory care fish skin always social increase spend seek director.,2
MTG-10566,PRJ-1091,2026-05-24,Risk & Mitigation Board,5,Drug much trade professor eat reach rest part high.,1
MTG-10567,PRJ-1092,2026-04-05,Steering Committee Sync,11,Picture ask man west appear yeah voice by community nature.,0
MTG-10568,PRJ-1093,2026-06-01,Risk & Mitigation Board,4,Door back right find return each computer.,1
MTG-10569,PRJ-1094,2026-03-27,Risk & Mitigation Board,7,Office whose cut television loss week growth help.,5
MTG-10570,PRJ-1095,2026-04-23,Steering Committee Sync,13,Measure same set standard soldier after high take serve TV.,1
MTG-10571,PRJ-1096,2026-05-08,Risk & Mitigation Board,9,Need compare herself figure exist no lose.,1
MTG-10572,PRJ-1097,2026-04-06,Sprint Review & Demo,14,Cultural trouble above technology room hear identify indeed house score.,1
MTG-10573,PRJ-1098,2026-04-13,Security Audit Sync,10,Political open impact although TV his not create.,1
MTG-10574,PRJ-1099,2026-04-19,Risk & Mitigation Board,13,Side seem give remember play happy around history.,6
MTG-10575,PRJ-1100,2026-04-17,Financial Burn Review,12,Drug alone spend piece put recently population end.,2
MTG-10576,PRJ-1101,2026-04-21,Architecture Review Board,11,Effect own weight success activity side popular.,1
MTG-10577,PRJ-1102,2026-06-16,Risk & Mitigation Board,12,Relationship wind ball travel then coach interview reality may.,4
MTG-10578,PRJ-1103,2026-04-30,Financial Burn Review,13,Only safe sell under thank body of something sport.,2
MTG-10579,PRJ-1104,2026-03-30,Security Audit Sync,7,Us huge final would staff ability attorney.,1
MTG-10580,PRJ-1105,2026-05-20,Security Audit Sync,12,Indicate explain issue computer control care main me book note defense.,0
MTG-10581,PRJ-1107,2026-03-22,Sprint Review & Demo,13,Speak court work the key tree body.,1
MTG-10582,PRJ-1108,2026-05-13,Architecture Review Board,5,Fall help everybody garden one long.,5
MTG-10583,PRJ-1109,2026-05-17,Architecture Review Board,10,Act entire western program smile among.,6
MTG-10584,PRJ-1111,2026-03-23,Risk & Mitigation Board,11,Heart mind while entire magazine.,1
MTG-10585,PRJ-1112,2026-05-27,Financial Burn Review,9,Investment he three yourself stage wait professor her arm green form beyond.,2
MTG-10586,PRJ-1114,2026-04-21,Risk & Mitigation Board,10,Rise thousand catch own than evidence recognize spring happy.,6
MTG-10587,PRJ-1115,2026-05-11,Sprint Review & Demo,8,Method produce about point walk focus plant them wide save.,2
MTG-10588,PRJ-1116,2026-05-18,Security Audit Sync,11,Parent hundred partner bank into use us would.,0
MTG-10589,PRJ-1117,2026-06-08,Architecture Review Board,7,Safe family crime century mind occur.,1
MTG-10590,PRJ-1118,2026-06-08,Financial Burn Review,13,All marriage beautiful strategy you would level to western lot music.,2
MTG-10591,PRJ-1119,2026-03-27,Security Audit Sync,13,Send process become itself respond civil upon.,3
MTG-10592,PRJ-1120,2026-06-14,Security Audit Sync,11,Detail election live today but career movement rise.,2
MTG-10593,PRJ-1122,2026-03-08,Steering Committee Sync,10,The use short over popular help response save high.,1
MTG-10594,PRJ-1123,2026-05-14,Risk & Mitigation Board,14,Whom join do else fact born future or could walk of.,2
MTG-10595,PRJ-1124,2026-03-13,Security Audit Sync,11,West officer ability artist movie suggest woman floor half.,1
MTG-10596,PRJ-1125,2026-05-18,Steering Committee Sync,7,Mind own develop house Mrs leave.,2
MTG-10597,PRJ-1126,2026-03-15,Architecture Review Board,5,Student matter lay own certainly program soon reflect.,2
MTG-10598,PRJ-1127,2026-05-08,Security Audit Sync,6,Maybe read event summer off piece democratic factor.,1
MTG-10599,PRJ-1128,2026-06-21,Steering Committee Sync,6,Wonder four still decision run special.,0
MTG-10600,PRJ-1129,2026-05-21,Financial Burn Review,5,Type simply task road federal.,4
MTG-10601,PRJ-1130,2026-06-03,Risk & Mitigation Board,8,Yard nature front question wrong serious hospital.,1
MTG-10602,PRJ-1131,2026-04-30,Steering Committee Sync,12,Executive type red nature best food social tend.,2
MTG-10603,PRJ-1132,2026-03-04,Sprint Review & Demo,9,Leader clear case receive fact certain design security.,0
MTG-10604,PRJ-1133,2026-05-25,Architecture Review Board,14,Gun task big size teach.,3
MTG-10605,PRJ-1134,2026-04-12,Steering Committee Sync,12,Quickly collection argue green listen war bring middle full its.,0
MTG-10606,PRJ-1135,2026-03-15,Sprint Review & Demo,9,Each budget however few other common seat simply yard.,0
MTG-10607,PRJ-1136,2026-05-17,Risk & Mitigation Board,13,Sing ten practice every president happen.,0
MTG-10608,PRJ-1138,2026-03-12,Steering Committee Sync,12,Business political training different only would.,0
MTG-10609,PRJ-1139,2026-04-24,Steering Committee Sync,8,Some Congress machine popular its number.,1
MTG-10610,PRJ-1140,2026-03-09,Architecture Review Board,4,Research television Mr if red hour.,1
MTG-10611,PRJ-1141,2026-06-04,Financial Burn Review,6,Major million once research so buy send whole today Congress out.,3
MTG-10612,PRJ-1142,2026-03-19,Security Audit Sync,13,Language fire always offer present because either send be by fear.,2
MTG-10613,PRJ-1143,2026-06-21,Security Audit Sync,4,Institution war a feel watch mind situation.,0
MTG-10614,PRJ-1144,2026-05-16,Risk & Mitigation Board,5,Cause make fine treat you paper member reach production and.,4
MTG-10615,PRJ-1145,2026-03-02,Sprint Review & Demo,13,Feel strategy whatever own democratic grow campaign.,2
MTG-10616,PRJ-1146,2026-05-11,Sprint Review & Demo,4,Near end power clear lay war.,5
MTG-10617,PRJ-1147,2026-05-18,Financial Burn Review,6,Movie audience run yet recent cover head.,0
MTG-10618,PRJ-1148,2026-05-15,Security Audit Sync,7,Painting information child yeah its ago page back by body nature.,1
MTG-10619,PRJ-1149,2026-03-05,Architecture Review Board,8,Guy four event than difficult act.,0
MTG-10620,PRJ-1150,2026-04-12,Security Audit Sync,12,Her bit understand compare rock fill start.,1
MTG-10621,PRJ-1002,2026-04-25,Risk & Mitigation Board,5,Give occur example even between answer fish sell Congress south question.,2
MTG-10622,PRJ-1004,2026-05-31,Steering Committee Sync,9,Organization support local camera act message choice call her save apply.,6
MTG-10623,PRJ-1006,2026-05-24,Architecture Review Board,5,Religious eat participant religious consumer worry sometimes maybe every.,2
MTG-10624,PRJ-1007,2026-04-18,Steering Committee Sync,10,Figure teach water image fine bed bag role.,1
MTG-10625,PRJ-1008,2026-06-19,Sprint Review & Demo,11,Offer be experience upon space action way.,2
MTG-10626,PRJ-1009,2026-05-18,Architecture Review Board,12,Look middle your thousand recently if.,1
MTG-10627,PRJ-1010,2026-05-10,Steering Committee Sync,8,Research reflect see each school.,0
MTG-10628,PRJ-1011,2026-06-20,Architecture Review Board,10,Range amount large collection us shake tough company happen card government.,2
MTG-10629,PRJ-1012,2026-03-04,Architecture Review Board,14,Here health both trial economic much short brother federal family defense.,2
MTG-10630,PRJ-1013,2026-05-25,Steering Committee Sync,12,Hour type upon where middle throw very throughout summer arm accept.,0
MTG-10631,PRJ-1014,2026-04-22,Risk & Mitigation Board,6,Government accept three control great big man be.,2
MTG-10632,PRJ-1015,2026-04-28,Risk & Mitigation Board,10,Improve tree according show economic likely hear.,1
MTG-10633,PRJ-1016,2026-04-10,Risk & Mitigation Board,14,Movie especially writer prevent keep cause section.,2
MTG-10634,PRJ-1017,2026-02-26,Architecture Review Board,11,Book expect card inside former all program.,0
MTG-10635,PRJ-1019,2026-06-19,Steering Committee Sync,12,Budget major many race camera seem sister hundred.,0
MTG-10636,PRJ-1020,2026-05-24,Sprint Review & Demo,9,Capital whatever society call general add range appear stop.,0
MTG-10637,PRJ-1021,2026-04-18,Architecture Review Board,6,Scene its face magazine set easy check memory economic short ten yes.,4
MTG-10638,PRJ-1024,2026-03-27,Risk & Mitigation Board,10,Cup relationship special red maybe Congress yeah option play director.,0
MTG-10639,PRJ-1026,2026-03-13,Sprint Review & Demo,14,Event court certainly adult current.,2
MTG-10640,PRJ-1027,2026-06-09,Steering Committee Sync,4,Imagine fill plan discuss from look member popular fight.,5
MTG-10641,PRJ-1029,2026-03-30,Security Audit Sync,14,Wall represent east time consider a produce focus.,2
MTG-10642,PRJ-1030,2026-04-01,Financial Burn Review,10,Training beyond continue way hair fight best add.,3
MTG-10643,PRJ-1031,2026-05-03,Risk & Mitigation Board,12,Former scientist guess single more he.,2
MTG-10644,PRJ-1032,2026-05-15,Architecture Review Board,9,Once beautiful blood picture own American why.,2
MTG-10645,PRJ-1033,2026-06-12,Architecture Review Board,8,Cover knowledge better walk people feeling listen.,1
MTG-10646,PRJ-1034,2026-05-28,Financial Burn Review,6,Result analysis court nearly education theory table trade window thus large.,5
MTG-10647,PRJ-1035,2026-05-23,Security Audit Sync,11,Attack industry use mean against out recent can animal not.,4
MTG-10648,PRJ-1036,2026-06-01,Security Audit Sync,12,Scientist however range that will close seek.,0
MTG-10649,PRJ-1038,2026-04-13,Financial Burn Review,14,Husband even contain civil design recent these so lay.,2
MTG-10650,PRJ-1039,2026-05-21,Risk & Mitigation Board,9,Else system fast environmental budget difference move factor policy walk everyone.,6
MTG-10651,PRJ-1040,2026-03-13,Security Audit Sync,7,Politics eat statement movement ability.,1
MTG-10652,PRJ-1041,2026-04-08,Architecture Review Board,4,Win foot watch this enough card together far world personal action green.,0
MTG-10653,PRJ-1043,2026-05-24,Financial Burn Review,10,Computer will Mr without sing sister blood second.,1
MTG-10654,PRJ-1044,2026-04-12,Security Audit Sync,6,Thank plant nearly stage determine environmental ok space.,6
MTG-10655,PRJ-1045,2026-05-27,Financial Burn Review,8,Land role its chance look many least.,5
MTG-10656,PRJ-1047,2026-06-03,Steering Committee Sync,12,Country make role positive again clear concern.,0
MTG-10657,PRJ-1048,2026-04-14,Financial Burn Review,12,Could century interview lawyer population I right case seek activity between himself.,1
MTG-10658,PRJ-1050,2026-03-11,Architecture Review Board,6,Shake popular analysis eat base.,2
MTG-10659,PRJ-1051,2026-03-15,Sprint Review & Demo,12,Outside society act social my stand system be cause service throughout spring.,0
MTG-10660,PRJ-1052,2026-04-03,Financial Burn Review,7,Choice argue reality physical but stay bill father memory student.,3
MTG-10661,PRJ-1053,2026-03-15,Architecture Review Board,10,Agency interview challenge pretty difficult these his.,2
MTG-10662,PRJ-1054,2026-06-12,Financial Burn Review,4,Man yard different what example baby.,1
MTG-10663,PRJ-1055,2026-04-07,Architecture Review Board,14,Type turn time page concern most outside quickly change.,1
MTG-10664,PRJ-1056,2026-05-17,Financial Burn Review,5,Person expert then even material hard enter trade.,1
MTG-10665,PRJ-1057,2026-06-01,Sprint Review & Demo,5,Technology within sing chair challenge.,2
MTG-10666,PRJ-1059,2026-04-20,Risk & Mitigation Board,13,Spring both into risk certain follow camera should good management.,3
MTG-10667,PRJ-1060,2026-04-24,Security Audit Sync,11,Own PM catch want TV himself near much manage movie.,0
MTG-10668,PRJ-1062,2026-03-25,Architecture Review Board,13,Ok instead official really security reflect.,0
MTG-10669,PRJ-1063,2026-03-26,Financial Burn Review,14,Data sure gun listen card.,2
MTG-10670,PRJ-1064,2026-03-11,Security Audit Sync,13,Guess support single cause leave structure necessary use inside.,2
MTG-10671,PRJ-1065,2026-03-23,Steering Committee Sync,8,Argue case while region help ago who.,1
MTG-10672,PRJ-1066,2026-04-11,Architecture Review Board,13,Production available study that air half.,2
MTG-10673,PRJ-1067,2026-03-07,Security Audit Sync,10,Actually store indicate she like cell.,2
MTG-10674,PRJ-1068,2026-04-30,Financial Burn Review,7,Like reveal know population actually born art politics.,2
MTG-10675,PRJ-1071,2026-05-09,Sprint Review & Demo,12,Me action strategy quite then never stop.,3
MTG-10676,PRJ-1072,2026-06-16,Financial Burn Review,9,Fill dinner use even begin help week sea hundred argue hot.,0
MTG-10677,PRJ-1073,2026-06-04,Risk & Mitigation Board,6,Painting baby realize local present if herself area he interest establish.,1
MTG-10678,PRJ-1074,2026-03-10,Security Audit Sync,10,Owner suggest agreement executive must assume others series finally.,1
MTG-10679,PRJ-1076,2026-05-03,Sprint Review & Demo,4,Drive be now and worry.,0
MTG-10680,PRJ-1077,2026-04-25,Risk & Mitigation Board,11,Fire want across ground executive.,2
MTG-10681,PRJ-1079,2026-04-14,Steering Committee Sync,5,Fire hospital green can push former to.,1
MTG-10682,PRJ-1080,2026-04-27,Architecture Review Board,12,Space change onto him only system face charge leg those behavior.,6
MTG-10683,PRJ-1081,2026-05-23,Risk & Mitigation Board,12,Space pressure shoulder claim white might rock.,2
MTG-10684,PRJ-1083,2026-05-15,Financial Burn Review,8,Language capital fact perhaps vote always require raise dream.,4
MTG-10685,PRJ-1084,2026-06-25,Financial Burn Review,14,Avoid charge physical marriage source central that natural why sit beautiful behind.,4
MTG-10686,PRJ-1085,2026-04-04,Risk & Mitigation Board,11,Claim evidence guy become condition sign election list.,1
MTG-10687,PRJ-1088,2026-03-28,Security Audit Sync,6,Practice cell buy notice always teacher husband tax true can.,1
MTG-10688,PRJ-1089,2026-04-11,Steering Committee Sync,6,Weight health radio media enjoy then radio per popular scientist each start.,2
MTG-10689,PRJ-1090,2026-02-26,Risk & Mitigation Board,11,Fact citizen human authority hold left.,6
MTG-10690,PRJ-1091,2026-03-09,Steering Committee Sync,12,Life movement stand board Congress board where however item husband.,6
MTG-10691,PRJ-1092,2026-03-05,Financial Burn Review,7,You main reduce live everything although choose like policy.,0
MTG-10692,PRJ-1093,2026-04-05,Risk & Mitigation Board,4,Write similar artist speak smile.,1
MTG-10693,PRJ-1094,2026-06-23,Security Audit Sync,12,Approach test well raise establish player base.,2
MTG-10694,PRJ-1095,2026-03-06,Architecture Review Board,13,Bank them later information degree throw contain approach time.,0
MTG-10695,PRJ-1096,2026-04-18,Risk & Mitigation Board,5,Clearly glass industry little read claim recent great.,1
MTG-10696,PRJ-1097,2026-05-20,Architecture Review Board,8,Statement night throw cup reveal official certain professional statement.,5
MTG-10697,PRJ-1098,2026-05-25,Sprint Review & Demo,6,Add to value material first society purpose enjoy reveal.,2
MTG-10698,PRJ-1099,2026-06-24,Sprint Review & Demo,8,Plant police official already second could.,3
MTG-10699,PRJ-1100,2026-05-20,Architecture Review Board,8,Over democratic decide course quickly western have.,1
MTG-10700,PRJ-1101,2026-04-10,Risk & Mitigation Board,6,To maybe test record power lay improve goal.,1
MTG-10701,PRJ-1102,2026-05-02,Steering Committee Sync,10,Wind from unit learn health need class job expect process quite.,5
MTG-10702,PRJ-1103,2026-05-13,Sprint Review & Demo,8,Visit town between because student bed administration usually billion seek perhaps name.,1
MTG-10703,PRJ-1104,2026-05-13,Steering Committee Sync,11,Ok allow face inside development lawyer high crime light buy whose.,0
MTG-10704,PRJ-1105,2026-06-15,Sprint Review & Demo,12,Traditional population six how vote site medical environment probably film.,0
MTG-10705,PRJ-1107,2026-06-14,Architecture Review Board,4,Pull above training allow ago so subject million scientist fish.,0
MTG-10706,PRJ-1108,2026-03-18,Risk & Mitigation Board,13,Year drop wind cover popular stock soon official can player within.,4
MTG-10707,PRJ-1109,2026-03-18,Architecture Review Board,11,Military join between song mean place six successful physical.,5
MTG-10708,PRJ-1111,2026-03-29,Architecture Review Board,11,City follow behavior agent activity show check peace myself win occur.,4
MTG-10709,PRJ-1112,2026-03-01,Security Audit Sync,6,Work play sing cost present develop.,2
MTG-10710,PRJ-1114,2026-03-21,Steering Committee Sync,14,Risk southern her employee appear bar century age.,5
MTG-10711,PRJ-1115,2026-06-24,Risk & Mitigation Board,14,Book until but center energy Congress.,4
MTG-10712,PRJ-1116,2026-03-07,Risk & Mitigation Board,9,Tree debate beyond somebody including main personal decision information.,0
MTG-10713,PRJ-1117,2026-06-12,Sprint Review & Demo,14,Speak conference act condition note parent all wish year low.,2
MTG-10714,PRJ-1118,2026-05-10,Financial Burn Review,10,Above miss effort business paper movie military set describe half together.,4
MTG-10715,PRJ-1119,2026-03-01,Steering Committee Sync,9,Detail road vote environment loss well.,4
MTG-10716,PRJ-1120,2026-04-08,Financial Burn Review,14,Present level speak job watch two economic cup suffer response which.,0
MTG-10717,PRJ-1122,2026-03-10,Risk & Mitigation Board,8,Find some west maintain third interest section staff performance parent investment note.,2
MTG-10718,PRJ-1123,2026-04-11,Security Audit Sync,6,Standard last threat when education important page theory wear most huge boy.,0
MTG-10719,PRJ-1124,2026-06-03,Security Audit Sync,13,So group authority prevent head single business five action forget.,0
MTG-10720,PRJ-1125,2026-04-22,Security Audit Sync,8,Together no history own money bill everyone part third.,2
MTG-10721,PRJ-1126,2026-06-09,Financial Burn Review,5,Off position radio itself spend cup.,2
MTG-10722,PRJ-1127,2026-03-03,Security Audit Sync,5,Material wrong instead buy commercial force him office expect popular task.,2
MTG-10723,PRJ-1128,2026-06-24,Steering Committee Sync,12,Expect success idea time truth although population attorney believe sort.,2
MTG-10724,PRJ-1129,2026-05-23,Financial Burn Review,13,First generation bag simple management another fear worker.,1
MTG-10725,PRJ-1130,2026-04-26,Financial Burn Review,11,Successful visit bill difference stay catch.,0
MTG-10726,PRJ-1131,2026-06-25,Financial Burn Review,5,Difficult because right speech staff Mr above read appear third.,1
MTG-10727,PRJ-1132,2026-03-03,Security Audit Sync,6,Water avoid forget partner speech.,2
MTG-10728,PRJ-1133,2026-03-30,Sprint Review & Demo,7,Understand on build floor challenge once sure.,3
MTG-10729,PRJ-1134,2026-06-13,Steering Committee Sync,13,Property miss drive long majority exactly significant lot begin she.,2
MTG-10730,PRJ-1135,2026-05-22,Risk & Mitigation Board,12,Next their process same day back will art actually.,0
MTG-10731,PRJ-1136,2026-03-23,Financial Burn Review,10,Could bit decade opportunity month teach set find law.,1
MTG-10732,PRJ-1138,2026-03-16,Financial Burn Review,11,Black candidate true history laugh per data hundred attention institution rather.,0
MTG-10733,PRJ-1139,2026-06-20,Sprint Review & Demo,10,Possible challenge then seat drive thus cost agreement product laugh enter.,1
MTG-10734,PRJ-1140,2026-06-17,Steering Committee Sync,4,Great deep however issue free kid.,1
MTG-10735,PRJ-1141,2026-04-11,Financial Burn Review,10,Possible rule institution family idea.,3
MTG-10736,PRJ-1142,2026-05-08,Architecture Review Board,5,Parent million body anyone eat book boy time offer draw mother.,0
MTG-10737,PRJ-1143,2026-03-31,Sprint Review & Demo,6,Record identify hotel detail station reality manager commercial data PM relationship explain.,2
MTG-10738,PRJ-1144,2026-02-26,Architecture Review Board,6,Me red live figure trade draw fire.,2
MTG-10739,PRJ-1145,2026-03-06,Architecture Review Board,6,Forward lay while program into again window.,0
MTG-10740,PRJ-1146,2026-06-11,Architecture Review Board,14,Quickly table order wide on major easy.,4
MTG-10741,PRJ-1147,2026-03-11,Steering Committee Sync,13,Note wrong structure moment cold.,0
MTG-10742,PRJ-1148,2026-03-15,Architecture Review Board,4,Beyond sound friend make go nation.,2
MTG-10743,PRJ-1149,2026-05-16,Security Audit Sync,8,Hair add good report through simple tax total.,0
MTG-10744,PRJ-1150,2026-05-08,Risk & Mitigation Board,9,Establish mind policy challenge improve detail.,0
MTG-10745,PRJ-1002,2026-06-25,Steering Committee Sync,9,Marriage each scientist wind grow season create western police.,1
MTG-10746,PRJ-1004,2026-06-21,Architecture Review Board,5,Quickly tonight last when money enter quickly thousand hospital individual yes finally.,4
MTG-10747,PRJ-1006,2026-03-02,Sprint Review & Demo,7,Reduce street but somebody note society get body across until chair.,2
MTG-10748,PRJ-1007,2026-05-18,Financial Burn Review,7,Whom perhaps professor field explain son administration American executive or apply.,2
MTG-10749,PRJ-1008,2026-04-03,Risk & Mitigation Board,12,Good street anyone case these size maybe when night west.,5
MTG-10750,PRJ-1009,2026-05-22,Risk & Mitigation Board,8,You culture one ball despite list great.,0
MTG-10751,PRJ-1010,2026-06-03,Sprint Review & Demo,11,Institution whom better end few financial nor quickly follow.,1
MTG-10752,PRJ-1011,2026-05-06,Financial Burn Review,5,Economic indicate current figure father until leave.,1
MTG-10753,PRJ-1012,2026-03-20,Risk & Mitigation Board,10,Benefit money reason mean rate group government level which leave.,0
MTG-10754,PRJ-1013,2026-06-15,Security Audit Sync,4,Whatever inside sense past few.,0
MTG-10755,PRJ-1014,2026-03-27,Architecture Review Board,13,Health per tonight there apply suddenly call prove leg several military.,5
MTG-10756,PRJ-1015,2026-06-06,Security Audit Sync,7,Area stop practice four best fact.,0
MTG-10757,PRJ-1016,2026-04-24,Financial Burn Review,6,Ten building once memory response reduce might no whose.,2
MTG-10758,PRJ-1017,2026-03-14,Architecture Review Board,10,Feeling financial writer according machine reach boy.,2
MTG-10759,PRJ-1019,2026-02-26,Risk & Mitigation Board,14,They mind easy billion agency media hospital unit feel low contain dog.,0
MTG-10760,PRJ-1020,2026-06-07,Financial Burn Review,6,Start race teacher pay it player continue stand.,0
MTG-10761,PRJ-1021,2026-05-15,Architecture Review Board,6,Memory record customer lose face beyond open.,5
MTG-10762,PRJ-1024,2026-04-11,Steering Committee Sync,10,Hospital recently blue indicate interesting agreement lead nor.,2
MTG-10763,PRJ-1026,2026-02-27,Financial Burn Review,4,Alone practice price know traditional great cause think.,1
MTG-10764,PRJ-1027,2026-04-22,Sprint Review & Demo,13,Word group task me give.,4
MTG-10765,PRJ-1029,2026-05-21,Architecture Review Board,6,Message company charge pretty none least teach cause size.,2
MTG-10766,PRJ-1030,2026-05-16,Sprint Review & Demo,11,Attention stuff low while paper Congress remain medical probably.,1
MTG-10767,PRJ-1031,2026-03-29,Architecture Review Board,8,Open oil once stop attack ahead run discuss professor.,2
MTG-10768,PRJ-1032,2026-04-26,Security Audit Sync,9,Food discuss sign true somebody black thing rock himself wind.,1
MTG-10769,PRJ-1033,2026-06-16,Security Audit Sync,13,Partner boy suggest authority shake paper.,2
MTG-10770,PRJ-1034,2026-06-06,Financial Burn Review,4,Fly recognize help writer off current education.,3
MTG-10771,PRJ-1035,2026-04-19,Steering Committee Sync,12,Different score its more so beat agency where.,6
MTG-10772,PRJ-1036,2026-03-09,Financial Burn Review,8,Special throw growth impact national.,0
MTG-10773,PRJ-1038,2026-03-06,Sprint Review & Demo,5,Radio whatever rock month couple debate still.,1
MTG-10774,PRJ-1039,2026-04-27,Steering Committee Sync,12,Peace next case attack into heavy audience back site.,6
MTG-10775,PRJ-1040,2026-04-02,Architecture Review Board,7,Material anything music against start face.,1
MTG-10776,PRJ-1041,2026-06-05,Financial Burn Review,9,Reflect attack the why avoid offer table use matter.,2
MTG-10777,PRJ-1043,2026-04-14,Security Audit Sync,14,National through old view world president.,1
MTG-10778,PRJ-1044,2026-03-01,Architecture Review Board,11,End free share cause natural safe under professional there dog.,6
MTG-10779,PRJ-1045,2026-03-06,Architecture Review Board,14,Toward reflect she along wonder wear our partner ball necessary water.,2
MTG-10780,PRJ-1047,2026-03-30,Architecture Review Board,7,Bit market different go local.,1
MTG-10781,PRJ-1048,2026-05-30,Risk & Mitigation Board,9,Again area similar specific move team radio scene.,2
MTG-10782,PRJ-1050,2026-05-03,Sprint Review & Demo,6,Hit help by red near.,2
MTG-10783,PRJ-1051,2026-03-11,Security Audit Sync,13,Today work happy create job around.,0
MTG-10784,PRJ-1052,2026-03-25,Risk & Mitigation Board,4,Act including sell space movie animal soon their economic arm arm just.,1
MTG-10785,PRJ-1053,2026-03-31,Security Audit Sync,10,Glass pretty each factor paper long business baby economic.,0
MTG-10786,PRJ-1054,2026-05-02,Financial Burn Review,11,Relate spend today teach kitchen few happen necessary than each throw.,6
MTG-10787,PRJ-1055,2026-04-05,Risk & Mitigation Board,5,Me approach too relationship perform evidence data case wish discover score.,2
MTG-10788,PRJ-1056,2026-03-23,Security Audit Sync,5,Right small along dog key share well again student.,2
MTG-10789,PRJ-1057,2026-03-30,Financial Burn Review,14,His still be everything particular manager television his and day continue issue.,0
MTG-10790,PRJ-1059,2026-03-04,Risk & Mitigation Board,5,All several visit travel senior from stock energy.,6
MTG-10791,PRJ-1060,2026-05-27,Architecture Review Board,13,Serious game stop its into role save.,1
MTG-10792,PRJ-1062,2026-03-04,Architecture Review Board,6,Network weight usually explain yard movement.,1
MTG-10793,PRJ-1063,2026-04-17,Security Audit Sync,5,Shoulder employee whether level yeah draw traditional exactly radio ever your.,0
MTG-10794,PRJ-1064,2026-05-29,Risk & Mitigation Board,7,Front house past gun process site special part.,1
MTG-10795,PRJ-1065,2026-03-12,Risk & Mitigation Board,7,Produce structure summer kitchen admit across already grow point news impact.,0
MTG-10796,PRJ-1066,2026-05-06,Security Audit Sync,8,Everybody particular finish ask conference she.,0
MTG-10797,PRJ-1067,2026-03-31,Security Audit Sync,9,Camera piece chair peace anyone boy although range team oil among.,6
MTG-10798,PRJ-1068,2026-05-23,Steering Committee Sync,13,Weight yeah window administration suddenly support.,0
MTG-10799,PRJ-1071,2026-05-01,Security Audit Sync,7,Over glass back kitchen memory.,3
MTG-10800,PRJ-1072,2026-03-26,Steering Committee Sync,9,Now stop race author interview executive agency parent growth.,1
MTG-10801,PRJ-1073,2026-06-23,Sprint Review & Demo,11,Likely wind perform civil and us treatment agent participant.,3
MTG-10802,PRJ-1074,2026-06-02,Security Audit Sync,13,Respond score situation require vote her old price change several power.,2
MTG-10803,PRJ-1076,2026-06-20,Steering Committee Sync,7,Not young piece safe much building these.,0
MTG-10804,PRJ-1077,2026-06-01,Security Audit Sync,5,Line modern kid especially structure fall during during should gun lay security.,4
MTG-10805,PRJ-1079,2026-03-11,Architecture Review Board,12,Knowledge whatever improve bag night baby gun machine.,2
MTG-10806,PRJ-1080,2026-03-25,Risk & Mitigation Board,12,Discover still would understand each training purpose program painting somebody.,2
MTG-10807,PRJ-1081,2026-04-07,Steering Committee Sync,13,Bank inside work office plan significant.,2
MTG-10808,PRJ-1083,2026-06-13,Security Audit Sync,13,Administration building enjoy never us sea call alone issue real.,6
MTG-10809,PRJ-1084,2026-06-24,Financial Burn Review,5,Method more hold institution camera recent.,2
MTG-10810,PRJ-1085,2026-03-26,Financial Burn Review,5,Budget today together option pattern yes and school.,0
MTG-10811,PRJ-1088,2026-04-09,Steering Committee Sync,13,Treat piece scientist job serious record safe rich operation star.,1
MTG-10812,PRJ-1089,2026-04-28,Steering Committee Sync,8,Time order have power here just meet.,2
MTG-10813,PRJ-1090,2026-05-07,Steering Committee Sync,4,Discussion manage answer military modern meet.,6
MTG-10814,PRJ-1091,2026-06-17,Security Audit Sync,12,Follow five condition century sport same writer decision.,6
MTG-10815,PRJ-1092,2026-04-29,Financial Burn Review,14,They fire girl close explain main difference college voice else paper.,1
MTG-10816,PRJ-1093,2026-03-10,Financial Burn Review,4,Project cell deal stuff senior agree total whether.,1
MTG-10817,PRJ-1094,2026-05-01,Risk & Mitigation Board,14,According strategy ago data walk number rule.,6
MTG-10818,PRJ-1095,2026-04-29,Security Audit Sync,9,Far body relationship suddenly know it enjoy ten year rule.,0
MTG-10819,PRJ-1096,2026-03-11,Risk & Mitigation Board,8,Sound season develop avoid church friend law save public.,4
MTG-10820,PRJ-1097,2026-03-06,Sprint Review & Demo,12,Throughout although beyond relate miss couple newspaper study personal.,6
MTG-10821,PRJ-1098,2026-06-19,Risk & Mitigation Board,9,Account carry heavy wall pull enter charge sport safe executive cup then.,1
MTG-10822,PRJ-1099,2026-06-20,Financial Burn Review,7,About attack newspaper decade concern industry enjoy.,1
MTG-10823,PRJ-1100,2026-04-12,Sprint Review & Demo,10,Doctor give most west there subject themselves property make picture our myself.,1
MTG-10824,PRJ-1101,2026-04-02,Financial Burn Review,9,Both thing sense expert wide foot production.,4
MTG-10825,PRJ-1102,2026-03-11,Sprint Review & Demo,7,What produce girl huge campaign think style tell over reach.,4
MTG-10826,PRJ-1103,2026-03-01,Architecture Review Board,13,Medical three situation article sign energy fish hot.,0
MTG-10827,PRJ-1104,2026-04-20,Sprint Review & Demo,7,End area magazine despite player animal language determine then.,2
MTG-10828,PRJ-1105,2026-05-01,Security Audit Sync,5,Book why particularly can music wear again here sister four good she.,1
MTG-10829,PRJ-1107,2026-03-05,Steering Committee Sync,6,Million gun cup church movie.,0
MTG-10830,PRJ-1108,2026-06-09,Architecture Review Board,5,Face claim hear including need eat add suddenly.,3
MTG-10831,PRJ-1109,2026-05-27,Security Audit Sync,5,Bill huge machine church feeling discover significant easy evening buy six.,6
MTG-10832,PRJ-1111,2026-05-15,Sprint Review & Demo,10,Stand theory technology baby mean region.,4
MTG-10833,PRJ-1112,2026-05-24,Sprint Review & Demo,14,Address store painting charge save.,2
MTG-10834,PRJ-1114,2026-06-01,Architecture Review Board,7,Story teacher size interesting sea few learn.,3
MTG-10835,PRJ-1115,2026-03-09,Sprint Review & Demo,7,Likely fact behavior whom night low traditional mouth each admit market.,4
MTG-10836,PRJ-1116,2026-04-14,Architecture Review Board,9,Several research laugh official agent side language live board.,0
MTG-10837,PRJ-1117,2026-04-04,Financial Burn Review,5,Special wish believe college ten majority economic.,0
MTG-10838,PRJ-1118,2026-03-14,Financial Burn Review,11,Study model style set arrive management in scientist strong already ready out.,5
MTG-10839,PRJ-1119,2026-06-10,Sprint Review & Demo,11,Real sense some nation fine present focus remember.,6
MTG-10840,PRJ-1120,2026-04-28,Financial Burn Review,5,Tv international back camera add mind.,0
MTG-10841,PRJ-1122,2026-03-12,Sprint Review & Demo,10,Join will although interest color sort maintain.,0
MTG-10842,PRJ-1123,2026-05-26,Architecture Review Board,5,Industry across brother yet result they even follow threat nor coach.,2
MTG-10843,PRJ-1124,2026-04-01,Steering Committee Sync,11,Sort weight he page line decision form.,0
MTG-10844,PRJ-1125,2026-05-26,Sprint Review & Demo,13,Clearly resource listen fish conference like.,1
MTG-10845,PRJ-1126,2026-06-25,Security Audit Sync,5,Find could really Mrs former.,1
MTG-10846,PRJ-1127,2026-03-05,Sprint Review & Demo,4,Organization at player third general add cover exist treatment international.,2
MTG-10847,PRJ-1128,2026-05-24,Financial Burn Review,8,Person idea effort must process back check room evidence.,0
MTG-10848,PRJ-1129,2026-03-29,Risk & Mitigation Board,5,Camera mission population him offer table.,4
MTG-10849,PRJ-1130,2026-05-09,Financial Burn Review,7,Protect list collection situation writer before sound chair close themselves follow time.,1
MTG-10850,PRJ-1131,2026-03-04,Financial Burn Review,13,Southern international line few service drive hotel similar relationship great stuff.,6
MTG-10851,PRJ-1132,2026-04-05,Sprint Review & Demo,10,Third success western watch street represent.,1
MTG-10852,PRJ-1133,2026-06-06,Risk & Mitigation Board,13,Kid reason economy build tonight present concern term talk side generation.,4
MTG-10853,PRJ-1134,2026-04-17,Financial Burn Review,9,Nice young vote him condition section action kind moment accept financial behind.,0
MTG-10854,PRJ-1135,2026-04-11,Security Audit Sync,4,Me actually event positive politics huge yet region.,2
MTG-10855,PRJ-1136,2026-03-30,Risk & Mitigation Board,9,Wife statement tell until young place.,2
MTG-10856,PRJ-1138,2026-04-25,Financial Burn Review,5,Seek positive nation billion hard party require relationship computer surface.,0
MTG-10857,PRJ-1139,2026-03-07,Sprint Review & Demo,13,Argue PM artist best name work.,0
MTG-10858,PRJ-1140,2026-03-21,Security Audit Sync,13,Scene four public tonight today college worry reveal hand add professor indicate.,0
MTG-10859,PRJ-1141,2026-05-17,Steering Committee Sync,6,Assume stay may rock base kitchen.,5
MTG-10860,PRJ-1142,2026-03-31,Security Audit Sync,8,Read important play success wait find night.,2
MTG-10861,PRJ-1143,2026-03-12,Architecture Review Board,11,Nothing recent not leg break bed role control option whole.,1
MTG-10862,PRJ-1144,2026-05-29,Security Audit Sync,11,Design hear ball right east.,5
MTG-10863,PRJ-1145,2026-06-06,Steering Committee Sync,6,Section scene financial here expert everything north.,0
MTG-10864,PRJ-1146,2026-04-16,Sprint Review & Demo,6,Evening current without else keep begin great.,1
MTG-10865,PRJ-1147,2026-04-10,Architecture Review Board,10,Last piece story already strong history Mrs decision reduce get specific.,2
MTG-10866,PRJ-1148,2026-06-01,Financial Burn Review,9,Garden why necessary sea especially message decision.,6
MTG-10867,PRJ-1149,2026-03-24,Architecture Review Board,12,All boy probably cost cause only head help.,2
MTG-10868,PRJ-1150,2026-05-07,Steering Committee Sync,11,Follow bit grow too city.,0
MTG-10869,PRJ-1002,2026-04-24,Architecture Review Board,9,Possible beyond tree fill level control against speak lead.,2
MTG-10870,PRJ-1004,2026-05-06,Architecture Review Board,4,Room list during rich over lot husband always upon doctor.,3
MTG-10871,PRJ-1006,2026-06-18,Financial Burn Review,14,Blue international especially officer or clearly coach feel others recently model.,5
MTG-10872,PRJ-1007,2026-06-20,Security Audit Sync,4,Sell candidate four whether wife finally she soon learn close a.,0
MTG-10873,PRJ-1008,2026-03-15,Steering Committee Sync,12,Feeling ball door data bed each range.,5
MTG-10874,PRJ-1009,2026-06-07,Sprint Review & Demo,9,Above city beyond near hour defense line heavy less.,1
MTG-10875,PRJ-1010,2026-03-27,Steering Committee Sync,14,Hold five very hundred force executive.,0
MTG-10876,PRJ-1011,2026-05-17,Steering Committee Sync,9,Others move get prove wife agree those concern dog gun.,0
MTG-10877,PRJ-1012,2026-04-27,Steering Committee Sync,11,Particular seem trip population catch.,2
MTG-10878,PRJ-1013,2026-03-20,Security Audit Sync,11,Few behavior himself conference character find push.,2
MTG-10879,PRJ-1014,2026-04-24,Financial Burn Review,9,When instead clear radio strong let bar rather.,6
MTG-10880,PRJ-1015,2026-03-10,Financial Burn Review,9,Sound activity five offer himself lawyer main whether I.,2
MTG-10881,PRJ-1016,2026-05-29,Financial Burn Review,10,Interesting score break southern traditional maybe sit Republican.,1
MTG-10882,PRJ-1017,2026-06-07,Architecture Review Board,5,Born condition interest service that bag according way remain.,0
MTG-10883,PRJ-1019,2026-03-28,Risk & Mitigation Board,11,Spend road lawyer any example business majority happen threat rather education.,0
MTG-10884,PRJ-1020,2026-04-07,Steering Committee Sync,14,Short age environment fall indicate land fear along.,0
MTG-10885,PRJ-1021,2026-03-11,Steering Committee Sync,7,Most how compare movement call.,6
MTG-10886,PRJ-1024,2026-03-15,Risk & Mitigation Board,7,Issue ever will ready each stay strong run model learn baby.,2
MTG-10887,PRJ-1026,2026-04-11,Steering Committee Sync,9,Participant rich speech big mention rise front.,1
MTG-10888,PRJ-1027,2026-05-13,Security Audit Sync,7,Institution against wear either present third student item.,4
MTG-10889,PRJ-1029,2026-03-11,Risk & Mitigation Board,4,Number yet past much soldier reason any.,0
MTG-10890,PRJ-1030,2026-05-05,Architecture Review Board,5,Set join section sing everybody provide painting.,1
MTG-10891,PRJ-1031,2026-06-15,Architecture Review Board,12,Evening imagine affect increase candidate environment out wish.,0
MTG-10892,PRJ-1032,2026-04-05,Sprint Review & Demo,8,Different remember determine particularly rock participant leave.,0
MTG-10893,PRJ-1033,2026-04-17,Risk & Mitigation Board,14,Forget home upon actually future get know left sea decision recently pull.,2
MTG-10894,PRJ-1034,2026-03-28,Financial Burn Review,4,Produce number bad main world.,3
MTG-10895,PRJ-1035,2026-03-07,Sprint Review & Demo,7,Hard factor firm purpose ahead person coach goal it yet age.,2
MTG-10896,PRJ-1036,2026-06-22,Architecture Review Board,7,Season writer heart Mrs her we but how deep book eye.,0
MTG-10897,PRJ-1038,2026-06-09,Architecture Review Board,6,Nearly goal design too everything side picture professional rather.,2
MTG-10898,PRJ-1039,2026-05-12,Architecture Review Board,7,Maybe mouth different identify series experience under church them.,5
MTG-10899,PRJ-1040,2026-04-15,Steering Committee Sync,4,Mouth free less common trade.,0
MTG-10900,PRJ-1041,2026-04-13,Steering Committee Sync,5,Wind improve player peace catch people your outside rule watch.,1
MTG-10901,PRJ-1043,2026-04-06,Sprint Review & Demo,6,Coach personal range weight age over smile hope.,2
MTG-10902,PRJ-1044,2026-04-28,Risk & Mitigation Board,5,Sure claim hard themselves compare view TV.,6
MTG-10903,PRJ-1045,2026-04-05,Architecture Review Board,8,Ask air officer learn raise kitchen drop computer.,2
MTG-10904,PRJ-1047,2026-04-22,Risk & Mitigation Board,9,Sound study the training each reveal.,0
MTG-10905,PRJ-1048,2026-03-06,Architecture Review Board,6,Radio image mind like history.,2
MTG-10906,PRJ-1050,2026-05-30,Financial Burn Review,10,Third Mr respond parent writer resource just still.,2
MTG-10907,PRJ-1051,2026-03-05,Security Audit Sync,5,Stock rise always human until picture key skin billion.,0
MTG-10908,PRJ-1052,2026-06-07,Steering Committee Sync,7,Send born college include fund tree somebody decide best politics available tonight.,2
MTG-10909,PRJ-1053,2026-04-25,Steering Committee Sync,10,Serious garden ready former late election every along.,2
MTG-10910,PRJ-1054,2026-03-14,Security Audit Sync,9,Eye determine he guy fact war citizen plant little key far.,3
MTG-10911,PRJ-1055,2026-05-26,Financial Burn Review,14,Chair factor his PM agreement deep.,1
MTG-10912,PRJ-1056,2026-04-03,Steering Committee Sync,13,Activity hair meet thank might local tonight win popular onto may model.,0
MTG-10913,PRJ-1057,2026-04-12,Financial Burn Review,12,Possible that lot low here protect ask different deal change.,0
MTG-10914,PRJ-1059,2026-05-10,Architecture Review Board,9,Practice ground least tree trade style.,2
MTG-10915,PRJ-1060,2026-06-07,Steering Committee Sync,14,Together scientist hair allow phone weight medical even which suggest Mrs.,0
MTG-10916,PRJ-1062,2026-03-07,Architecture Review Board,12,Land mission each something consumer view.,0
MTG-10917,PRJ-1063,2026-06-08,Financial Burn Review,7,Ready lay American participant necessary before couple store.,1
MTG-10918,PRJ-1064,2026-03-05,Security Audit Sync,11,Mission article dinner one ok less.,0
MTG-10919,PRJ-1065,2026-05-01,Security Audit Sync,5,Five plant cultural bring bar.,2
MTG-10920,PRJ-1066,2026-03-21,Steering Committee Sync,10,Operation our feel act involve toward result kind politics open play.,2
MTG-10921,PRJ-1067,2026-05-27,Security Audit Sync,9,Edge imagine establish piece forget.,5
MTG-10922,PRJ-1068,2026-04-24,Risk & Mitigation Board,11,Week federal test eat every night final key.,2
MTG-10923,PRJ-1071,2026-06-23,Steering Committee Sync,9,Maintain five window like clear assume it.,3
MTG-10924,PRJ-1072,2026-04-03,Financial Burn Review,11,Garden reach state cover board discussion film figure short line.,2
MTG-10925,PRJ-1073,2026-05-19,Security Audit Sync,11,Decision public food court how commercial citizen production for might listen organization.,4
MTG-10926,PRJ-1074,2026-04-17,Architecture Review Board,10,Director enjoy various strong he fill risk stop.,2
MTG-10927,PRJ-1076,2026-04-04,Security Audit Sync,14,Interesting hour individual several identify why government south.,2
MTG-10928,PRJ-1077,2026-06-22,Sprint Review & Demo,7,Affect region decade respond far health focus so.,2
MTG-10929,PRJ-1079,2026-04-06,Steering Committee Sync,7,School something pay key ever avoid civil reveal walk or weight.,1
MTG-10930,PRJ-1080,2026-06-19,Risk & Mitigation Board,8,Reach training main exactly parent heart big policy everybody.,2
MTG-10931,PRJ-1081,2026-04-11,Risk & Mitigation Board,13,Book care seek foot simple including charge character.,1
MTG-10932,PRJ-1083,2026-04-02,Steering Committee Sync,8,No just foreign national produce news stage.,3
MTG-10933,PRJ-1084,2026-05-19,Financial Burn Review,6,Sign attention skill represent finish table.,1
MTG-10934,PRJ-1085,2026-06-14,Sprint Review & Demo,11,Section Democrat fly direction gun current will else page usually.,1
MTG-10935,PRJ-1088,2026-03-14,Financial Burn Review,7,Interview south something story art writer health not yet where.,1
MTG-10936,PRJ-1089,2026-06-10,Financial Burn Review,11,So man offer plant same north wind sister mother.,0
MTG-10937,PRJ-1090,2026-06-01,Financial Burn Review,9,Off life practice course authority range.,5
MTG-10938,PRJ-1091,2026-06-04,Risk & Mitigation Board,11,Later thing school practice authority possible fund month realize star.,4
MTG-10939,PRJ-1092,2026-04-18,Risk & Mitigation Board,9,Husband family perhaps hope across.,1
MTG-10940,PRJ-1093,2026-04-05,Risk & Mitigation Board,8,Else development purpose force leader program show.,1
MTG-10941,PRJ-1094,2026-05-05,Risk & Mitigation Board,6,Throw resource officer country challenge final beyond mouth war.,1
MTG-10942,PRJ-1095,2026-03-02,Risk & Mitigation Board,8,Music west force firm discover decade.,0
MTG-10943,PRJ-1096,2026-04-03,Security Audit Sync,9,Yard do turn sign agree there want but way agent.,1
MTG-10944,PRJ-1097,2026-06-10,Sprint Review & Demo,12,Herself land human day herself sport behavior.,3
MTG-10945,PRJ-1098,2026-03-19,Financial Burn Review,14,Right business series build major painting see first course world son growth.,2
MTG-10946,PRJ-1099,2026-03-28,Sprint Review & Demo,7,War administration herself information which beyond.,3
MTG-10947,PRJ-1100,2026-04-10,Sprint Review & Demo,5,Student its summer feel yourself be poor hope.,0
MTG-10948,PRJ-1101,2026-04-23,Architecture Review Board,12,Role today animal suggest concern act million cell.,1
MTG-10949,PRJ-1102,2026-04-23,Steering Committee Sync,7,Article sort term produce he.,3
MTG-10950,PRJ-1103,2026-04-16,Security Audit Sync,8,Information company million character speak protect half.,1
MTG-10951,PRJ-1104,2026-06-16,Architecture Review Board,14,Air daughter idea health success perform agreement.,2
MTG-10952,PRJ-1105,2026-03-01,Architecture Review Board,13,Threat alone the trial another.,0
MTG-10953,PRJ-1107,2026-04-12,Steering Committee Sync,12,Reveal college beyond give development information at why less indeed together key.,2
MTG-10954,PRJ-1108,2026-06-08,Architecture Review Board,8,Find light total campaign prevent.,1
MTG-10955,PRJ-1109,2026-04-10,Architecture Review Board,10,Protect benefit manage store number call method south central process sea response.,3
MTG-10956,PRJ-1111,2026-03-31,Risk & Mitigation Board,14,Black difficult continue process forget wind property mind officer third service capital.,5
MTG-10957,PRJ-1112,2026-04-17,Sprint Review & Demo,14,Often various alone town his answer cup.,1
MTG-10958,PRJ-1114,2026-03-19,Financial Burn Review,10,Play structure down however activity lose tax.,2
MTG-10959,PRJ-1115,2026-03-20,Steering Committee Sync,7,If yeah law enjoy key seat pretty method front you control.,2
MTG-10960,PRJ-1116,2026-04-07,Risk & Mitigation Board,12,Sign lead benefit task shake enjoy site interview agent myself.,0
MTG-10961,PRJ-1117,2026-03-09,Financial Burn Review,11,Store build require call girl laugh network vote whom will.,2
MTG-10962,PRJ-1118,2026-03-19,Security Audit Sync,9,Crime style develop admit safe government over charge teacher modern song.,4
MTG-10963,PRJ-1119,2026-04-10,Sprint Review & Demo,7,Really young coach city quite play teacher difficult.,3
MTG-10964,PRJ-1120,2026-06-17,Risk & Mitigation Board,10,Must western interest dark any wide husband.,2
MTG-10965,PRJ-1122,2026-04-13,Steering Committee Sync,11,Will throw life carry visit a edge new find type party.,1
MTG-10966,PRJ-1123,2026-06-21,Financial Burn Review,9,Sense cell lose civil will with.,0
MTG-10967,PRJ-1124,2026-06-23,Steering Committee Sync,6,Skill position hospital cover strong audience white everybody throughout.,2
MTG-10968,PRJ-1125,2026-03-12,Architecture Review Board,4,Want charge kitchen public set action bring find bill pick likely produce.,2
MTG-10969,PRJ-1126,2026-04-02,Risk & Mitigation Board,9,Must particular child they senior result.,2
MTG-10970,PRJ-1127,2026-06-11,Architecture Review Board,10,High through both letter one.,0
MTG-10971,PRJ-1128,2026-06-11,Risk & Mitigation Board,10,Serve different billion young owner out guy thank professor student.,2
MTG-10972,PRJ-1129,2026-06-21,Security Audit Sync,8,Arm black show success run toward policy forget project economy.,5
MTG-10973,PRJ-1130,2026-04-09,Architecture Review Board,4,Big south drug manager opportunity.,2
MTG-10974,PRJ-1131,2026-05-16,Financial Burn Review,6,Young step maintain parent not parent.,1
MTG-10975,PRJ-1132,2026-06-10,Steering Committee Sync,13,Among blue study poor better believe whom draw oil.,1
MTG-10976,PRJ-1133,2026-05-22,Security Audit Sync,13,Instead hour season girl small system of mission vote spend physical sing.,5
MTG-10977,PRJ-1134,2026-05-17,Financial Burn Review,10,Democratic Congress piece forget factor.,1
MTG-10978,PRJ-1135,2026-04-16,Steering Committee Sync,5,Rock support effect stand general.,1
MTG-10979,PRJ-1136,2026-06-22,Financial Burn Review,7,Everybody situation foot recognize play shoulder civil next.,1
MTG-10980,PRJ-1138,2026-06-09,Risk & Mitigation Board,9,Scientist send sit common matter become goal Mrs source.,0
MTG-10981,PRJ-1139,2026-06-21,Financial Burn Review,14,Stock big reveal police fine market control him enter.,1
MTG-10982,PRJ-1140,2026-05-21,Architecture Review Board,6,Front just guess city collection administration couple financial media.,0
MTG-10983,PRJ-1141,2026-05-14,Sprint Review & Demo,12,Series Mrs huge receive cup bed our theory.,6
MTG-10984,PRJ-1142,2026-04-15,Steering Committee Sync,13,Certainly future government card history suddenly save theory.,0
MTG-10985,PRJ-1143,2026-06-01,Risk & Mitigation Board,6,Now bank yourself kind American nature property event manager street work early.,0
MTG-10986,PRJ-1144,2026-03-25,Steering Committee Sync,10,Certainly father who tax low keep news.,1
MTG-10987,PRJ-1145,2026-06-25,Architecture Review Board,7,Include summer ok physical thousand without section.,0
MTG-10988,PRJ-1146,2026-05-21,Architecture Review Board,12,Sound enjoy have tonight view floor ground when care.,6
MTG-10989,PRJ-1147,2026-06-09,Sprint Review & Demo,4,Somebody often benefit true world remain movement bit.,1
MTG-10990,PRJ-1148,2026-06-05,Architecture Review Board,4,Result response population never world let off apply.,5
MTG-10991,PRJ-1149,2026-05-11,Steering Committee Sync,10,Opportunity ask yet against large practice time live relationship as great.,1
MTG-10992,PRJ-1150,2026-06-20,Risk & Mitigation Board,5,Now water road require make region wall worry.,0
MTG-10993,PRJ-1002,2026-03-23,Steering Committee Sync,10,Finally recent fight discussion sometimes meet imagine short woman only.,2
MTG-10994,PRJ-1004,2026-06-09,Risk & Mitigation Board,5,Apply senior onto simple audience as including claim create woman similar writer.,6
MTG-10995,PRJ-1006,2026-06-06,Risk & Mitigation Board,6,Power manager build become watch.,2
MTG-10996,PRJ-1007,2026-05-05,Steering Committee Sync,10,Source high listen suggest consumer find concern involve edge.,1
MTG-10997,PRJ-1008,2026-03-08,Security Audit Sync,11,Husband dinner worry plan fund sell model after.,6
MTG-10998,PRJ-1009,2026-05-09,Steering Committee Sync,13,Arrive health collection white more above his agree toward nor teacher.,2
MTG-10999,PRJ-1010,2026-06-20,Architecture Review Board,7,Pm marriage movement wish best raise choice.,2
MTG-11000,PRJ-1011,2026-04-11,Financial Burn Review,14,Through relationship they concern chance standard air.,2
MTG-11001,PRJ-1012,2026-03-02,Risk & Mitigation Board,7,Thousand soldier build various various blue raise operation cold between cover.,1
MTG-11002,PRJ-1013,2026-03-16,Sprint Review & Demo,11,Turn visit up nature home language bring never full hand dream stage.,0
MTG-11003,PRJ-1014,2026-03-20,Sprint Review & Demo,13,Among around word lose such process senior opportunity summer.,4
MTG-11004,PRJ-1015,2026-03-08,Steering Committee Sync,9,Treatment none reduce miss series poor executive career shake.,2
MTG-11005,PRJ-1016,2026-04-02,Financial Burn Review,11,International itself bank agency bit night participant fill yeah side side recognize.,1
MTG-11006,PRJ-1017,2026-04-30,Risk & Mitigation Board,4,Could become throughout security number.,2
MTG-11007,PRJ-1019,2026-03-18,Security Audit Sync,8,School move another field could who appear stay them.,0
MTG-11008,PRJ-1020,2026-05-25,Security Audit Sync,9,Support meet race and Democrat lead control develop fly research manager.,1
MTG-11009,PRJ-1021,2026-05-05,Security Audit Sync,8,Administration two deal ready under above drive sport story worker would step.,6
MTG-11010,PRJ-1024,2026-04-11,Risk & Mitigation Board,6,And center east protect think institution now tell phone.,2
MTG-11011,PRJ-1026,2026-03-22,Risk & Mitigation Board,6,Important act statement help successful couple single effect.,0
MTG-11012,PRJ-1027,2026-02-27,Financial Burn Review,10,Among short can ready audience boy city social at.,6
MTG-11013,PRJ-1029,2026-05-01,Risk & Mitigation Board,14,Want either race us huge movie expect.,1
MTG-11014,PRJ-1030,2026-05-05,Steering Committee Sync,13,Set house those dark beat suffer.,6
MTG-11015,PRJ-1031,2026-03-22,Sprint Review & Demo,4,Yet light body director strategy continue several southern drop past just.,1
MTG-11016,PRJ-1032,2026-03-15,Steering Committee Sync,8,Shoulder production mean window shoulder right analysis add check teacher economy compare.,0
MTG-11017,PRJ-1033,2026-04-22,Security Audit Sync,8,Hospital check factor as contain create.,5
MTG-11018,PRJ-1034,2026-05-15,Security Audit Sync,7,Agent key successful own explain claim natural fish born assume.,1
MTG-11019,PRJ-1035,2026-04-29,Risk & Mitigation Board,12,Peace college usually have century.,4
MTG-11020,PRJ-1036,2026-03-10,Sprint Review & Demo,5,Accept about around hold note tax several along.,1
MTG-11021,PRJ-1038,2026-05-02,Sprint Review & Demo,9,Power treat visit population executive.,2
MTG-11022,PRJ-1039,2026-05-10,Risk & Mitigation Board,6,Travel down make economic woman PM look together lawyer these.,4
MTG-11023,PRJ-1040,2026-03-24,Architecture Review Board,12,Pm company whose yourself think happy again south.,0
MTG-11024,PRJ-1041,2026-03-15,Sprint Review & Demo,4,Improve they surface would by phone decade image third leave.,1
MTG-11025,PRJ-1043,2026-04-21,Sprint Review & Demo,14,Less full program card morning early Republican nothing way.,2
MTG-11026,PRJ-1044,2026-05-24,Security Audit Sync,10,Guy leg television society hear fill hotel like myself laugh toward what.,4
MTG-11027,PRJ-1045,2026-06-10,Architecture Review Board,10,Anything describe necessary church his military Congress kitchen really history.,6
MTG-11028,PRJ-1047,2026-05-17,Steering Committee Sync,4,Worker quite shoulder political offer song character first.,1
MTG-11029,PRJ-1048,2026-03-27,Sprint Review & Demo,5,Several main particular shake most physical.,1
MTG-11030,PRJ-1050,2026-03-02,Security Audit Sync,9,Skin beat across television apply system.,0
MTG-11031,PRJ-1051,2026-04-04,Security Audit Sync,11,Data character defense subject guy training on stock little.,2
MTG-11032,PRJ-1052,2026-05-21,Risk & Mitigation Board,5,Field sort civil thing clear budget travel important.,4
MTG-11033,PRJ-1053,2026-05-04,Sprint Review & Demo,14,Light work ready tough wish professional chair knowledge sense career herself here.,2
MTG-11034,PRJ-1054,2026-03-18,Steering Committee Sync,11,Only write gun kid occur.,6
MTG-11035,PRJ-1055,2026-04-20,Steering Committee Sync,8,Wife water note those write.,1
MTG-11036,PRJ-1056,2026-06-12,Steering Committee Sync,4,Concern perhaps quality true book various.,0
MTG-11037,PRJ-1057,2026-06-21,Financial Burn Review,6,Which fly represent we bar owner son.,0
MTG-11038,PRJ-1059,2026-02-27,Architecture Review Board,12,Individual college surface court exactly minute trouble majority town appear draw fill.,1
MTG-11039,PRJ-1060,2026-04-20,Security Audit Sync,6,Front evening yet prevent process four all the unit action.,1
MTG-11040,PRJ-1062,2026-05-05,Sprint Review & Demo,4,Herself toward here along public recent friend sort.,2
MTG-11041,PRJ-1063,2026-06-08,Security Audit Sync,6,Imagine garden wall rest need major entire tree try be.,1
MTG-11042,PRJ-1064,2026-05-16,Risk & Mitigation Board,6,Technology time age campaign seven drug computer assume occur.,1
MTG-11043,PRJ-1065,2026-03-26,Steering Committee Sync,4,Tell act add southern thank pay.,2
MTG-11044,PRJ-1066,2026-03-16,Security Audit Sync,7,Whole wide piece former professor partner argue catch truth unit control responsibility.,2
MTG-11045,PRJ-1067,2026-03-08,Risk & Mitigation Board,4,Social do anyone bag fly more live culture write painting.,6
MTG-11046,PRJ-1068,2026-03-20,Security Audit Sync,14,Rule option team kind medical bag wind enjoy.,2
MTG-11047,PRJ-1071,2026-06-11,Security Audit Sync,14,Win record reflect away cost focus yeah class play or own.,6
MTG-11048,PRJ-1072,2026-04-27,Sprint Review & Demo,8,Design economy general drive according three raise example.,1
MTG-11049,PRJ-1073,2026-03-17,Risk & Mitigation Board,13,Artist general run people stage bag.,1
MTG-11050,PRJ-1074,2026-05-28,Sprint Review & Demo,10,Activity season because open trouble guess race question assume energy.,0
MTG-11051,PRJ-1076,2026-06-06,Steering Committee Sync,9,Group specific have feel major national seat direction color real.,0
MTG-11052,PRJ-1077,2026-04-16,Steering Committee Sync,5,Food someone war idea than less check scene history wear.,2
MTG-11053,PRJ-1079,2026-06-10,Sprint Review & Demo,4,High that change hand its stage town character watch.,1
MTG-11054,PRJ-1080,2026-03-24,Sprint Review & Demo,7,Hospital change front against hot.,3
MTG-11055,PRJ-1081,2026-04-03,Security Audit Sync,5,Everyone couple parent material itself surface maintain program government black well.,2
MTG-11056,PRJ-1083,2026-05-21,Steering Committee Sync,14,Eye dog wall sound indicate actually final city piece range investment business.,1
MTG-11057,PRJ-1084,2026-03-13,Steering Committee Sync,6,Game health read campaign north list adult have.,6
MTG-11058,PRJ-1085,2026-03-27,Sprint Review & Demo,12,Read travel total plant top live exactly future soldier.,1
MTG-11059,PRJ-1088,2026-05-20,Sprint Review & Demo,9,Whole sit occur treat remain participant.,1
MTG-11060,PRJ-1089,2026-06-03,Financial Burn Review,7,Major like affect memory believe seek perhaps ball.,2
MTG-11061,PRJ-1090,2026-04-25,Financial Burn Review,12,Too water road at hope cover show Republican hair sing listen development.,2
MTG-11062,PRJ-1091,2026-02-26,Risk & Mitigation Board,5,Station lot certainly evening floor world painting movie station.,4
MTG-11063,PRJ-1092,2026-05-14,Steering Committee Sync,5,Painting fast art those model mean eat heavy red system fear daughter.,0
MTG-11064,PRJ-1093,2026-04-02,Architecture Review Board,6,Prepare several bad let travel.,1
MTG-11065,PRJ-1094,2026-03-15,Sprint Review & Demo,14,High church know finish view lay cup paper expect only follow admit.,4
MTG-11066,PRJ-1095,2026-03-04,Architecture Review Board,10,Need hard firm result nearly pick position how force.,0
MTG-11067,PRJ-1096,2026-06-06,Steering Committee Sync,7,Poor food series always memory.,4
MTG-11068,PRJ-1097,2026-05-23,Sprint Review & Demo,8,Market until cause bill clear research.,6
MTG-11069,PRJ-1098,2026-03-09,Security Audit Sync,9,Win full include seem manage nation modern politics how.,2
MTG-11070,PRJ-1099,2026-03-16,Sprint Review & Demo,7,Sport large boy treat end dream.,1
MTG-11071,PRJ-1100,2026-05-14,Risk & Mitigation Board,13,Agency poor recently long among serve wear west case floor hold.,1
MTG-11072,PRJ-1101,2026-05-13,Risk & Mitigation Board,12,Affect she man prove recent nearly always operation decade.,1
MTG-11073,PRJ-1102,2026-05-06,Financial Burn Review,8,Glass ball think meeting stock.,2
MTG-11074,PRJ-1103,2026-04-14,Sprint Review & Demo,9,Movie trip season example news memory civil.,2
MTG-11075,PRJ-1104,2026-03-22,Security Audit Sync,10,Eight cultural today hotel practice later knowledge whose public show daughter both.,2
MTG-11076,PRJ-1105,2026-04-13,Security Audit Sync,6,Sea them customer now section strategy.,2
MTG-11077,PRJ-1107,2026-05-17,Architecture Review Board,14,Stand guess approach personal note this education memory finally describe Congress free.,0
MTG-11078,PRJ-1108,2026-04-26,Security Audit Sync,14,Result leader hospital send TV lose others some project.,3
MTG-11079,PRJ-1109,2026-06-18,Risk & Mitigation Board,9,Pattern this system people tax water.,1
MTG-11080,PRJ-1111,2026-06-17,Sprint Review & Demo,13,Knowledge rock which best happy position wife score.,5
MTG-11081,PRJ-1112,2026-04-11,Risk & Mitigation Board,12,Individual against side together few enjoy us thought.,1
MTG-11082,PRJ-1114,2026-06-02,Security Audit Sync,7,Build PM weight society they usually company.,6
MTG-11083,PRJ-1115,2026-03-11,Financial Burn Review,4,Lay though reason event against none as reality.,5
MTG-11084,PRJ-1116,2026-03-23,Steering Committee Sync,13,Question air market store include win officer analysis as.,0
MTG-11085,PRJ-1117,2026-05-29,Sprint Review & Demo,7,Report rest dark environment provide white could ready.,1
MTG-11086,PRJ-1118,2026-06-03,Security Audit Sync,7,Them structure itself weight major.,4
MTG-11087,PRJ-1119,2026-03-25,Financial Burn Review,4,Expert because happen star name.,1
MTG-11088,PRJ-1120,2026-04-11,Steering Committee Sync,11,Risk must fly police imagine oil head work should.,1
MTG-11089,PRJ-1122,2026-03-15,Architecture Review Board,6,Put imagine which beat education case under population late much quite.,0
MTG-11090,PRJ-1123,2026-06-12,Risk & Mitigation Board,14,Media teacher person out music story city sometimes cause.,0
MTG-11091,PRJ-1124,2026-06-03,Sprint Review & Demo,13,Station how statement thing wrong name mind.,0
MTG-11092,PRJ-1125,2026-05-06,Risk & Mitigation Board,9,Various professor clearly dinner report friend bring rule.,2
MTG-11093,PRJ-1126,2026-06-01,Steering Committee Sync,9,View mission standard despite go impact seem blood policy law strong.,1
MTG-11094,PRJ-1127,2026-06-13,Security Audit Sync,12,Respond throw wide son manager trouble reason.,0
MTG-11095,PRJ-1128,2026-04-03,Risk & Mitigation Board,8,Field decide point week course administration fast debate still.,2
MTG-11096,PRJ-1129,2026-05-18,Sprint Review & Demo,9,Effect week instead group idea recently.,2
MTG-11097,PRJ-1130,2026-04-03,Architecture Review Board,7,Heart field people try play order quickly with matter.,0
MTG-11098,PRJ-1131,2026-04-09,Financial Burn Review,14,Red technology himself much better read per go.,1
MTG-11099,PRJ-1132,2026-06-22,Steering Committee Sync,7,Yes here while service beautiful edge begin early store piece.,2
MTG-11100,PRJ-1133,2026-03-09,Financial Burn Review,12,See drop worker alone finally since take describe improve.,4
MTG-11101,PRJ-1134,2026-02-27,Architecture Review Board,11,Order push agreement media attorney Congress.,0
MTG-11102,PRJ-1135,2026-03-30,Security Audit Sync,5,Hold understand president any one recently make total fall clear face.,0
MTG-11103,PRJ-1136,2026-04-06,Risk & Mitigation Board,7,Rather why baby lot eat hold.,0
MTG-11104,PRJ-1138,2026-05-26,Sprint Review & Demo,6,Significant analysis consumer future raise suffer director.,2
MTG-11105,PRJ-1139,2026-04-20,Steering Committee Sync,5,Big cause science water none just.,0
MTG-11106,PRJ-1140,2026-04-11,Steering Committee Sync,12,After modern really play blood list everything newspaper institution assume.,2
MTG-11107,PRJ-1141,2026-03-29,Steering Committee Sync,12,Listen medical during until case agency beat cost cultural.,2
MTG-11108,PRJ-1142,2026-05-16,Sprint Review & Demo,11,Health enjoy at so control including nice discussion challenge card reduce.,1
MTG-11109,PRJ-1143,2026-02-27,Architecture Review Board,7,Member activity modern entire most field.,0
MTG-11110,PRJ-1144,2026-06-03,Steering Committee Sync,6,Tv team song country listen long between hold plant.,4
MTG-11111,PRJ-1145,2026-05-01,Financial Burn Review,8,Certainly camera member technology attention message.,0
MTG-11112,PRJ-1146,2026-06-24,Architecture Review Board,11,Clearly phone including personal visit still image sell amount fly house.,5
MTG-11113,PRJ-1147,2026-03-21,Security Audit Sync,8,Hospital paper term security camera past so thousand position.,0
MTG-11114,PRJ-1148,2026-05-27,Risk & Mitigation Board,9,Drop miss market avoid outside individual no.,1
MTG-11115,PRJ-1149,2026-05-21,Risk & Mitigation Board,6,Significant always everyone exactly practice would game.,1
MTG-11116,PRJ-1150,2026-06-06,Risk & Mitigation Board,10,Force final way memory history that read receive type painting produce off.,1
MTG-11117,PRJ-1002,2026-04-23,Financial Burn Review,10,Reality window mouth pattern as pick.,2
MTG-11118,PRJ-1004,2026-06-18,Steering Committee Sync,4,Organization direction unit food dream course win court.,4
MTG-11119,PRJ-1006,2026-04-07,Risk & Mitigation Board,5,Everything our prove could party skin soon read couple rather.,4
MTG-11120,PRJ-1007,2026-05-22,Architecture Review Board,12,Fly something ok community right then police day so store consumer.,2
MTG-11121,PRJ-1008,2026-05-14,Steering Committee Sync,6,Heart hot response usually learn game effort author buy heavy nearly.,5
MTG-11122,PRJ-1009,2026-04-14,Architecture Review Board,11,Country various until lawyer yard on.,1
MTG-11123,PRJ-1010,2026-03-31,Architecture Review Board,8,Inside enter word physical majority blue join finish cause but set.,1
MTG-11124,PRJ-1011,2026-06-25,Risk & Mitigation Board,13,Suggest everyone nature environmental six.,2
MTG-11125,PRJ-1012,2026-06-17,Risk & Mitigation Board,9,Daughter through note act front person everyone involve discover peace.,0
MTG-11126,PRJ-1013,2026-05-05,Steering Committee Sync,11,Until government door age once several commercial whom.,2
MTG-11127,PRJ-1014,2026-04-12,Steering Committee Sync,7,Pattern west before science without especially main believe suddenly determine least.,2
MTG-11128,PRJ-1015,2026-03-17,Sprint Review & Demo,12,Truth evidence about provide itself team support.,0
MTG-11129,PRJ-1016,2026-04-20,Security Audit Sync,9,Beyond bank Republican kind school his past herself.,2
MTG-11130,PRJ-1017,2026-05-01,Risk & Mitigation Board,10,Day pull job themselves garden again medical hold.,1
MTG-11131,PRJ-1019,2026-04-20,Risk & Mitigation Board,9,Health region over recognize help small debate.,2
MTG-11132,PRJ-1020,2026-04-04,Risk & Mitigation Board,8,Ever resource together here there whether rather none population.,1
MTG-11133,PRJ-1021,2026-03-05,Security Audit Sync,5,Home generation herself make right.,5
MTG-11134,PRJ-1024,2026-06-15,Risk & Mitigation Board,5,Join give especially treatment employee citizen.,0
MTG-11135,PRJ-1026,2026-03-24,Risk & Mitigation Board,6,Population out special suffer without hair set bed trouble begin receive anyone.,2
MTG-11136,PRJ-1027,2026-03-07,Steering Committee Sync,8,Laugh fall teach everything trouble director find minute.,4
MTG-11137,PRJ-1029,2026-03-25,Security Audit Sync,12,Per of situation the term scientist.,1
MTG-11138,PRJ-1030,2026-04-01,Security Audit Sync,14,Walk thus door space crime Republican attack big stage condition.,4
MTG-11139,PRJ-1031,2026-03-12,Security Audit Sync,4,Network hard condition move cost skin for commercial evening spend.,1
MTG-11140,PRJ-1032,2026-04-27,Security Audit Sync,10,Hour cold light suffer drop participant.,1
MTG-11141,PRJ-1033,2026-04-11,Security Audit Sync,7,Left lawyer report require class paper amount work.,2
MTG-11142,PRJ-1034,2026-03-14,Risk & Mitigation Board,9,Leave sometimes quality house must identify modern while.,1
MTG-11143,PRJ-1035,2026-06-19,Security Audit Sync,14,Skill officer study if edge view cold teach call.,6
MTG-11144,PRJ-1036,2026-03-02,Sprint Review & Demo,14,Outside happen fear page include heavy.,2
MTG-11145,PRJ-1038,2026-04-11,Security Audit Sync,8,Maintain seek democratic simple seek last opportunity serve cause.,0
MTG-11146,PRJ-1039,2026-06-01,Financial Burn Review,14,Each administration dinner keep main letter let think leg.,4
MTG-11147,PRJ-1040,2026-04-16,Steering Committee Sync,7,Early certainly policy big hear.,1
MTG-11148,PRJ-1041,2026-04-09,Financial Burn Review,14,Thought the back family start necessary American wonder suggest.,2
MTG-11149,PRJ-1043,2026-03-06,Steering Committee Sync,5,Cover two coach yeah certainly represent especially agency despite.,0
MTG-11150,PRJ-1044,2026-04-29,Sprint Review & Demo,10,Large free party get force.,6
MTG-11151,PRJ-1045,2026-04-11,Risk & Mitigation Board,13,One third serve item method program nature see media your check.,6
MTG-11152,PRJ-1047,2026-06-04,Sprint Review & Demo,7,Produce key reveal environment central trip behavior himself hour.,2
MTG-11153,PRJ-1048,2026-03-03,Risk & Mitigation Board,10,Activity card industry create son third interview nothing.,0
MTG-11154,PRJ-1050,2026-06-24,Architecture Review Board,8,A at teach enter lot at life.,2
MTG-11155,PRJ-1051,2026-06-23,Financial Burn Review,14,Box prove speech garden road head light what officer nature top.,2
MTG-11156,PRJ-1052,2026-05-26,Risk & Mitigation Board,8,Professor money property structure operation radio south sing early spring its evening.,5
MTG-11157,PRJ-1053,2026-06-18,Security Audit Sync,5,Material right identify weight feel tell blood challenge.,1
MTG-11158,PRJ-1054,2026-03-24,Sprint Review & Demo,13,Thing eat toward unit recently media include.,6
MTG-11159,PRJ-1055,2026-04-14,Architecture Review Board,8,Former ball class loss up at finish threat itself spring child.,0
MTG-11160,PRJ-1056,2026-04-23,Security Audit Sync,10,Free have final main young.,0
MTG-11161,PRJ-1057,2026-06-17,Security Audit Sync,4,Open if support expert particular close city force heavy.,1
MTG-11162,PRJ-1059,2026-03-07,Steering Committee Sync,4,Bank scene change investment to various.,4
MTG-11163,PRJ-1060,2026-06-01,Sprint Review & Demo,10,Yeah able concern card worker happen rate.,0
MTG-11164,PRJ-1062,2026-06-05,Financial Burn Review,14,Program beautiful close finally beyond you bank always a.,1
MTG-11165,PRJ-1063,2026-06-16,Architecture Review Board,10,Today station make environment fact student author.,2
MTG-11166,PRJ-1064,2026-05-10,Steering Committee Sync,9,Assume paper employee poor record benefit.,0
MTG-11167,PRJ-1065,2026-05-09,Steering Committee Sync,6,Allow system professor reason special grow meeting family.,2
MTG-11168,PRJ-1066,2026-05-21,Steering Committee Sync,6,Individual us some suggest program decision leave reflect already.,1
MTG-11169,PRJ-1067,2026-03-05,Financial Burn Review,11,Challenge your call reveal executive four.,1
MTG-11170,PRJ-1068,2026-04-05,Financial Burn Review,6,Responsibility itself but popular wall need onto visit.,0
MTG-11171,PRJ-1071,2026-03-23,Steering Committee Sync,6,Prevent hair hospital generation any subject sound hope speech less.,1
MTG-11172,PRJ-1072,2026-06-21,Steering Committee Sync,10,Last staff seat religious probably when seem test contain.,1
MTG-11173,PRJ-1073,2026-06-10,Risk & Mitigation Board,13,West indeed main write challenge this drive.,6
MTG-11174,PRJ-1074,2026-05-09,Sprint Review & Demo,6,Trade result individual side place represent song health.,2
MTG-11175,PRJ-1076,2026-02-26,Sprint Review & Demo,5,Sign wide cut challenge quite tax season event hospital more.,1
MTG-11176,PRJ-1077,2026-05-07,Risk & Mitigation Board,8,Cultural show rule always who opportunity face you lead expect adult operation.,1
MTG-11177,PRJ-1079,2026-06-21,Sprint Review & Demo,4,Listen there upon trial participant discuss.,1
MTG-11178,PRJ-1080,2026-04-04,Financial Burn Review,11,Development enter through system stage protect often house above director develop start.,2
MTG-11179,PRJ-1081,2026-03-26,Risk & Mitigation Board,5,Involve when sort event sport.,2
MTG-11180,PRJ-1083,2026-05-02,Sprint Review & Demo,8,Administration than run short small shoulder professional market oil move.,1
MTG-11181,PRJ-1084,2026-05-03,Sprint Review & Demo,13,Talk understand home rise concern prevent.,6
MTG-11182,PRJ-1085,2026-02-27,Sprint Review & Demo,7,Bag positive water again candidate see election price public indeed.,0
MTG-11183,PRJ-1088,2026-06-14,Financial Burn Review,10,Role guess share eye young reality police.,0
MTG-11184,PRJ-1089,2026-03-07,Financial Burn Review,8,Their table about dream single some want.,2
MTG-11185,PRJ-1090,2026-06-21,Risk & Mitigation Board,9,Share front matter strong movement member.,4
MTG-11186,PRJ-1091,2026-04-24,Financial Burn Review,9,Everything bar smile good hold country war rise treat per wide short.,4
MTG-11187,PRJ-1092,2026-06-25,Architecture Review Board,9,Certainly civil spring movement long under place.,2
MTG-11188,PRJ-1093,2026-03-01,Architecture Review Board,9,Society it southern simply I cold perform low only.,0
MTG-11189,PRJ-1094,2026-05-20,Security Audit Sync,10,Strong value sit newspaper leader focus hard tonight.,4
MTG-11190,PRJ-1095,2026-03-02,Financial Burn Review,9,About green write value possible indeed study.,0
MTG-11191,PRJ-1096,2026-06-22,Architecture Review Board,4,Be successful organization no bring career manager you rise future.,1
MTG-11192,PRJ-1097,2026-05-11,Risk & Mitigation Board,10,Skill point early Mr international.,6
MTG-11193,PRJ-1098,2026-03-02,Security Audit Sync,4,Area feel who carry election here.,0
MTG-11194,PRJ-1099,2026-03-16,Financial Burn Review,12,Sure wonder window hair marriage school imagine ago expect.,1
MTG-11195,PRJ-1100,2026-03-20,Architecture Review Board,7,Thank use owner surface guy believe.,2
MTG-11196,PRJ-1101,2026-03-29,Architecture Review Board,13,Five buy office old bad any find set senior.,4
MTG-11197,PRJ-1102,2026-06-15,Security Audit Sync,11,Speech near officer real father need.,6
MTG-11198,PRJ-1103,2026-04-02,Financial Burn Review,14,Sell American try information price especially appear attention we.,1
MTG-11199,PRJ-1104,2026-05-07,Steering Committee Sync,14,Through amount special image blood city.,0
MTG-11200,PRJ-1105,2026-06-18,Architecture Review Board,14,Bank collection possible notice term piece admit despite.,0
MTG-11201,PRJ-1107,2026-05-21,Architecture Review Board,9,Scene state radio draw impact race themselves.,0
MTG-11202,PRJ-1108,2026-05-06,Security Audit Sync,7,Manage draw involve party home stay fall.,4
MTG-11203,PRJ-1109,2026-03-14,Financial Burn Review,10,In official especially pattern threat religious effort painting ability boy opportunity section.,4
MTG-11204,PRJ-1111,2026-05-19,Security Audit Sync,5,Continue political build provide car American your seat rule range card.,5
MTG-11205,PRJ-1112,2026-03-24,Architecture Review Board,11,Off prepare response stop add blood.,1
MTG-11206,PRJ-1114,2026-03-22,Security Audit Sync,5,Chair possible but hard with her million.,6
MTG-11207,PRJ-1115,2026-03-31,Security Audit Sync,8,Tax certainly home could program water drug.,4
MTG-11208,PRJ-1116,2026-04-25,Financial Burn Review,6,Join edge item city sit street security modern.,0
MTG-11209,PRJ-1117,2026-03-22,Financial Burn Review,12,Thing cell evidence international add size.,2
MTG-11210,PRJ-1118,2026-04-30,Sprint Review & Demo,11,Lawyer field difference cut tell style white especially lose just card sit.,2
MTG-11211,PRJ-1119,2026-05-14,Sprint Review & Demo,14,Despite we meeting value body return miss ready even.,3
MTG-11212,PRJ-1120,2026-05-15,Financial Burn Review,6,Second after note those drop executive special serious.,1
MTG-11213,PRJ-1122,2026-05-17,Risk & Mitigation Board,11,Task off under two physical within about when force ready network.,0
MTG-11214,PRJ-1123,2026-05-05,Security Audit Sync,7,Loss cost run result interesting.,2
MTG-11215,PRJ-1124,2026-05-20,Steering Committee Sync,6,Only pick prove whether north ground here person.,0
MTG-11216,PRJ-1125,2026-06-12,Security Audit Sync,5,Animal from likely drop four dinner whatever administration baby.,2
MTG-11217,PRJ-1126,2026-05-04,Sprint Review & Demo,4,Discuss term day include you authority.,1
MTG-11218,PRJ-1127,2026-05-18,Steering Committee Sync,10,Kid career scene despite best either truth important yard poor threat.,1
MTG-11219,PRJ-1128,2026-06-13,Architecture Review Board,8,Future door budget south social Mr.,0
MTG-11220,PRJ-1129,2026-05-12,Security Audit Sync,14,Analysis ready must price receive according success stage.,4
MTG-11221,PRJ-1130,2026-03-23,Sprint Review & Demo,6,Thought beyond mean director offer a recent various send news.,2
MTG-11222,PRJ-1131,2026-03-17,Financial Burn Review,11,Wonder occur project court state doctor.,6
MTG-11223,PRJ-1132,2026-03-03,Sprint Review & Demo,9,Cultural decide car leave product difficult care.,2
MTG-11224,PRJ-1133,2026-03-12,Steering Committee Sync,13,Happen series seven strong it reach street.,5
MTG-11225,PRJ-1134,2026-03-17,Sprint Review & Demo,9,Account hear mouth range throw board share deep child.,2
MTG-11226,PRJ-1135,2026-03-11,Risk & Mitigation Board,10,Record coach require research this most too option.,2
MTG-11227,PRJ-1136,2026-06-21,Security Audit Sync,12,Worker though church young mouth note well interesting particularly some evidence employee.,2
MTG-11228,PRJ-1138,2026-03-23,Risk & Mitigation Board,7,Cultural far significant let before.,0
MTG-11229,PRJ-1139,2026-05-06,Architecture Review Board,8,Too discover record wear both look.,0
MTG-11230,PRJ-1140,2026-06-15,Sprint Review & Demo,5,Republican stage apply conference then sometimes drive anything teach myself avoid much.,0
MTG-11231,PRJ-1141,2026-03-08,Architecture Review Board,13,Mr employee forward carry condition into sure day sort determine player.,6
MTG-11232,PRJ-1142,2026-04-29,Steering Committee Sync,5,Kind instead plant bag set leave race yeah front almost activity agree.,2
MTG-11233,PRJ-1143,2026-05-16,Financial Burn Review,6,Television rich base close score.,1
MTG-11234,PRJ-1144,2026-05-13,Architecture Review Board,13,Bar couple well better situation much.,4
MTG-11235,PRJ-1145,2026-04-11,Security Audit Sync,8,Security painting rest write fine public some mean face factor city nation.,0
MTG-11236,PRJ-1146,2026-03-15,Sprint Review & Demo,12,Music expert mission should character station eye perform amount here American.,5
MTG-11237,PRJ-1147,2026-04-19,Steering Committee Sync,10,Analysis any product though help.,1
MTG-11238,PRJ-1148,2026-05-13,Architecture Review Board,14,Guess middle morning if none dog.,3
MTG-11239,PRJ-1149,2026-03-15,Steering Committee Sync,14,Memory wrong hard any financial color officer role.,2
MTG-11240,PRJ-1150,2026-05-03,Financial Burn Review,7,Person apply debate improve task.,2
MTG-11241,PRJ-1002,2026-05-03,Sprint Review & Demo,4,Great your sign single well task moment call art soon up tend.,1
MTG-11242,PRJ-1004,2026-03-28,Financial Burn Review,9,Buy new more above personal else tax concern way marriage us.,4
MTG-11243,PRJ-1006,2026-04-28,Steering Committee Sync,7,Responsibility could positive hundred drug pull center hundred question.,3
MTG-11244,PRJ-1007,2026-05-24,Risk & Mitigation Board,11,Number prove room imagine citizen drug information response happy rise month.,2
MTG-11245,PRJ-1008,2026-03-23,Steering Committee Sync,8,Whether edge left American hope watch place church.,5
MTG-11246,PRJ-1009,2026-06-19,Steering Committee Sync,14,Serious term amount idea director put future raise family.,2
MTG-11247,PRJ-1010,2026-06-21,Security Audit Sync,13,Protect like film society tell.,0
MTG-11248,PRJ-1011,2026-04-28,Architecture Review Board,12,Measure truth sign room happy new may condition word former win.,1
MTG-11249,PRJ-1012,2026-04-22,Security Audit Sync,8,Purpose future face police year fact.,0
MTG-11250,PRJ-1013,2026-03-22,Security Audit Sync,11,Decade share great stock election fire remember.,2
MTG-11251,PRJ-1014,2026-04-14,Security Audit Sync,11,Southern south bed represent lawyer letter these.,2
MTG-11252,PRJ-1015,2026-03-12,Architecture Review Board,10,Paper cup order piece cup.,2
MTG-11253,PRJ-1016,2026-03-24,Sprint Review & Demo,6,Popular yourself always image alone baby base seek seven.,1
MTG-11254,PRJ-1017,2026-04-26,Security Audit Sync,7,Yard believe whether teach single result modern across treatment.,0
MTG-11255,PRJ-1019,2026-03-23,Security Audit Sync,4,Young ahead blood single born.,2
MTG-11256,PRJ-1020,2026-03-13,Steering Committee Sync,10,Model actually read free PM market role statement other whether traditional true.,1
MTG-11257,PRJ-1021,2026-06-11,Architecture Review Board,6,Hot particular generation though baby page speak.,6
MTG-11258,PRJ-1024,2026-06-10,Sprint Review & Demo,10,Expert much difficult however local study only series imagine color reveal.,2
MTG-11259,PRJ-1026,2026-06-18,Architecture Review Board,14,Own challenge drive every front baby effort already second room candidate movie.,1
MTG-11260,PRJ-1027,2026-06-18,Risk & Mitigation Board,10,Stop piece sing front manage.,3
MTG-11261,PRJ-1029,2026-04-14,Risk & Mitigation Board,12,Whom season mind benefit second interview suffer voice want themselves.,0
MTG-11262,PRJ-1030,2026-03-04,Security Audit Sync,8,Guess huge parent stand several hit rate.,3
MTG-11263,PRJ-1031,2026-03-06,Security Audit Sync,12,Beyond compare despite today green stage meeting.,0
MTG-11264,PRJ-1032,2026-03-20,Risk & Mitigation Board,6,Board phone magazine several popular central decision modern enough see American.,0
MTG-11265,PRJ-1033,2026-03-27,Architecture Review Board,4,Above month language create fear local project nearly throw carry animal.,5
MTG-11266,PRJ-1034,2026-03-26,Security Audit Sync,11,Pass buy bill have reality adult state medical year.,3
MTG-11267,PRJ-1035,2026-05-06,Security Audit Sync,13,Sort experience consider administration yet yeah.,2
MTG-11268,PRJ-1036,2026-05-06,Steering Committee Sync,11,Idea our of wall inside person space.,1
MTG-11269,PRJ-1038,2026-06-10,Architecture Review Board,7,Store politics service second put seven take bed.,0
MTG-11270,PRJ-1039,2026-04-29,Steering Committee Sync,7,Movement hand himself weight eat form bill.,6
MTG-11271,PRJ-1040,2026-02-28,Security Audit Sync,4,Thought notice society task well three board stuff southern development sister.,2
MTG-11272,PRJ-1041,2026-05-30,Architecture Review Board,13,Identify nice visit imagine record wrong list huge brother shake.,2
MTG-11273,PRJ-1043,2026-06-22,Sprint Review & Demo,6,Politics community democratic no yes.,2
MTG-11274,PRJ-1044,2026-03-25,Risk & Mitigation Board,14,Determine prove own gun during wear catch today serious structure wonder stock.,4
MTG-11275,PRJ-1045,2026-06-13,Steering Committee Sync,5,Thought brother central reason particular game near support chair opportunity.,1
MTG-11276,PRJ-1047,2026-04-10,Architecture Review Board,6,Its entire situation him her imagine authority.,1
MTG-11277,PRJ-1048,2026-06-05,Sprint Review & Demo,12,No speak better store think.,0
MTG-11278,PRJ-1050,2026-05-28,Security Audit Sync,13,Finish front under build successful since human chance onto significant sure.,1
MTG-11279,PRJ-1051,2026-03-30,Risk & Mitigation Board,14,Take strategy clearly sell a.,0
MTG-11280,PRJ-1052,2026-05-17,Security Audit Sync,7,Its hospital those artist area street shake mean avoid property sport.,4
MTG-11281,PRJ-1053,2026-04-07,Sprint Review & Demo,7,Answer at month partner evidence.,0
MTG-11282,PRJ-1054,2026-04-02,Risk & Mitigation Board,8,Available scene approach imagine concern picture cultural old kitchen in century role.,4
MTG-11283,PRJ-1055,2026-03-24,Security Audit Sync,6,Establish time key out hospital around wall those.,2
MTG-11284,PRJ-1056,2026-05-24,Security Audit Sync,10,Provide others general new begin their right step type type.,2
MTG-11285,PRJ-1057,2026-06-23,Security Audit Sync,14,Record own shoulder enjoy however model move attack crime dark discussion.,2
MTG-11286,PRJ-1059,2026-06-18,Sprint Review & Demo,14,Group us dark trouble husband level until less daughter.,4
MTG-11287,PRJ-1060,2026-06-25,Risk & Mitigation Board,14,Question bad clear here despite instead stay.,1
MTG-11288,PRJ-1062,2026-06-23,Security Audit Sync,9,Car many of general building design avoid property father.,1
MTG-11289,PRJ-1063,2026-03-29,Sprint Review & Demo,5,Rise collection often answer ten.,0
MTG-11290,PRJ-1064,2026-04-02,Sprint Review & Demo,11,Win behind every yet door.,0
MTG-11291,PRJ-1065,2026-03-22,Security Audit Sync,12,Story huge move until toward scientist matter message.,2
MTG-11292,PRJ-1066,2026-06-15,Steering Committee Sync,13,Add claim begin man star movie.,0
MTG-11293,PRJ-1067,2026-03-19,Financial Burn Review,11,Cover mind wind commercial national same man rule paper doctor international step.,5
MTG-11294,PRJ-1068,2026-06-10,Architecture Review Board,5,Drug boy middle myself you impact full occur last school manage.,2
MTG-11295,PRJ-1071,2026-05-21,Financial Burn Review,10,Rest investment race yes law record I visit door if sister.,2
MTG-11296,PRJ-1072,2026-03-15,Risk & Mitigation Board,10,Half able music base subject.,2
MTG-11297,PRJ-1073,2026-03-19,Architecture Review Board,6,Glass purpose beat hotel them hand since much language bit enter notice.,5
MTG-11298,PRJ-1074,2026-05-24,Sprint Review & Demo,5,Prepare view authority number force huge lead order always opportunity significant.,1
MTG-11299,PRJ-1076,2026-03-30,Security Audit Sync,6,Perhaps my situation test well camera truth surface sometimes week.,2
MTG-11300,PRJ-1077,2026-05-20,Risk & Mitigation Board,4,Production my window our reality medical factor candidate.,6
MTG-11301,PRJ-1079,2026-06-11,Risk & Mitigation Board,12,Suffer particular network at base get personal medical while.,2
MTG-11302,PRJ-1080,2026-05-27,Financial Burn Review,5,Receive kid ground condition time.,4
MTG-11303,PRJ-1081,2026-04-15,Financial Burn Review,12,Local much will cost value later herself back pass.,2
MTG-11304,PRJ-1083,2026-05-23,Security Audit Sync,5,Manager mother his change perhaps trip media responsibility child street.,6
MTG-11305,PRJ-1084,2026-04-05,Steering Committee Sync,5,Cultural yes although poor five modern human control personal down appear.,6
MTG-11306,PRJ-1085,2026-03-30,Steering Committee Sync,6,Professional test sense hope road.,2
MTG-11307,PRJ-1088,2026-04-06,Sprint Review & Demo,11,Notice air by evidence my sing garden hear economy various.,2
MTG-11308,PRJ-1089,2026-04-14,Architecture Review Board,4,Hour cell step particularly control east weight raise school suggest smile store.,0
MTG-11309,PRJ-1090,2026-03-24,Steering Committee Sync,7,National top occur billion if end range.,5
MTG-11310,PRJ-1091,2026-06-15,Security Audit Sync,5,Mouth full writer low trial gas cold.,2
MTG-11311,PRJ-1092,2026-05-06,Financial Burn Review,4,Watch develop reason gas part rather bill team vote.,1
MTG-11312,PRJ-1093,2026-03-10,Sprint Review & Demo,12,Hard agent position million what wear next administration fly.,0
MTG-11313,PRJ-1094,2026-04-25,Architecture Review Board,12,Station difference create physical build push mention officer.,3
MTG-11314,PRJ-1095,2026-06-17,Steering Committee Sync,14,Trial out close current strategy four.,1
MTG-11315,PRJ-1096,2026-03-26,Sprint Review & Demo,8,Beat hair house because family.,2
MTG-11316,PRJ-1097,2026-03-10,Sprint Review & Demo,8,Dark describe community people Democrat information road week best.,5
MTG-11317,PRJ-1098,2026-06-01,Security Audit Sync,11,Surface animal where entire suggest recent poor board wear society.,2
MTG-11318,PRJ-1099,2026-03-02,Steering Committee Sync,11,Concern him more young receive model no painting strong.,5
MTG-11319,PRJ-1100,2026-05-27,Security Audit Sync,12,Even candidate suddenly money task.,1
MTG-11320,PRJ-1101,2026-04-08,Architecture Review Board,12,Three very newspaper tree simply indicate western.,5
MTG-11321,PRJ-1102,2026-06-09,Financial Burn Review,5,Media society last kind fear cold manage full front scientist protect must.,2
MTG-11322,PRJ-1103,2026-04-07,Security Audit Sync,7,Instead hair term skin success explain maybe fight pass budget bar really.,0
MTG-11323,PRJ-1104,2026-06-24,Sprint Review & Demo,6,Carry surface think amount soon.,0
MTG-11324,PRJ-1105,2026-04-11,Architecture Review Board,6,Only there authority door poor stay yard break.,0
MTG-11325,PRJ-1107,2026-04-06,Financial Burn Review,7,Attorney accept future almost daughter plan new consider beyond.,2
MTG-11326,PRJ-1108,2026-04-03,Financial Burn Review,8,Modern him only yet make matter sure wrong develop large PM.,3
MTG-11327,PRJ-1109,2026-04-19,Steering Committee Sync,13,Poor change according hand middle school cold hard.,6
MTG-11328,PRJ-1111,2026-03-23,Risk & Mitigation Board,12,Moment south common myself staff say.,1
MTG-11329,PRJ-1112,2026-03-20,Architecture Review Board,10,Call paper these population phone perhaps.,1
MTG-11330,PRJ-1114,2026-03-05,Security Audit Sync,10,Those mind indeed majority daughter.,2
MTG-11331,PRJ-1115,2026-05-03,Risk & Mitigation Board,8,Agency close likely million beautiful lay skin tonight lose.,1
MTG-11332,PRJ-1116,2026-04-05,Security Audit Sync,6,No enter career choice number allow central bed staff.,1
MTG-11333,PRJ-1117,2026-06-08,Financial Burn Review,5,Him price drop bill apply than responsibility whether population compare.,0
MTG-11334,PRJ-1118,2026-04-21,Security Audit Sync,8,Cup skin rock understand pretty whom what.,6
MTG-11335,PRJ-1119,2026-06-17,Security Audit Sync,14,Consider choice western travel degree in commercial beyond interview.,6
MTG-11336,PRJ-1120,2026-04-06,Steering Committee Sync,9,Away field network century to foot hair who smile talk music floor.,2
MTG-11337,PRJ-1122,2026-06-18,Financial Burn Review,14,Individual major popular say think despite space face.,2
MTG-11338,PRJ-1123,2026-06-19,Financial Burn Review,6,Forward tend officer well marriage resource bring throw page summer old.,2
MTG-11339,PRJ-1124,2026-02-26,Risk & Mitigation Board,9,Company attorney area east too life money marriage both make time.,0
MTG-11340,PRJ-1125,2026-04-06,Risk & Mitigation Board,4,Week watch million candidate agreement push will care hair role risk approach.,1
MTG-11341,PRJ-1126,2026-03-20,Financial Burn Review,5,Third enter never paper vote.,0
MTG-11342,PRJ-1127,2026-06-12,Architecture Review Board,12,Me tell just raise really reveal these project group door movement.,0
MTG-11343,PRJ-1128,2026-06-16,Sprint Review & Demo,12,Dark everything few two population.,2
MTG-11344,PRJ-1129,2026-06-03,Risk & Mitigation Board,9,Fly least get the west the now up behavior single poor.,1
MTG-11345,PRJ-1130,2026-03-18,Security Audit Sync,9,See professional begin current everyone test memory arm statement treatment office yeah.,0
MTG-11346,PRJ-1131,2026-03-07,Architecture Review Board,6,Matter participant boy huge plan rule break church term under whether improve.,3
MTG-11347,PRJ-1132,2026-05-27,Steering Committee Sync,4,Apply paper second become both idea.,1
MTG-11348,PRJ-1133,2026-03-13,Sprint Review & Demo,7,Among pay all carry garden sea more.,4
MTG-11349,PRJ-1134,2026-04-19,Risk & Mitigation Board,5,Cup performance role already occur issue front movie.,0
MTG-11350,PRJ-1135,2026-05-16,Steering Committee Sync,8,Practice professor feeling minute change size computer bed age next.,2
MTG-11351,PRJ-1136,2026-04-14,Financial Burn Review,5,Cell front across professor word change expert can style option red.,1
MTG-11352,PRJ-1138,2026-04-11,Financial Burn Review,13,Return style at score pretty south Democrat project other.,1
MTG-11353,PRJ-1139,2026-03-13,Architecture Review Board,8,Market admit best why budget every interest grow force happen film under.,2
MTG-11354,PRJ-1140,2026-03-23,Financial Burn Review,4,Else avoid sea choose cell.,0
MTG-11355,PRJ-1141,2026-04-24,Steering Committee Sync,10,Institution gun class discuss manager.,3
MTG-11356,PRJ-1142,2026-03-05,Steering Committee Sync,14,People kitchen return be international opportunity include candidate team most war blood.,1
MTG-11357,PRJ-1143,2026-04-05,Financial Burn Review,13,Still range politics develop report experience economic.,2
MTG-11358,PRJ-1144,2026-03-12,Risk & Mitigation Board,13,Guy toward what north shoulder later institution skin performance he opportunity sing.,4
MTG-11359,PRJ-1145,2026-04-08,Steering Committee Sync,4,Interesting common early look blood student economy its.,1
MTG-11360,PRJ-1146,2026-03-11,Security Audit Sync,6,Arrive budget situation but debate south say include discover last everybody.,5
MTG-11361,PRJ-1147,2026-06-19,Security Audit Sync,6,Class might name might speech prove language challenge air rest.,0
MTG-11362,PRJ-1148,2026-06-22,Risk & Mitigation Board,8,Less crime amount laugh east left.,5
MTG-11363,PRJ-1149,2026-03-25,Sprint Review & Demo,14,Why spend explain wide west man.,2
MTG-11364,PRJ-1150,2026-03-21,Architecture Review Board,7,Company region agent north consider mother month green international.,2
MTG-11365,PRJ-1002,2026-04-18,Security Audit Sync,10,Many daughter night free yourself sound since parent.,2
MTG-11366,PRJ-1004,2026-03-16,Security Audit Sync,6,Two stuff threat join chance good ask drive catch table.,4
MTG-11367,PRJ-1006,2026-02-28,Risk & Mitigation Board,11,Woman idea international financial form operation.,3
MTG-11368,PRJ-1007,2026-05-27,Financial Burn Review,8,Anything open project buy edge after.,1
MTG-11369,PRJ-1008,2026-05-15,Risk & Mitigation Board,7,Door should need star none record religious recent off fire property remain.,5
MTG-11370,PRJ-1009,2026-04-04,Architecture Review Board,5,Amount particular maybe space father store start.,2
MTG-11371,PRJ-1010,2026-06-17,Architecture Review Board,9,Situation more manage difference assume leg keep build increase.,1
MTG-11372,PRJ-1011,2026-05-09,Sprint Review & Demo,5,Bill traditional western chance machine weight machine number.,2
MTG-11373,PRJ-1012,2026-03-27,Sprint Review & Demo,7,Several join decision read middle opportunity eye.,2
MTG-11374,PRJ-1013,2026-05-05,Sprint Review & Demo,13,Yet land address represent treat close.,0
MTG-11375,PRJ-1014,2026-04-18,Sprint Review & Demo,8,Ago level middle star music commercial.,1
MTG-11376,PRJ-1015,2026-03-08,Financial Burn Review,4,Subject produce process piece produce else.,1
MTG-11377,PRJ-1016,2026-06-07,Risk & Mitigation Board,12,Want son dog range seem number other those sister large chair.,2
MTG-11378,PRJ-1017,2026-03-11,Security Audit Sync,11,While room Mr personal who until meet spring surface wife.,0
MTG-11379,PRJ-1019,2026-06-17,Risk & Mitigation Board,14,Fight catch serious later they green message until.,2
MTG-11380,PRJ-1020,2026-05-05,Security Audit Sync,5,Win health usually much article agent music industry floor project.,2
MTG-11381,PRJ-1021,2026-06-05,Risk & Mitigation Board,13,Success herself be other before possible base.,1
MTG-11382,PRJ-1024,2026-03-16,Steering Committee Sync,4,Purpose opportunity social outside interest tough character risk hot wall prove.,2
MTG-11383,PRJ-1026,2026-06-07,Security Audit Sync,12,Environment open director brother toward.,1
MTG-11384,PRJ-1027,2026-03-08,Security Audit Sync,7,Interest great analysis tonight politics computer exist throw real next four help.,3
MTG-11385,PRJ-1029,2026-03-10,Security Audit Sync,12,Ok teacher probably political consider policy those unit reduce executive.,2
MTG-11386,PRJ-1030,2026-05-10,Security Audit Sync,4,National result very investment enter memory charge know check.,5
MTG-11387,PRJ-1031,2026-04-07,Financial Burn Review,6,Central wonder green set stay image my by maybe.,1
MTG-11388,PRJ-1032,2026-05-05,Security Audit Sync,7,Entire hundred recent direction American job world.,2
MTG-11389,PRJ-1033,2026-04-14,Steering Committee Sync,9,Wrong send knowledge office interesting perhaps as.,1
MTG-11390,PRJ-1034,2026-04-02,Steering Committee Sync,9,Your both to yes eat product would.,5
MTG-11391,PRJ-1035,2026-05-13,Sprint Review & Demo,11,Your their resource blue degree rest thus.,4
MTG-11392,PRJ-1036,2026-04-08,Risk & Mitigation Board,9,Analysis effort news behind forward stop against close.,0
MTG-11393,PRJ-1038,2026-06-14,Sprint Review & Demo,14,Seek many energy pattern investment practice their recent.,1
MTG-11394,PRJ-1039,2026-03-30,Steering Committee Sync,5,Indicate suddenly like science to use assume middle record organization of.,5
MTG-11395,PRJ-1040,2026-05-02,Architecture Review Board,11,National what role term left.,1
MTG-11396,PRJ-1041,2026-05-03,Architecture Review Board,7,Even kitchen including summer bit difficult.,1
MTG-11397,PRJ-1043,2026-04-06,Sprint Review & Demo,14,Try phone water national pattern Mrs source.,2
MTG-11398,PRJ-1044,2026-03-27,Financial Burn Review,7,How peace key us high fine throughout bed future end finish process.,4
MTG-11399,PRJ-1045,2026-03-11,Architecture Review Board,12,Care out Congress suddenly sit yes east up threat and box listen.,6
MTG-11400,PRJ-1047,2026-04-17,Sprint Review & Demo,13,Dinner other sell new house instead.,1
MTG-11401,PRJ-1048,2026-03-27,Risk & Mitigation Board,9,Beyond often foreign outside her account.,0
MTG-11402,PRJ-1050,2026-02-28,Sprint Review & Demo,11,Feeling career morning oil condition fall heavy heart tend size scientist.,2
MTG-11403,PRJ-1051,2026-05-03,Architecture Review Board,9,Issue improve force job class star use fire tend majority.,1
MTG-11404,PRJ-1052,2026-04-20,Sprint Review & Demo,9,Throughout number site final five determine sit source ahead capital tax.,1
MTG-11405,PRJ-1053,2026-04-11,Security Audit Sync,10,Then situation take contain industry red approach how free.,0
MTG-11406,PRJ-1054,2026-05-09,Architecture Review Board,5,Understand across use international talk brother charge Congress.,1
MTG-11407,PRJ-1055,2026-05-28,Risk & Mitigation Board,7,Into thing really listen husband shake party hope billion computer.,1
MTG-11408,PRJ-1056,2026-05-22,Sprint Review & Demo,12,Begin treat system spring economy someone.,2
MTG-11409,PRJ-1057,2026-05-13,Steering Committee Sync,5,Accept toward Mr board open word.,1
MTG-11410,PRJ-1059,2026-04-24,Risk & Mitigation Board,6,Yard campaign themselves common other walk know size add soon land.,1
MTG-11411,PRJ-1060,2026-06-25,Security Audit Sync,7,Society table police interesting challenge book clearly data economy save.,1
MTG-11412,PRJ-1062,2026-06-12,Risk & Mitigation Board,9,Direction generation open history sell answer never wind player.,1
MTG-11413,PRJ-1063,2026-04-11,Architecture Review Board,10,Way company campaign public reason discussion food education.,1
MTG-11414,PRJ-1064,2026-06-01,Steering Committee Sync,8,Another put investment figure happen present full certainly.,2
MTG-11415,PRJ-1065,2026-03-21,Sprint Review & Demo,14,Born war child require language show.,1
MTG-11416,PRJ-1066,2026-05-10,Risk & Mitigation Board,6,Radio per spring be just similar shake drug fall political.,0
MTG-11417,PRJ-1067,2026-05-26,Architecture Review Board,10,College court strategy much rate standard today government actually myself.,6
MTG-11418,PRJ-1068,2026-06-02,Sprint Review & Demo,7,Parent hit east among forget play.,1
MTG-11419,PRJ-1071,2026-03-01,Sprint Review & Demo,8,Yes without foot nation stop environment throw former director figure along TV.,2
MTG-11420,PRJ-1072,2026-05-21,Sprint Review & Demo,10,Method resource how listen expert toward.,0
MTG-11421,PRJ-1073,2026-06-07,Risk & Mitigation Board,9,Writer everything effort prove growth energy apply mother standard.,6
MTG-11422,PRJ-1074,2026-06-11,Sprint Review & Demo,14,Little people late six blue politics.,0
MTG-11423,PRJ-1076,2026-05-15,Steering Committee Sync,14,Drive other chair lead maybe produce them save sound.,1
MTG-11424,PRJ-1077,2026-05-05,Architecture Review Board,10,Write month simply those share out fill world loss reflect.,1
MTG-11425,PRJ-1079,2026-06-06,Risk & Mitigation Board,11,Ever last case heavy already become.,2
MTG-11426,PRJ-1080,2026-05-24,Security Audit Sync,6,Music white report company car data news difficult last miss draw society.,6
MTG-11427,PRJ-1081,2026-03-16,Architecture Review Board,12,World process matter hot stage want.,1
MTG-11428,PRJ-1083,2026-05-04,Security Audit Sync,10,Military method any official under cold building.,6
MTG-11429,PRJ-1084,2026-06-03,Steering Committee Sync,5,Continue compare able as miss.,1
MTG-11430,PRJ-1085,2026-04-22,Sprint Review & Demo,6,Boy travel meet place public newspaper soon lose hit.,0
MTG-11431,PRJ-1088,2026-02-27,Architecture Review Board,4,Stand country himself behavior article right.,2
MTG-11432,PRJ-1089,2026-06-13,Security Audit Sync,4,Up practice political be member another lot inside.,0
MTG-11433,PRJ-1090,2026-05-27,Security Audit Sync,10,Political crime finally term open story so alone cup significant admit.,3
MTG-11434,PRJ-1091,2026-06-06,Financial Burn Review,4,Trouble about stage everything forget score here street former.,6
MTG-11435,PRJ-1092,2026-06-14,Risk & Mitigation Board,8,Job win protect instead begin.,1
MTG-11436,PRJ-1093,2026-02-27,Architecture Review Board,5,Trouble federal beautiful bed subject year different executive space.,1
MTG-11437,PRJ-1094,2026-05-01,Risk & Mitigation Board,13,Human stand trouble especially peace among.,2
MTG-11438,PRJ-1095,2026-05-10,Steering Committee Sync,12,Significant set involve nature family cell move nothing perform.,2
MTG-11439,PRJ-1096,2026-03-17,Steering Committee Sync,8,Learn address doctor item new today not line yet produce magazine pass.,2
MTG-11440,PRJ-1097,2026-04-10,Sprint Review & Demo,7,Sort investment guy such notice to age organization call.,3
MTG-11441,PRJ-1098,2026-06-19,Security Audit Sync,7,It reduce write lawyer white miss.,1
MTG-11442,PRJ-1099,2026-05-04,Risk & Mitigation Board,5,Herself few bad take set woman occur.,6
MTG-11443,PRJ-1100,2026-06-18,Security Audit Sync,12,Six guess member will brother main.,2
MTG-11444,PRJ-1101,2026-04-01,Financial Burn Review,7,Provide case father own six benefit.,2
MTG-11445,PRJ-1102,2026-05-17,Financial Burn Review,14,Certain begin require idea case entire class owner local mention avoid.,6
MTG-11446,PRJ-1103,2026-03-04,Steering Committee Sync,5,Return hand trouble black network race health street.,0
MTG-11447,PRJ-1104,2026-03-03,Steering Committee Sync,4,Single call suddenly center suddenly happen store report adult same.,1
MTG-11448,PRJ-1105,2026-03-05,Architecture Review Board,6,Detail region garden every apply commercial still everything ten.,0
MTG-11449,PRJ-1107,2026-06-25,Risk & Mitigation Board,13,Clear nice foreign return skin above become minute war stage consumer.,0
MTG-11450,PRJ-1108,2026-05-19,Steering Committee Sync,4,Drive carry information hope value under some health loss arrive.,1
MTG-11451,PRJ-1109,2026-04-09,Risk & Mitigation Board,12,Political send arrive break head a concern less southern wonder prevent.,4
MTG-11452,PRJ-1111,2026-04-04,Architecture Review Board,14,Ball they season dinner stage soldier apply notice current allow.,6
MTG-11453,PRJ-1112,2026-03-06,Steering Committee Sync,9,Order quite above low town stop president theory off fine.,0
MTG-11454,PRJ-1114,2026-05-22,Risk & Mitigation Board,4,Dinner position something miss including new degree tax.,4
MTG-11455,PRJ-1115,2026-04-08,Financial Burn Review,14,Either what she including run where soldier method center listen source specific.,4
MTG-11456,PRJ-1116,2026-03-07,Sprint Review & Demo,5,Along forward child simple professional idea.,1
MTG-11457,PRJ-1117,2026-05-19,Architecture Review Board,8,Life father wife situation rock just.,1
MTG-11458,PRJ-1118,2026-04-29,Architecture Review Board,10,Front truth inside art television without itself seat.,6
MTG-11459,PRJ-1119,2026-04-20,Steering Committee Sync,4,Nature wrong you through us me natural whose fish direction TV something.,3
MTG-11460,PRJ-1120,2026-05-12,Steering Committee Sync,4,Image case answer free knowledge know everybody anyone.,0
MTG-11461,PRJ-1122,2026-04-10,Sprint Review & Demo,9,Friend bag which city north role act alone view total foot amount.,2
MTG-11462,PRJ-1123,2026-05-12,Steering Committee Sync,11,Room program outside threat between bar beyond single.,1
MTG-11463,PRJ-1124,2026-06-18,Architecture Review Board,5,Over rather central south region knowledge.,2
MTG-11464,PRJ-1125,2026-04-13,Risk & Mitigation Board,8,Collection agency response he doctor stage usually.,0
MTG-11465,PRJ-1126,2026-05-20,Risk & Mitigation Board,9,Radio your throw project consider too.,1
MTG-11466,PRJ-1127,2026-05-31,Architecture Review Board,5,Ground while action teacher service record anything floor front television us.,0
MTG-11467,PRJ-1128,2026-06-14,Security Audit Sync,14,Whom pressure rather employee plant pay allow executive what.,0
MTG-11468,PRJ-1129,2026-04-26,Financial Burn Review,9,Region suddenly less nearly us remain operation hand agreement discover.,2
MTG-11469,PRJ-1130,2026-05-27,Architecture Review Board,9,Answer work explain quality democratic fight.,2
MTG-11470,PRJ-1131,2026-05-23,Security Audit Sync,12,Real often able give visit there into.,5
MTG-11471,PRJ-1132,2026-04-27,Financial Burn Review,7,Ask myself phone travel western wrong front past.,1
MTG-11472,PRJ-1133,2026-06-13,Security Audit Sync,7,Grow service during health note chair guess audience arrive white notice.,3
MTG-11473,PRJ-1134,2026-05-06,Financial Burn Review,5,Huge investment trial station arrive.,1
MTG-11474,PRJ-1135,2026-05-02,Sprint Review & Demo,14,Local analysis receive drop look environment quite respond what production.,0
MTG-11475,PRJ-1136,2026-05-05,Security Audit Sync,5,Fill recognize worry technology after hotel learn serve.,2
MTG-11476,PRJ-1138,2026-06-07,Sprint Review & Demo,14,Foreign design plan stock authority defense here effort together.,2
MTG-11477,PRJ-1139,2026-03-20,Steering Committee Sync,11,Least effort old physical product of.,0
MTG-11478,PRJ-1140,2026-05-30,Sprint Review & Demo,12,Smile film task attorney say allow always.,0
MTG-11479,PRJ-1141,2026-06-13,Financial Burn Review,8,Stuff another each PM where new including education add though.,3
MTG-11480,PRJ-1142,2026-03-11,Security Audit Sync,7,Hotel detail carry until example question whatever type lead.,1
MTG-11481,PRJ-1143,2026-05-27,Financial Burn Review,6,News word later tax team because order order interest cold another.,2
MTG-11482,PRJ-1144,2026-06-20,Sprint Review & Demo,7,Industry sound condition across reason leader government cost.,2
MTG-11483,PRJ-1145,2026-03-28,Risk & Mitigation Board,8,Three reason call traditional boy song success difficult sell accept.,2
MTG-11484,PRJ-1146,2026-03-20,Financial Burn Review,9,Between somebody rise color good travel size.,3
MTG-11485,PRJ-1147,2026-04-29,Risk & Mitigation Board,5,Reveal rather not its significant me deep he nearly bank.,2
MTG-11486,PRJ-1148,2026-05-07,Risk & Mitigation Board,11,Notice less win cold real high might remember seek.,1
MTG-11487,PRJ-1149,2026-05-29,Risk & Mitigation Board,12,Long she record teach attack without participant choice.,2
MTG-11488,PRJ-1150,2026-06-15,Sprint Review & Demo,13,Tonight sound everybody which financial apply benefit method collection senior.,0
MTG-11489,PRJ-1002,2026-03-17,Architecture Review Board,6,Concern degree far camera unit.,2
MTG-11490,PRJ-1004,2026-06-23,Architecture Review Board,13,Production choice edge everyone maintain everything.,1
MTG-11491,PRJ-1006,2026-03-23,Sprint Review & Demo,7,Under team security at wind what.,6
MTG-11492,PRJ-1007,2026-05-06,Security Audit Sync,11,Red pull save same camera plant without.,1
MTG-11493,PRJ-1008,2026-03-31,Security Audit Sync,12,Despite capital response marriage sure camera then.,5
MTG-11494,PRJ-1009,2026-03-27,Sprint Review & Demo,11,Among since candidate behavior friend another effect.,0
MTG-11495,PRJ-1010,2026-03-21,Financial Burn Review,12,General soldier discuss stock lead green.,1
MTG-11496,PRJ-1011,2026-06-14,Risk & Mitigation Board,13,Particularly difference should raise prepare wrong.,1
MTG-11497,PRJ-1012,2026-03-08,Architecture Review Board,6,Like her part team city see.,0
MTG-11498,PRJ-1013,2026-04-30,Sprint Review & Demo,13,Want ahead easy whole must every.,0
MTG-11499,PRJ-1014,2026-05-11,Steering Committee Sync,4,Class nothing soon data budget main may happen newspaper.,5
MTG-11500,PRJ-1015,2026-04-11,Financial Burn Review,12,Success traditional leave send through himself red upon base mention.,1
MTG-11501,PRJ-1016,2026-04-14,Security Audit Sync,12,Art ok single situation feel already whole hot cultural.,2
MTG-11502,PRJ-1017,2026-04-03,Architecture Review Board,7,Response nothing gas few page cold couple.,1
MTG-11503,PRJ-1019,2026-06-07,Architecture Review Board,8,Care think brother far chair describe in case stock.,2
MTG-11504,PRJ-1020,2026-04-08,Financial Burn Review,6,Receive entire character quickly sure player western move manage worry wear.,0
MTG-11505,PRJ-1021,2026-05-11,Steering Committee Sync,12,Us challenge drive find star be over radio enough cut fund dream.,1
MTG-11506,PRJ-1024,2026-03-14,Steering Committee Sync,4,Water wind cost hand arm mother different end.,1
MTG-11507,PRJ-1026,2026-03-22,Security Audit Sync,8,Speak drive bad strong summer.,0
MTG-11508,PRJ-1027,2026-04-30,Steering Committee Sync,4,Agreement woman environment tell sing hospital ready push material.,3
MTG-11509,PRJ-1029,2026-06-01,Security Audit Sync,7,Only thus something environmental sign top player water guess.,0
MTG-11510,PRJ-1030,2026-03-26,Financial Burn Review,4,Nor yard establish hit rock since him southern issue.,1
MTG-11511,PRJ-1031,2026-06-14,Security Audit Sync,14,Bad gas have movement traditional of.,1
MTG-11512,PRJ-1032,2026-06-17,Financial Burn Review,9,True fill beautiful game set other follow vote office however such consider.,1
MTG-11513,PRJ-1033,2026-06-08,Sprint Review & Demo,12,Add thank everybody dream since open budget consider.,6
MTG-11514,PRJ-1034,2026-03-12,Architecture Review Board,6,Apply property enter name crime society church indeed.,6
MTG-11515,PRJ-1035,2026-03-11,Risk & Mitigation Board,8,Though degree special laugh include price leader bit traditional.,5
MTG-11516,PRJ-1036,2026-06-14,Architecture Review Board,14,Move rather business vote state.,0
MTG-11517,PRJ-1038,2026-06-16,Sprint Review & Demo,7,Use bag role land trouble news five.,1
MTG-11518,PRJ-1039,2026-03-23,Security Audit Sync,6,School computer threat measure leave environment quite three.,3
MTG-11519,PRJ-1040,2026-04-26,Architecture Review Board,12,Market poor clear possible staff agent.,0
MTG-11520,PRJ-1041,2026-04-30,Security Audit Sync,5,Themselves star development know laugh officer hundred food could.,2
MTG-11521,PRJ-1043,2026-04-23,Security Audit Sync,10,Everything artist still understand picture ground.,2
MTG-11522,PRJ-1044,2026-03-16,Security Audit Sync,14,Usually as until happen power probably animal agent charge task.,3
MTG-11523,PRJ-1045,2026-03-19,Security Audit Sync,12,Assume control leg suggest crime international.,5
MTG-11524,PRJ-1047,2026-05-09,Steering Committee Sync,7,Whose realize but truth several more physical beautiful.,1
MTG-11525,PRJ-1048,2026-06-25,Architecture Review Board,7,Cup cup performance go child.,1
MTG-11526,PRJ-1050,2026-05-30,Financial Burn Review,10,Trade agree population offer piece machine early.,2
MTG-11527,PRJ-1051,2026-03-13,Steering Committee Sync,7,Whom good throw process degree doctor college policy side.,1
MTG-11528,PRJ-1052,2026-04-20,Security Audit Sync,10,Couple mission part ability hair list really thus story site different dinner.,6
MTG-11529,PRJ-1053,2026-04-18,Architecture Review Board,11,Glass alone however traditional necessary learn memory home marriage where share.,0
MTG-11530,PRJ-1054,2026-06-02,Sprint Review & Demo,6,High better man choose between population weight.,4
MTG-11531,PRJ-1055,2026-06-23,Risk & Mitigation Board,6,Throw next nice while relationship white manage.,0
MTG-11532,PRJ-1056,2026-06-01,Steering Committee Sync,11,Itself religious energy teacher single long food send capital decide wide describe.,2
MTG-11533,PRJ-1057,2026-05-19,Security Audit Sync,14,Center claim Republican admit blood parent effect.,0
MTG-11534,PRJ-1059,2026-03-16,Architecture Review Board,8,Wrong teach not response professor rate team condition when if help.,1
MTG-11535,PRJ-1060,2026-06-04,Steering Committee Sync,10,Year front he any hope strategy player reveal ten each talk boy.,0
MTG-11536,PRJ-1062,2026-03-04,Security Audit Sync,7,Raise man bit door magazine firm task wear sign.,2
MTG-11537,PRJ-1063,2026-05-15,Sprint Review & Demo,5,Chance thousand author simple company produce meet expert human.,0
MTG-11538,PRJ-1064,2026-05-05,Risk & Mitigation Board,11,Prevent history finish everybody live gun edge authority company phone.,0
MTG-11539,PRJ-1065,2026-03-06,Security Audit Sync,5,Into result author not truth garden.,1
MTG-11540,PRJ-1066,2026-04-18,Security Audit Sync,6,Now provide office heavy world.,2
MTG-11541,PRJ-1067,2026-05-07,Security Audit Sync,13,Natural group continue local a case effect its citizen address.,1
MTG-11542,PRJ-1068,2026-05-11,Sprint Review & Demo,10,Benefit rock bed film wait number sell involve water idea mother.,1
MTG-11543,PRJ-1071,2026-05-14,Sprint Review & Demo,4,Already western listen avoid international throw discuss something world.,1
MTG-11544,PRJ-1072,2026-03-20,Security Audit Sync,6,Present push agreement where receive white movement little name good.,0
MTG-11545,PRJ-1073,2026-06-06,Steering Committee Sync,8,Wait rate too recognize final boy begin.,1
MTG-11546,PRJ-1074,2026-05-29,Steering Committee Sync,13,Final air mention rise official friend do certain citizen.,2
MTG-11547,PRJ-1076,2026-05-07,Sprint Review & Demo,5,Success simple main her year none lay TV lose.,0
MTG-11548,PRJ-1077,2026-05-22,Financial Burn Review,9,Cell why less fill name.,6
MTG-11549,PRJ-1079,2026-05-28,Security Audit Sync,7,Husband occur or type those become staff history girl real almost.,0
MTG-11550,PRJ-1080,2026-06-08,Steering Committee Sync,13,Age each fire determine current.,4
MTG-11551,PRJ-1081,2026-05-07,Risk & Mitigation Board,8,Window north pattern while kid body play practice case.,0
MTG-11552,PRJ-1083,2026-05-20,Architecture Review Board,6,Fly anyone he letter account happy body.,4
MTG-11553,PRJ-1084,2026-04-30,Steering Committee Sync,12,Including deal feel would table pass trouble per nice now.,1
MTG-11554,PRJ-1085,2026-04-07,Security Audit Sync,14,Give example price easy win send themselves walk factor.,1
MTG-11555,PRJ-1088,2026-03-24,Financial Burn Review,4,Size social figure building notice owner each parent.,0
MTG-11556,PRJ-1089,2026-06-06,Sprint Review & Demo,12,Every late difficult thing theory enough moment put.,0
MTG-11557,PRJ-1090,2026-05-15,Architecture Review Board,12,Commercial different order matter campaign reveal rich despite offer stage politics.,1
MTG-11558,PRJ-1091,2026-06-11,Risk & Mitigation Board,4,Teach especially eat billion account thus number can reality boy long analysis.,2
MTG-11559,PRJ-1092,2026-04-06,Steering Committee Sync,7,Girl expert report include from song car sing also act few.,0
MTG-11560,PRJ-1093,2026-05-05,Risk & Mitigation Board,6,High ask rich development area agree today themselves.,1
MTG-11561,PRJ-1094,2026-03-10,Architecture Review Board,8,Daughter tell four hour green religious.,6
MTG-11562,PRJ-1095,2026-04-13,Steering Committee Sync,10,Old physical style white new involve south two participant.,2
MTG-11563,PRJ-1096,2026-06-19,Security Audit Sync,5,Relationship need country receive however determine authority various.,6
MTG-11564,PRJ-1097,2026-05-03,Risk & Mitigation Board,5,Those father contain stock citizen.,2
MTG-11565,PRJ-1098,2026-05-17,Steering Committee Sync,8,Almost eat financial fall enter debate.,0
MTG-11566,PRJ-1099,2026-03-10,Architecture Review Board,13,Discussion late often mean really song how start.,1
MTG-11567,PRJ-1100,2026-06-05,Architecture Review Board,9,Need top wear finish remain.,0
MTG-11568,PRJ-1101,2026-03-14,Sprint Review & Demo,13,High old anyone though president position win just.,1
MTG-11569,PRJ-1102,2026-04-01,Steering Committee Sync,10,Enjoy year few success around direction soldier strong water clear.,2
MTG-11570,PRJ-1103,2026-06-03,Financial Burn Review,13,Want instead full large front the two city cut minute check soldier.,1
MTG-11571,PRJ-1104,2026-02-27,Steering Committee Sync,10,Care husband yard democratic there.,2
MTG-11572,PRJ-1105,2026-03-25,Steering Committee Sync,14,Culture impact kid safe but too situation.,2
MTG-11573,PRJ-1107,2026-04-10,Architecture Review Board,8,Join interview simply participant girl.,2
MTG-11574,PRJ-1108,2026-06-03,Architecture Review Board,8,Together arm everyone have argue walk community discuss.,1
MTG-11575,PRJ-1109,2026-05-06,Risk & Mitigation Board,9,Staff color ahead establish truth society another music.,6
MTG-11576,PRJ-1111,2026-04-22,Architecture Review Board,5,Special something true administration lawyer clear clear someone fall thing around sport.,6
MTG-11577,PRJ-1112,2026-05-23,Sprint Review & Demo,14,Produce national role when story live player manager.,0
MTG-11578,PRJ-1114,2026-06-04,Steering Committee Sync,6,Black skill over television understand anyone growth must Mr turn.,3
MTG-11579,PRJ-1115,2026-03-16,Risk & Mitigation Board,11,Pick fund the ask choose out sort once read history.,4
MTG-11580,PRJ-1116,2026-05-27,Sprint Review & Demo,13,Republican trip right challenge easy eat could of.,0
MTG-11581,PRJ-1117,2026-06-18,Risk & Mitigation Board,8,Between be without budget leader message dog.,2
MTG-11582,PRJ-1118,2026-04-08,Steering Committee Sync,9,Indeed truth pass prove through together lawyer anyone station fact already.,1
MTG-11583,PRJ-1119,2026-05-12,Steering Committee Sync,10,Our good onto people edge great our.,2
MTG-11584,PRJ-1120,2026-05-25,Architecture Review Board,11,Management common center man hold effort.,1
MTG-11585,PRJ-1122,2026-03-24,Risk & Mitigation Board,10,Consider again tax change both computer quickly rate end these.,1
MTG-11586,PRJ-1123,2026-04-12,Financial Burn Review,9,Training science ability much crime wish family.,2
MTG-11587,PRJ-1124,2026-04-20,Steering Committee Sync,7,Fight subject material out two.,2
MTG-11588,PRJ-1125,2026-02-27,Risk & Mitigation Board,12,Again coach team pass help medical glass partner themselves country.,1
MTG-11589,PRJ-1126,2026-05-18,Risk & Mitigation Board,12,Either reduce consider interview price civil there scientist increase environmental laugh.,2
MTG-11590,PRJ-1127,2026-04-26,Risk & Mitigation Board,12,Some civil grow child industry though glass base special.,2
MTG-11591,PRJ-1128,2026-03-14,Steering Committee Sync,5,Of until character experience author under western shoulder despite.,1
MTG-11592,PRJ-1129,2026-03-16,Financial Burn Review,10,Firm professor ok discussion each property speech position common.,6
MTG-11593,PRJ-1130,2026-05-11,Financial Burn Review,7,Professional west amount help friend else method position.,2
MTG-11594,PRJ-1131,2026-05-03,Security Audit Sync,7,Create rich development Mrs surface analysis.,1
MTG-11595,PRJ-1132,2026-05-05,Architecture Review Board,7,Region church standard base sure behind stock.,0
MTG-11596,PRJ-1133,2026-05-30,Sprint Review & Demo,12,See memory treatment both head child itself individual matter.,3
MTG-11597,PRJ-1134,2026-04-15,Risk & Mitigation Board,5,Billion old most energy Mr.,0
MTG-11598,PRJ-1135,2026-04-13,Sprint Review & Demo,9,Seek student purpose amount home now maybe usually.,1
MTG-11599,PRJ-1136,2026-04-20,Steering Committee Sync,11,Lose story minute simply where point example thank see simple budget.,1
MTG-11600,PRJ-1138,2026-04-19,Steering Committee Sync,10,Design probably born cell us speak.,2
MTG-11601,PRJ-1139,2026-03-19,Steering Committee Sync,7,Consumer figure ask expect particularly mother somebody.,0
MTG-11602,PRJ-1140,2026-03-11,Sprint Review & Demo,6,Visit true nothing technology tend bed television land stay image.,2
MTG-11603,PRJ-1141,2026-05-10,Sprint Review & Demo,6,Everyone real benefit claim recognize book near arm themselves institution again read.,6
MTG-11604,PRJ-1142,2026-03-18,Risk & Mitigation Board,4,Artist girl culture claim from.,2
MTG-11605,PRJ-1143,2026-05-02,Security Audit Sync,9,Their about place force conference each morning.,1
MTG-11606,PRJ-1144,2026-03-26,Sprint Review & Demo,5,Very network class individual special.,6
MTG-11607,PRJ-1145,2026-03-18,Security Audit Sync,5,Should artist later move it state series value tax concern new.,2
MTG-11608,PRJ-1146,2026-06-12,Risk & Mitigation Board,6,Participant history smile where Democrat low too bar from box piece.,5
MTG-11609,PRJ-1147,2026-05-02,Sprint Review & Demo,9,Computer lawyer easy need whole board win couple professional.,0
MTG-11610,PRJ-1148,2026-05-31,Steering Committee Sync,7,Tonight response charge pull support room difference.,1
MTG-11611,PRJ-1149,2026-06-13,Sprint Review & Demo,13,Say rock as local remain share wait after well lot.,0
MTG-11612,PRJ-1150,2026-04-13,Risk & Mitigation Board,6,Institution pick have old according.,0
MTG-11613,PRJ-1002,2026-06-13,Risk & Mitigation Board,6,Mission task spend easy avoid camera parent what bring truth reason.,2
MTG-11614,PRJ-1004,2026-04-09,Security Audit Sync,8,Industry table poor must federal produce condition push wrong state character hospital.,5
MTG-11615,PRJ-1006,2026-04-11,Risk & Mitigation Board,9,Move shake particularly government stop catch large final medical.,4
MTG-11616,PRJ-1007,2026-05-04,Risk & Mitigation Board,4,Gas difference evening itself PM shake scene.,2
MTG-11617,PRJ-1008,2026-06-12,Architecture Review Board,6,Technology against environmental little share include opportunity young as just peace machine.,1
MTG-11618,PRJ-1009,2026-05-04,Sprint Review & Demo,4,Site leader rather marriage next rate sure exist every well cover.,2
MTG-11619,PRJ-1010,2026-05-09,Financial Burn Review,12,Suggest both left eye learn want gas human ok space blood.,0
MTG-11620,PRJ-1011,2026-04-12,Steering Committee Sync,10,Move enter firm society coach policy south then force color structure worry.,0
MTG-11621,PRJ-1012,2026-03-17,Risk & Mitigation Board,11,Which although hundred need top adult.,2
MTG-11622,PRJ-1013,2026-05-02,Financial Burn Review,8,Movement education minute show a theory of couple.,2
MTG-11623,PRJ-1014,2026-05-16,Financial Burn Review,8,Form figure spring necessary peace.,5
MTG-11624,PRJ-1015,2026-05-25,Security Audit Sync,10,Street sea black girl worker door change whether.,0
MTG-11625,PRJ-1016,2026-05-31,Steering Committee Sync,5,Another defense quickly result service.,1
MTG-11626,PRJ-1017,2026-04-15,Financial Burn Review,6,Thousand sing green data treat wear hold best end north stay without.,1
MTG-11627,PRJ-1019,2026-05-16,Security Audit Sync,10,It notice me look return affect brother line.,0
MTG-11628,PRJ-1020,2026-04-16,Financial Burn Review,7,All piece daughter head reach.,0
MTG-11629,PRJ-1021,2026-03-03,Risk & Mitigation Board,12,Try field why capital other analysis low professor.,2
MTG-11630,PRJ-1024,2026-06-20,Financial Burn Review,11,Total husband trouble close vote help skin call food general our.,0
MTG-11631,PRJ-1026,2026-06-10,Risk & Mitigation Board,14,Firm international condition voice Congress participant.,1
MTG-11632,PRJ-1027,2026-04-06,Security Audit Sync,10,Use positive far soldier else film too.,4
MTG-11633,PRJ-1029,2026-04-03,Steering Committee Sync,9,Range for others over for benefit station discussion.,0
MTG-11634,PRJ-1030,2026-03-25,Security Audit Sync,7,Major bank case four girl.,4
MTG-11635,PRJ-1031,2026-03-10,Architecture Review Board,5,Argue scientist hour probably water us attention response line type policy plan.,0
MTG-11636,PRJ-1032,2026-04-22,Sprint Review & Demo,13,International establish politics rule pay new Republican.,1
MTG-11637,PRJ-1033,2026-04-05,Architecture Review Board,7,Commercial once figure race get require fine image within.,1
MTG-11638,PRJ-1034,2026-04-06,Architecture Review Board,12,Past large area trouble more PM guy out election.,2
MTG-11639,PRJ-1035,2026-04-21,Sprint Review & Demo,7,Likely share police ground center just more sea.,1
MTG-11640,PRJ-1036,2026-05-24,Financial Burn Review,8,Street such budget oil reduce woman.,0
MTG-11641,PRJ-1038,2026-04-22,Steering Committee Sync,7,Eye top data four major move develop by.,2
MTG-11642,PRJ-1039,2026-03-24,Security Audit Sync,7,Them attention cut stay miss over.,1
MTG-11643,PRJ-1040,2026-03-19,Architecture Review Board,13,Message media threat speech news.,0
MTG-11644,PRJ-1041,2026-04-09,Financial Burn Review,13,Lose little act still itself firm artist.,0
MTG-11645,PRJ-1043,2026-03-19,Risk & Mitigation Board,4,Reality impact story defense force difficult speech six anyone mention.,0
MTG-11646,PRJ-1044,2026-06-09,Architecture Review Board,8,Interesting long fall thank market same kind her class.,1
MTG-11647,PRJ-1045,2026-06-03,Sprint Review & Demo,8,Usually would difference sport carry painting either heavy soldier energy town apply.,3
MTG-11648,PRJ-1047,2026-05-07,Risk & Mitigation Board,7,So ready born mother never look officer most doctor use remember clear.,2
MTG-11649,PRJ-1048,2026-05-21,Architecture Review Board,9,Organization professional fact explain practice hope save method might people voice.,1
MTG-11650,PRJ-1050,2026-06-06,Steering Committee Sync,14,Right old just night theory statement three forget report give mind watch.,2
MTG-11651,PRJ-1051,2026-05-26,Sprint Review & Demo,10,Anything century kid on room participant today suffer stuff star federal music.,1
MTG-11652,PRJ-1052,2026-05-13,Security Audit Sync,5,Together left unit seek more trouble enjoy forget between entire.,5
MTG-11653,PRJ-1053,2026-06-17,Financial Burn Review,4,Many them mission hospital model bar risk point decide me.,0
MTG-11654,PRJ-1054,2026-05-27,Financial Burn Review,11,Box bank early worry man much every trouble office thought age.,4
MTG-11655,PRJ-1055,2026-06-01,Financial Burn Review,8,Picture cold black life another firm night interesting institution debate statement.,0
MTG-11656,PRJ-1056,2026-04-11,Steering Committee Sync,14,Stop finish mean seem senior let see shoulder protect crime pull after.,0
MTG-11657,PRJ-1057,2026-05-26,Risk & Mitigation Board,14,Offer skin bag eat tax call.,0
MTG-11658,PRJ-1059,2026-05-05,Sprint Review & Demo,7,Film position firm building rich amount arrive most step something.,6
MTG-11659,PRJ-1060,2026-06-08,Steering Committee Sync,14,Amount foreign these federal research deal.,2
MTG-11660,PRJ-1062,2026-03-06,Steering Committee Sync,6,Usually somebody most day serious cause key describe give.,2
MTG-11661,PRJ-1063,2026-05-23,Financial Burn Review,13,Nothing decade drop peace region phone name wish with.,2
MTG-11662,PRJ-1064,2026-06-06,Security Audit Sync,9,Bed plan factor program beat free history heart once nothing.,2
MTG-11663,PRJ-1065,2026-04-09,Risk & Mitigation Board,9,Big face hotel quickly amount care.,0
MTG-11664,PRJ-1066,2026-04-27,Architecture Review Board,13,Likely consider agreement citizen organization you practice important.,1
MTG-11665,PRJ-1067,2026-04-08,Risk & Mitigation Board,14,Far miss help effort attention relate include alone.,1
MTG-11666,PRJ-1068,2026-03-10,Risk & Mitigation Board,7,Where follow through friend the play federal stock amount health.,0
MTG-11667,PRJ-1071,2026-03-12,Financial Burn Review,5,Protect natural career woman across central information.,5
MTG-11668,PRJ-1072,2026-04-17,Steering Committee Sync,14,Their enjoy else establish break sense discover first deep again in.,2
MTG-11669,PRJ-1073,2026-06-01,Risk & Mitigation Board,4,Manager employee series true team phone reality about community measure.,1
MTG-11670,PRJ-1074,2026-05-28,Steering Committee Sync,12,Voice meeting she that senior go talk down.,1
MTG-11671,PRJ-1076,2026-06-05,Sprint Review & Demo,5,Mrs throughout career make law thousand again whose south.,1
MTG-11672,PRJ-1077,2026-06-21,Risk & Mitigation Board,6,Small serious stuff star simply she.,3
MTG-11673,PRJ-1079,2026-03-02,Architecture Review Board,5,Water opportunity service top medical day like prepare.,0
MTG-11674,PRJ-1080,2026-04-10,Architecture Review Board,9,Develop doctor identify set last stop behind response painting performance both.,5
MTG-11675,PRJ-1081,2026-06-20,Architecture Review Board,5,Mention PM industry age nation how give.,0
MTG-11676,PRJ-1083,2026-05-31,Steering Committee Sync,11,Under attack suggest television discussion.,6
MTG-11677,PRJ-1084,2026-03-08,Architecture Review Board,8,Right green left account serious.,4
MTG-11678,PRJ-1085,2026-03-05,Risk & Mitigation Board,6,Religious manager option region between Democrat.,2
MTG-11679,PRJ-1088,2026-03-30,Sprint Review & Demo,11,Style poor arrive lot pattern better plant certain.,2
MTG-11680,PRJ-1089,2026-05-27,Sprint Review & Demo,8,Weight agreement room newspaper character hope eight value imagine contain health.,1
MTG-11681,PRJ-1090,2026-06-25,Risk & Mitigation Board,13,Soldier control add strategy really pull common between.,4
MTG-11682,PRJ-1091,2026-05-01,Security Audit Sync,11,Appear court him it reach Democrat little chance human reason college various.,2
MTG-11683,PRJ-1092,2026-03-16,Architecture Review Board,13,All friend society hospital sort.,2
MTG-11684,PRJ-1093,2026-05-23,Architecture Review Board,5,Number cultural when on act let.,1
MTG-11685,PRJ-1094,2026-05-09,Security Audit Sync,12,Art manager carry western none.,4
MTG-11686,PRJ-1095,2026-02-27,Risk & Mitigation Board,14,Democratic left couple single pressure commercial behavior daughter spend not.,1
MTG-11687,PRJ-1096,2026-05-26,Sprint Review & Demo,14,This pretty many control agent statement first two similar sea.,5
MTG-11688,PRJ-1097,2026-06-01,Sprint Review & Demo,7,Book cold space who listen according either each approach within stay.,6
MTG-11689,PRJ-1098,2026-05-28,Security Audit Sync,4,Task us capital guess behavior however century Congress.,2
MTG-11690,PRJ-1099,2026-06-15,Steering Committee Sync,8,Sense center run view room on figure statement.,1
MTG-11691,PRJ-1100,2026-06-01,Risk & Mitigation Board,13,Third heart against purpose inside personal firm different candidate important.,0
MTG-11692,PRJ-1101,2026-05-15,Risk & Mitigation Board,7,Stand result agency wife care way still grow music born already black.,1
MTG-11693,PRJ-1102,2026-05-05,Risk & Mitigation Board,14,Floor us ok success color involve.,4
MTG-11694,PRJ-1103,2026-06-11,Sprint Review & Demo,11,Run sort those effort new social traditional message.,1
MTG-11695,PRJ-1104,2026-04-17,Risk & Mitigation Board,12,Less yourself traditional matter especially lay age.,2
MTG-11696,PRJ-1105,2026-05-26,Risk & Mitigation Board,5,Start newspaper become north occur make people note beat feeling.,0
MTG-11697,PRJ-1107,2026-03-04,Steering Committee Sync,5,Say shake value shoulder wall cut part room campaign culture for.,2
MTG-11698,PRJ-1108,2026-03-25,Risk & Mitigation Board,7,Especially join last week mean bring off month five it challenge.,4
MTG-11699,PRJ-1109,2026-06-08,Risk & Mitigation Board,5,At coach sea man voice chance address.,3
MTG-11700,PRJ-1111,2026-06-14,Architecture Review Board,13,These seven ability again nature.,3
MTG-11701,PRJ-1112,2026-04-12,Risk & Mitigation Board,11,Season yes law order partner about minute should.,0
MTG-11702,PRJ-1114,2026-05-05,Sprint Review & Demo,11,Building budget sometimes age western sure.,3
MTG-11703,PRJ-1115,2026-04-13,Sprint Review & Demo,6,Charge dog rate cut lead story pull war officer least respond and.,5
MTG-11704,PRJ-1116,2026-02-27,Risk & Mitigation Board,14,Feel writer week wall term natural lose election each.,0
MTG-11705,PRJ-1117,2026-03-04,Steering Committee Sync,13,Staff win middle range eat budget benefit strong well bar benefit think.,1
MTG-11706,PRJ-1118,2026-04-05,Sprint Review & Demo,10,New hard else may service while finally win country employee summer activity.,5
MTG-11707,PRJ-1119,2026-04-10,Sprint Review & Demo,10,Several everyone in land heart offer others exist three.,3
MTG-11708,PRJ-1120,2026-03-30,Risk & Mitigation Board,4,It challenge approach around case thing return special relationship.,0
MTG-11709,PRJ-1122,2026-05-01,Steering Committee Sync,14,Read charge case development land two.,0
MTG-11710,PRJ-1123,2026-04-01,Risk & Mitigation Board,8,Chance three cell most may.,1
MTG-11711,PRJ-1124,2026-03-06,Security Audit Sync,5,Read toward life smile grow wife in civil.,0
MTG-11712,PRJ-1125,2026-06-17,Steering Committee Sync,8,Yet admit far city behind sign wear necessary forward.,0
MTG-11713,PRJ-1126,2026-05-02,Risk & Mitigation Board,8,Voice pick skill window generation adult program throughout boy all.,0
MTG-11714,PRJ-1127,2026-04-22,Security Audit Sync,10,Despite enough impact approach campaign drug century.,1
MTG-11715,PRJ-1128,2026-03-08,Financial Burn Review,14,Rich second compare worker camera same.,0
MTG-11716,PRJ-1129,2026-06-17,Architecture Review Board,4,Attention become ahead toward water resource activity save itself foot.,2
MTG-11717,PRJ-1130,2026-06-20,Sprint Review & Demo,9,Fine rise wife figure concern certain key would.,1
MTG-11718,PRJ-1131,2026-06-08,Architecture Review Board,7,Him whom blood because door hand rest sometimes.,2
MTG-11719,PRJ-1132,2026-06-23,Architecture Review Board,11,Man chance dog next instead make important college.,1
MTG-11720,PRJ-1133,2026-06-18,Risk & Mitigation Board,6,See call learn well hour would.,5
MTG-11721,PRJ-1134,2026-04-28,Security Audit Sync,9,Region hold go recognize hundred check candidate worker what perform.,1
MTG-11722,PRJ-1135,2026-04-20,Security Audit Sync,10,System kind task especially perhaps list stop production official police.,2
MTG-11723,PRJ-1136,2026-04-10,Sprint Review & Demo,13,Include usually south field not.,2
MTG-11724,PRJ-1138,2026-06-25,Steering Committee Sync,14,By finish even decide approach risk these.,0
MTG-11725,PRJ-1139,2026-05-27,Financial Burn Review,6,Charge book beautiful so item education scene green ground offer common.,2
MTG-11726,PRJ-1140,2026-06-22,Architecture Review Board,9,Song poor because buy provide partner similar national.,2
MTG-11727,PRJ-1141,2026-03-07,Sprint Review & Demo,11,Less able protect do different quality smile.,2
MTG-11728,PRJ-1142,2026-04-27,Steering Committee Sync,9,South right month everyone soon Mr year if term adult suggest.,1
MTG-11729,PRJ-1143,2026-06-03,Sprint Review & Demo,10,Consider claim there financial prevent.,2
MTG-11730,PRJ-1144,2026-03-31,Architecture Review Board,4,East ahead remain anything particularly week interest.,5
MTG-11731,PRJ-1145,2026-06-04,Risk & Mitigation Board,14,Market beyond role the his would dark artist.,0
MTG-11732,PRJ-1146,2026-05-20,Risk & Mitigation Board,13,Organization nearly or page when bag.,6
MTG-11733,PRJ-1147,2026-06-02,Sprint Review & Demo,7,Voice decide try little bring.,0
MTG-11734,PRJ-1148,2026-03-10,Security Audit Sync,10,Section operation level present increase sit bit piece hold until set.,2
MTG-11735,PRJ-1149,2026-06-18,Security Audit Sync,6,Within wrong return election ok expect within level model test TV pick.,2
MTG-11736,PRJ-1150,2026-03-07,Financial Burn Review,7,Future front close budget line coach more test kitchen seat.,1
MTG-11737,PRJ-1002,2026-04-23,Architecture Review Board,7,Out argue dinner born indeed interview need mention single like.,0
MTG-11738,PRJ-1004,2026-06-06,Security Audit Sync,4,Throw quality these open write edge.,5
MTG-11739,PRJ-1006,2026-04-25,Architecture Review Board,4,Movement magazine study American there nice.,3
MTG-11740,PRJ-1007,2026-03-10,Architecture Review Board,12,Consider expert address reveal near.,1
MTG-11741,PRJ-1008,2026-05-31,Sprint Review & Demo,11,Term matter address prepare protect fall sometimes career then who.,6
MTG-11742,PRJ-1009,2026-03-17,Security Audit Sync,10,Hospital also year own shake necessary.,1
MTG-11743,PRJ-1010,2026-06-07,Risk & Mitigation Board,9,Huge line home kind radio at people brother.,1
MTG-11744,PRJ-1011,2026-05-06,Financial Burn Review,12,Recent vote wall become area break image fear certain.,1
MTG-11745,PRJ-1012,2026-03-06,Architecture Review Board,6,Until design hair without western possible short throughout church summer.,0
MTG-11746,PRJ-1013,2026-05-21,Risk & Mitigation Board,9,Per tend official eye talk me.,1
MTG-11747,PRJ-1014,2026-03-24,Steering Committee Sync,13,Feeling blue interesting speak avoid.,5
MTG-11748,PRJ-1015,2026-02-27,Steering Committee Sync,10,Another big treatment help rest shake research writer.,2
MTG-11749,PRJ-1016,2026-05-20,Risk & Mitigation Board,14,Require each property very television discussion nearly behavior for.,1
MTG-11750,PRJ-1017,2026-06-04,Security Audit Sync,10,Treatment inside shoulder choice measure space skin talk.,2
MTG-11751,PRJ-1019,2026-03-12,Security Audit Sync,13,East front season trial book national baby last manage southern.,1
MTG-11752,PRJ-1020,2026-03-14,Sprint Review & Demo,5,Head none media game employee heavy voice animal provide out claim same.,0
MTG-11753,PRJ-1021,2026-02-28,Sprint Review & Demo,4,Skill itself scene yard sign institution leg center.,6
MTG-11754,PRJ-1024,2026-04-09,Financial Burn Review,5,Big leave article matter business his enjoy present mother political.,1
MTG-11755,PRJ-1026,2026-03-25,Risk & Mitigation Board,13,Describe main fill direction administration control.,2
MTG-11756,PRJ-1027,2026-04-20,Financial Burn Review,14,Subject me food learn Congress anyone.,1
MTG-11757,PRJ-1029,2026-05-04,Risk & Mitigation Board,13,Employee seem rate idea challenge late never street young.,2
MTG-11758,PRJ-1030,2026-04-20,Sprint Review & Demo,8,Economy act present help deal long attack strong deal full.,6
MTG-11759,PRJ-1031,2026-05-24,Risk & Mitigation Board,7,Live reality group by throw issue mean little appear.,0
MTG-11760,PRJ-1032,2026-06-13,Risk & Mitigation Board,10,Something military very year option.,2
MTG-11761,PRJ-1033,2026-03-26,Sprint Review & Demo,11,Really sister since employee get agent.,2
MTG-11762,PRJ-1034,2026-04-29,Sprint Review & Demo,11,Sign listen officer score whatever force table investment either across court prevent.,3
MTG-11763,PRJ-1035,2026-04-05,Risk & Mitigation Board,10,Around list other leg represent general city sure only television.,6
MTG-11764,PRJ-1036,2026-03-26,Sprint Review & Demo,7,Employee suddenly local team see candidate rock Congress relationship compare poor.,1
MTG-11765,PRJ-1038,2026-04-24,Financial Burn Review,8,Seven structure store prepare majority parent.,1
MTG-11766,PRJ-1039,2026-06-22,Security Audit Sync,8,Institution arm family pattern myself box.,3
MTG-11767,PRJ-1040,2026-03-30,Risk & Mitigation Board,7,Identify network allow compare billion interesting official debate task condition ahead.,2
MTG-11768,PRJ-1041,2026-03-19,Sprint Review & Demo,4,Yet worker some add you three continue however many back.,1
MTG-11769,PRJ-1043,2026-04-17,Sprint Review & Demo,6,Than late third service TV.,0
MTG-11770,PRJ-1044,2026-06-02,Architecture Review Board,13,Hundred create thought always garden action.,5
MTG-11771,PRJ-1045,2026-03-01,Architecture Review Board,6,Cup continue strong contain true heavy difference both space civil everything kitchen.,3
MTG-11772,PRJ-1047,2026-06-23,Financial Burn Review,7,Accept develop none scientist series foot article thing past partner would.,1
MTG-11773,PRJ-1048,2026-04-06,Financial Burn Review,7,Despite painting camera red yard manage must beautiful thus brother hold girl.,1
MTG-11774,PRJ-1050,2026-03-03,Financial Burn Review,10,Stage arrive store responsibility laugh position station law coach popular green.,2
MTG-11775,PRJ-1051,2026-03-22,Sprint Review & Demo,10,Enter see only age reveal media national feeling able security.,2
MTG-11776,PRJ-1052,2026-06-25,Steering Committee Sync,10,Suffer against and act resource billion where such organization coach.,6
MTG-11777,PRJ-1053,2026-05-29,Security Audit Sync,10,Since war think draw allow else occur alone different.,0
MTG-11778,PRJ-1054,2026-06-13,Architecture Review Board,6,Whatever easy community whatever each attack child hear present.,5
MTG-11779,PRJ-1055,2026-04-06,Risk & Mitigation Board,5,Box those difficult front forget responsibility.,0
MTG-11780,PRJ-1056,2026-06-13,Security Audit Sync,12,Talk ok spend speak expect situation perhaps.,0
MTG-11781,PRJ-1057,2026-05-27,Sprint Review & Demo,13,Cover class sure hour clear interview account Mr.,2
MTG-11782,PRJ-1059,2026-04-08,Risk & Mitigation Board,8,Yourself discover call whole especially establish class often know four out.,6
MTG-11783,PRJ-1060,2026-04-04,Financial Burn Review,9,Over care argue central whom husband away least onto everyone assume address.,0
MTG-11784,PRJ-1062,2026-03-19,Steering Committee Sync,5,Political not top game worry best car how.,0
MTG-11785,PRJ-1063,2026-03-07,Sprint Review & Demo,4,Between head reveal campaign interest week list character.,1
MTG-11786,PRJ-1064,2026-06-08,Security Audit Sync,6,Truth edge bill town red three international large short ago number citizen.,2
MTG-11787,PRJ-1065,2026-05-26,Sprint Review & Demo,12,Total firm case article coach black government discover forward act behind.,2
MTG-11788,PRJ-1066,2026-03-23,Sprint Review & Demo,10,Beyond policy federal program any surface.,2
MTG-11789,PRJ-1067,2026-04-25,Sprint Review & Demo,6,Leave cause letter wind hear scientist team check behavior nation remain effect.,6
MTG-11790,PRJ-1068,2026-06-01,Risk & Mitigation Board,14,Red music body Congress until account sign low among.,2
MTG-11791,PRJ-1071,2026-04-26,Architecture Review Board,7,Stop cup decade doctor color operation next great group.,2
MTG-11792,PRJ-1072,2026-05-11,Security Audit Sync,8,Coach level myself face item arm.,0
MTG-11793,PRJ-1073,2026-04-29,Steering Committee Sync,7,Size grow month court school commercial simple record report local identify.,5
MTG-11794,PRJ-1074,2026-03-18,Security Audit Sync,8,Entire lot probably single gun under television point five health size.,1
MTG-11795,PRJ-1076,2026-04-14,Security Audit Sync,8,City contain go sense mouth good somebody value if series writer.,0
MTG-11796,PRJ-1077,2026-04-20,Sprint Review & Demo,14,In open edge Congress actually surface college class two beautiful now.,2
MTG-11797,PRJ-1079,2026-03-19,Sprint Review & Demo,13,Small painting pretty hour story.,2
MTG-11798,PRJ-1080,2026-04-20,Sprint Review & Demo,11,Improve a truth through stock apply.,1
MTG-11799,PRJ-1081,2026-05-06,Financial Burn Review,5,Create at structure positive affect discuss avoid say base detail.,0
MTG-11800,PRJ-1083,2026-04-11,Steering Committee Sync,8,Much concern civil student behavior wear develop.,3
MTG-11801,PRJ-1084,2026-06-08,Steering Committee Sync,5,Information again more left probably.,1
MTG-11802,PRJ-1085,2026-04-05,Risk & Mitigation Board,7,Hundred type security store area wish that hospital.,1
MTG-11803,PRJ-1088,2026-03-24,Risk & Mitigation Board,11,Require government address for leg customer interest know international chair development.,0
MTG-11804,PRJ-1089,2026-03-11,Sprint Review & Demo,5,Skill boy poor society else Republican whole.,1
MTG-11805,PRJ-1090,2026-04-02,Risk & Mitigation Board,5,Resource home everybody stage break see least.,6
MTG-11806,PRJ-1091,2026-04-22,Steering Committee Sync,10,Model live inside truth all teach decade economy factor.,6
MTG-11807,PRJ-1092,2026-05-11,Risk & Mitigation Board,14,Standard they speak list teach.,1
MTG-11808,PRJ-1093,2026-03-10,Risk & Mitigation Board,6,Kid your structure manager past country feel consumer think expert despite.,0
MTG-11809,PRJ-1094,2026-04-03,Architecture Review Board,6,Back many despite generation sit someone may home.,1
MTG-11810,PRJ-1095,2026-03-28,Security Audit Sync,14,Set action grow fall movie seat her set individual nothing exactly.,2
MTG-11811,PRJ-1096,2026-04-23,Financial Burn Review,5,Middle safe entire present without about fund.,1
MTG-11812,PRJ-1097,2026-04-27,Architecture Review Board,11,Personal fine score environmental before risk doctor sister owner.,3
MTG-11813,PRJ-1098,2026-06-06,Financial Burn Review,12,Ok detail move energy interview.,2
MTG-11814,PRJ-1099,2026-04-03,Sprint Review & Demo,12,Say family lay what mission every lead how heart my.,2
MTG-11815,PRJ-1100,2026-04-21,Security Audit Sync,5,There eight increase level quickly hold doctor network speak.,1
MTG-11816,PRJ-1101,2026-06-21,Steering Committee Sync,4,Happy father really mind staff second.,5
MTG-11817,PRJ-1102,2026-05-05,Financial Burn Review,12,Chance little receive officer body since.,1
MTG-11818,PRJ-1103,2026-04-03,Financial Burn Review,7,Recently power study his face.,0
MTG-11819,PRJ-1104,2026-03-26,Architecture Review Board,7,Send into front already relationship know trip option early agree.,0
MTG-11820,PRJ-1105,2026-04-24,Sprint Review & Demo,6,Program against identify red thought build usually consumer contain improve.,1
MTG-11821,PRJ-1107,2026-06-08,Steering Committee Sync,6,Politics simply pass side laugh positive issue design service put space.,0
MTG-11822,PRJ-1108,2026-03-03,Architecture Review Board,11,Seem of daughter quite college middle pay summer series would.,3
MTG-11823,PRJ-1109,2026-02-28,Steering Committee Sync,9,Sometimes point summer such PM number catch brother lay.,1
MTG-11824,PRJ-1111,2026-03-29,Security Audit Sync,14,Institution record back ten radio kind imagine day stuff several I.,5
MTG-11825,PRJ-1112,2026-03-17,Architecture Review Board,11,Listen want oil concern student.,1
MTG-11826,PRJ-1114,2026-06-06,Risk & Mitigation Board,10,Pull note movie civil build child.,5
MTG-11827,PRJ-1115,2026-05-21,Steering Committee Sync,6,Significant do bed scene two move state.,3
MTG-11828,PRJ-1116,2026-04-03,Steering Committee Sync,8,Commercial onto citizen deal receive movie west doctor.,2
MTG-11829,PRJ-1117,2026-06-12,Risk & Mitigation Board,13,Whatever few writer own affect executive simple particular.,0
MTG-11830,PRJ-1118,2026-04-17,Financial Burn Review,6,Yes out as future Mrs.,3
MTG-11831,PRJ-1119,2026-03-20,Steering Committee Sync,11,Election parent class yourself discussion tree score everyone skill.,6
MTG-11832,PRJ-1120,2026-06-03,Risk & Mitigation Board,10,Situation really state away right born likely.,1
MTG-11833,PRJ-1122,2026-06-09,Financial Burn Review,8,Hit heavy political professional question.,2
MTG-11834,PRJ-1123,2026-04-08,Architecture Review Board,5,Oil sense total appear here surface think ok reveal center sure.,2
MTG-11835,PRJ-1124,2026-04-28,Financial Burn Review,10,Ability vote simple boy approach out choose piece amount.,1
MTG-11836,PRJ-1125,2026-06-11,Steering Committee Sync,9,All pick all political term teacher lawyer.,2
MTG-11837,PRJ-1126,2026-04-15,Architecture Review Board,5,Close watch nearly prepare side strategy successful for water produce affect.,2
MTG-11838,PRJ-1127,2026-03-15,Risk & Mitigation Board,4,Process whole week contain positive place become industry able view rate.,0
MTG-11839,PRJ-1128,2026-05-23,Financial Burn Review,13,Teach commercial line hot administration almost card admit person.,1
MTG-11840,PRJ-1129,2026-04-21,Risk & Mitigation Board,13,Yes instead pull think exactly despite sort.,3
MTG-11841,PRJ-1130,2026-04-12,Security Audit Sync,9,Politics free miss start machine accept condition.,2
MTG-11842,PRJ-1131,2026-05-25,Risk & Mitigation Board,5,Specific us central class theory Democrat others one.,1
MTG-11843,PRJ-1132,2026-06-18,Steering Committee Sync,10,Whatever learn eat consumer travel now if.,1
MTG-11844,PRJ-1133,2026-06-03,Steering Committee Sync,7,Economic heavy set a truth family.,3
MTG-11845,PRJ-1134,2026-04-12,Sprint Review & Demo,14,Such through final goal develop shake.,0
MTG-11846,PRJ-1135,2026-03-28,Architecture Review Board,6,Record spring smile single everything administration.,1
MTG-11847,PRJ-1136,2026-03-27,Architecture Review Board,4,Still evening theory member chair good response later marriage.,0
MTG-11848,PRJ-1138,2026-04-29,Architecture Review Board,4,Voice hundred charge culture camera into high southern.,2
MTG-11849,PRJ-1139,2026-05-09,Security Audit Sync,7,Wife imagine one can ok note machine treat thought toward care anything.,1
MTG-11850,PRJ-1140,2026-03-28,Risk & Mitigation Board,9,Modern continue which nor can himself huge whom we notice impact country.,2
MTG-11851,PRJ-1141,2026-04-08,Steering Committee Sync,5,World training way price child trip owner week nature democratic seem same.,5
MTG-11852,PRJ-1142,2026-06-09,Risk & Mitigation Board,13,New less many particularly head sit activity building effort.,1
MTG-11853,PRJ-1143,2026-03-18,Steering Committee Sync,7,Way space time spend believe customer month couple share be yard.,2
MTG-11854,PRJ-1144,2026-04-15,Sprint Review & Demo,8,Above at father present probably.,5
MTG-11855,PRJ-1145,2026-04-22,Security Audit Sync,14,Chair pay section attack society scientist product table that.,2
MTG-11856,PRJ-1146,2026-05-24,Sprint Review & Demo,14,Audience feel admit might offer focus top such like almost party.,5
MTG-11857,PRJ-1147,2026-04-19,Risk & Mitigation Board,10,Strategy himself civil skill vote career training forget wide.,2
MTG-11858,PRJ-1148,2026-05-14,Architecture Review Board,7,Million do story all usually year.,3
MTG-11859,PRJ-1149,2026-04-18,Steering Committee Sync,11,Performance end town husband trip nothing.,0
MTG-11860,PRJ-1150,2026-06-23,Risk & Mitigation Board,8,Tv without almost write have move these be probably early very.,0
MTG-11861,PRJ-1002,2026-04-20,Risk & Mitigation Board,5,Important view issue four lose serious prepare run white face.,0
MTG-11862,PRJ-1004,2026-06-07,Risk & Mitigation Board,13,Easy vote make building clear different authority create.,2
MTG-11863,PRJ-1006,2026-05-16,Architecture Review Board,10,Sure best appear majority cultural college many wife artist.,5
MTG-11864,PRJ-1007,2026-04-17,Steering Committee Sync,4,Seven conference and reason street season on reveal opportunity middle cover.,2
MTG-11865,PRJ-1008,2026-04-22,Architecture Review Board,14,Fear contain family you every large nearly.,1
MTG-11866,PRJ-1009,2026-02-26,Financial Burn Review,11,Management agent seek movement tend simple firm assume.,0
MTG-11867,PRJ-1010,2026-06-22,Architecture Review Board,10,Reality like focus since part.,0
MTG-11868,PRJ-1011,2026-05-31,Sprint Review & Demo,12,Alone try newspaper sit ground low draw price tell or bad goal.,2
MTG-11869,PRJ-1012,2026-03-21,Sprint Review & Demo,14,Already sport next government ability get score rock.,1
MTG-11870,PRJ-1013,2026-06-02,Sprint Review & Demo,11,Time later even song hotel hand own bring huge.,0
MTG-11871,PRJ-1014,2026-05-14,Sprint Review & Demo,8,Able expect onto throughout song response five find much world.,4
MTG-11872,PRJ-1015,2026-06-25,Architecture Review Board,9,Page small national condition sound agency decade him.,1
MTG-11873,PRJ-1016,2026-05-29,Risk & Mitigation Board,12,Draw he star never range.,0
MTG-11874,PRJ-1017,2026-03-31,Architecture Review Board,13,Process move actually hot church.,1
MTG-11875,PRJ-1019,2026-05-20,Sprint Review & Demo,8,Wife him reality remember deal data.,1
MTG-11876,PRJ-1020,2026-03-26,Security Audit Sync,11,Car area couple world feel sure me medical apply shoulder.,1
MTG-11877,PRJ-1021,2026-04-18,Security Audit Sync,9,Measure who next yeah amount.,1
MTG-11878,PRJ-1024,2026-03-18,Financial Burn Review,4,Outside past must reveal realize though.,0
MTG-11879,PRJ-1026,2026-03-31,Steering Committee Sync,4,Bad current task certainly hope beyond friend.,0
MTG-11880,PRJ-1027,2026-03-31,Steering Committee Sync,9,Night garden song drive probably born prevent allow yes.,1
MTG-11881,PRJ-1029,2026-06-01,Security Audit Sync,10,Chair finish over like according local evening.,2
MTG-11882,PRJ-1030,2026-05-22,Steering Committee Sync,5,Lose recently so tell quickly quickly case policy.,2
MTG-11883,PRJ-1031,2026-03-21,Steering Committee Sync,9,Seek eye second statement occur role office instead society sound.,2
MTG-11884,PRJ-1032,2026-06-25,Financial Burn Review,4,Their conference force serve heavy able.,0
MTG-11885,PRJ-1033,2026-03-25,Architecture Review Board,5,Case his science feeling can.,1
MTG-11886,PRJ-1034,2026-04-25,Sprint Review & Demo,5,Trade accept trade might any up appear door how draw stop.,3
MTG-11887,PRJ-1035,2026-04-11,Architecture Review Board,13,Room thought because plan entire account.,3
MTG-11888,PRJ-1036,2026-05-02,Risk & Mitigation Board,6,Action describe analysis brother close south.,1
MTG-11889,PRJ-1038,2026-03-26,Steering Committee Sync,11,Century career part fund read.,2
MTG-11890,PRJ-1039,2026-05-29,Sprint Review & Demo,9,Serious nothing receive happen tax off station wide among perhaps.,2
MTG-11891,PRJ-1040,2026-05-01,Steering Committee Sync,10,Card whom give spring manage.,2
MTG-11892,PRJ-1041,2026-04-02,Security Audit Sync,14,Election event picture weight analysis experience news painting really.,1
MTG-11893,PRJ-1043,2026-06-17,Sprint Review & Demo,12,Message buy administration night responsibility organization girl.,2
MTG-11894,PRJ-1044,2026-04-09,Steering Committee Sync,11,Exist stuff executive form woman church collection.,5
MTG-11895,PRJ-1045,2026-06-01,Security Audit Sync,8,Change management manager fire imagine activity wide impact specific.,4
MTG-11896,PRJ-1047,2026-06-06,Architecture Review Board,11,My air action large policy serious top image.,2
MTG-11897,PRJ-1048,2026-03-13,Steering Committee Sync,8,Son as mean agree hear current above kid quickly.,0
MTG-11898,PRJ-1050,2026-05-13,Architecture Review Board,5,Institution speak firm approach money occur.,2
MTG-11899,PRJ-1051,2026-04-11,Architecture Review Board,7,Eight avoid early for kind enter report.,2
MTG-11900,PRJ-1052,2026-06-22,Security Audit Sync,7,Degree quite floor voice truth on floor least of.,6
MTG-11901,PRJ-1053,2026-05-25,Security Audit Sync,5,Pm mother itself season feel responsibility oil involve home but dog.,0
MTG-11902,PRJ-1054,2026-06-11,Risk & Mitigation Board,7,Manager physical nice how western hear light sign wife year really suggest.,1
MTG-11903,PRJ-1055,2026-06-02,Sprint Review & Demo,7,My each accept politics nor clearly.,2
MTG-11904,PRJ-1056,2026-05-09,Risk & Mitigation Board,7,Major describe sure century relationship recognize defense radio decision your.,1
MTG-11905,PRJ-1057,2026-04-15,Risk & Mitigation Board,9,Always than TV focus several spring various time.,0
MTG-11906,PRJ-1059,2026-04-22,Steering Committee Sync,12,Teacher present election keep truth perform remember difference movement full cell carry.,5
MTG-11907,PRJ-1060,2026-05-19,Financial Burn Review,8,Offer edge yard assume pattern.,1
MTG-11908,PRJ-1062,2026-03-25,Security Audit Sync,14,Might fall defense father process painting moment.,1
MTG-11909,PRJ-1063,2026-06-12,Steering Committee Sync,5,Son low star television foreign.,2
MTG-11910,PRJ-1064,2026-03-30,Steering Committee Sync,9,Camera home trip kind job ready performance cut where.,0
MTG-11911,PRJ-1065,2026-03-12,Risk & Mitigation Board,13,Respond hotel expect early pull.,1
MTG-11912,PRJ-1066,2026-03-20,Financial Burn Review,10,Year right character campaign last level data away though media.,0
MTG-11913,PRJ-1067,2026-06-21,Steering Committee Sync,8,I federal long understand kitchen debate gun draw something.,1
MTG-11914,PRJ-1068,2026-04-07,Risk & Mitigation Board,14,College me fight picture be station policy social father.,0
MTG-11915,PRJ-1071,2026-03-04,Architecture Review Board,14,Establish push than list serve media into inside he unit success.,5
MTG-11916,PRJ-1072,2026-04-18,Sprint Review & Demo,11,Add always religious course meet word plant.,0
MTG-11917,PRJ-1073,2026-06-01,Sprint Review & Demo,5,Third somebody watch rock executive language fire magazine only.,6
MTG-11918,PRJ-1074,2026-03-10,Steering Committee Sync,11,Wonder recognize number machine off must everyone.,0
MTG-11919,PRJ-1076,2026-06-25,Steering Committee Sync,4,Election trial media alone science thousand.,1
MTG-11920,PRJ-1077,2026-06-03,Risk & Mitigation Board,12,Term others song debate statement.,6
MTG-11921,PRJ-1079,2026-05-30,Risk & Mitigation Board,8,Fast camera seat wish either herself candidate church nature region.,1
MTG-11922,PRJ-1080,2026-06-11,Sprint Review & Demo,5,Produce travel forget explain usually direction.,5
MTG-11923,PRJ-1081,2026-02-27,Architecture Review Board,7,Consumer late scientist write then case.,1
MTG-11924,PRJ-1083,2026-03-21,Steering Committee Sync,12,Will reflect fight marriage common threat PM game resource second receive ask.,4
MTG-11925,PRJ-1084,2026-04-28,Risk & Mitigation Board,9,Money training can late poor power around price win face hold.,5
MTG-11926,PRJ-1085,2026-03-03,Sprint Review & Demo,8,Would customer rich offer have fill.,1
MTG-11927,PRJ-1088,2026-05-26,Architecture Review Board,4,Outside win why hot send foot into kitchen especially simple hit.,0
MTG-11928,PRJ-1089,2026-06-12,Security Audit Sync,10,Drop about per truth child house budget style arrive they individual.,1
MTG-11929,PRJ-1090,2026-04-13,Steering Committee Sync,7,Account industry green five last media.,3
MTG-11930,PRJ-1091,2026-06-20,Risk & Mitigation Board,13,Material unit water follow seem grow management between whom.,2
MTG-11931,PRJ-1092,2026-03-28,Architecture Review Board,13,Ever according hit land minute speak space task fact arm.,2
MTG-11932,PRJ-1093,2026-03-06,Risk & Mitigation Board,10,Good foot child through technology employee show open line.,2
MTG-11933,PRJ-1094,2026-04-02,Sprint Review & Demo,4,Soon street cut image move international mention.,6
MTG-11934,PRJ-1095,2026-03-26,Security Audit Sync,5,Star test room laugh when impact animal performance special.,0
MTG-11935,PRJ-1096,2026-03-30,Steering Committee Sync,4,Mention in community something four any particularly.,1
MTG-11936,PRJ-1097,2026-05-01,Sprint Review & Demo,8,Work since everyone attorney especially.,5
MTG-11937,PRJ-1098,2026-05-06,Steering Committee Sync,12,Show point statement little machine suddenly start office main subject from check.,0
MTG-11938,PRJ-1099,2026-03-30,Sprint Review & Demo,7,Guy participant money federal trial less government.,3
MTG-11939,PRJ-1100,2026-05-29,Financial Burn Review,10,Federal meeting worker of marriage police development economy affect front.,2
MTG-11940,PRJ-1101,2026-06-05,Risk & Mitigation Board,5,And price it collection pay establish practice speak and do bed.,4
MTG-11941,PRJ-1102,2026-06-15,Steering Committee Sync,8,Window cause minute particular that light such child dinner nor key least.,6
MTG-11942,PRJ-1103,2026-04-01,Risk & Mitigation Board,6,Least participant western box final message international environment training mission.,0
MTG-11943,PRJ-1104,2026-03-17,Steering Committee Sync,14,May senior can paper skill.,1
MTG-11944,PRJ-1105,2026-04-29,Architecture Review Board,13,Recent south everybody number city position detail wife investment.,2
MTG-11945,PRJ-1107,2026-05-25,Architecture Review Board,4,Reveal heavy performance evidence learn stuff fall might better.,2
MTG-11946,PRJ-1108,2026-06-23,Sprint Review & Demo,12,Record himself consider opportunity price politics race.,2
MTG-11947,PRJ-1109,2026-04-11,Security Audit Sync,11,Type sometimes bed must change single though statement start none increase.,5
MTG-11948,PRJ-1111,2026-05-02,Security Audit Sync,7,Value until dog least certain.,3
MTG-11949,PRJ-1112,2026-05-15,Steering Committee Sync,14,Late me often wonder this direction.,1
MTG-11950,PRJ-1114,2026-05-18,Sprint Review & Demo,6,Argue remain someone without first evening son my point argue thousand.,2
MTG-11951,PRJ-1115,2026-03-31,Architecture Review Board,6,Worker ok reflect audience social inside finish dark modern writer.,4
MTG-11952,PRJ-1116,2026-06-11,Sprint Review & Demo,11,Must rate successful see leg at on fly owner newspaper few.,2
MTG-11953,PRJ-1117,2026-04-28,Risk & Mitigation Board,4,Several phone cold step decision enjoy memory in modern technology where rate.,1
MTG-11954,PRJ-1118,2026-04-14,Steering Committee Sync,5,Down human board boy place property agreement.,3
MTG-11955,PRJ-1119,2026-06-07,Steering Committee Sync,4,Natural southern between up positive music.,6
MTG-11956,PRJ-1120,2026-05-14,Financial Burn Review,11,Member card space power major trip.,1
MTG-11957,PRJ-1122,2026-04-13,Financial Burn Review,11,Already brother lawyer car loss chair never hold parent discuss ever relationship.,0
MTG-11958,PRJ-1123,2026-05-16,Steering Committee Sync,5,Product parent law animal research analysis make least pass television.,1
MTG-11959,PRJ-1124,2026-05-30,Sprint Review & Demo,13,You course great land song kind science.,0
MTG-11960,PRJ-1125,2026-05-28,Security Audit Sync,7,Beyond forget place race should key toward.,1
MTG-11961,PRJ-1126,2026-04-09,Financial Burn Review,6,Modern pay push school might represent.,2
MTG-11962,PRJ-1127,2026-03-31,Steering Committee Sync,5,Find word Mr bit baby.,0
MTG-11963,PRJ-1128,2026-03-05,Architecture Review Board,9,Week prepare reduce sell view within soldier surface cup movie.,2
MTG-11964,PRJ-1129,2026-04-20,Risk & Mitigation Board,9,Physical hour various move avoid also police there late.,4
MTG-11965,PRJ-1130,2026-04-20,Financial Burn Review,14,Them central police few sing.,1
MTG-11966,PRJ-1131,2026-03-30,Risk & Mitigation Board,9,Mention enjoy with off fall trip writer standard institution task.,3
MTG-11967,PRJ-1132,2026-06-20,Risk & Mitigation Board,9,At design care floor despite.,0
MTG-11968,PRJ-1133,2026-04-26,Architecture Review Board,9,Than great war hand relationship civil travel.,6
MTG-11969,PRJ-1134,2026-05-17,Financial Burn Review,13,Do meeting which similar decade also north become next two.,2
MTG-11970,PRJ-1135,2026-05-16,Risk & Mitigation Board,8,You dinner company bed take say attention.,0
MTG-11971,PRJ-1136,2026-04-08,Security Audit Sync,14,Mr on someone agency level debate factor his.,2
MTG-11972,PRJ-1138,2026-04-23,Sprint Review & Demo,10,Home road generation place ground exist bank phone.,0
MTG-11973,PRJ-1139,2026-03-30,Steering Committee Sync,6,Boy as able actually claim close message behind north author street expert.,2
MTG-11974,PRJ-1140,2026-06-25,Architecture Review Board,4,Skin feel event look recognize around opportunity stage.,1
MTG-11975,PRJ-1141,2026-03-22,Steering Committee Sync,10,Specific explain save campaign special teacher movie eye PM drop.,5
MTG-11976,PRJ-1142,2026-03-22,Architecture Review Board,5,Speech interesting table girl usually.,0
MTG-11977,PRJ-1143,2026-03-01,Steering Committee Sync,14,His standard bring three indeed laugh but second wrong including weight ability.,1
MTG-11978,PRJ-1144,2026-06-25,Sprint Review & Demo,14,Trip everyone specific TV care support campaign quite without.,3
MTG-11979,PRJ-1145,2026-03-30,Security Audit Sync,11,Name authority write rise will network through major pay administration listen laugh.,2
MTG-11980,PRJ-1146,2026-03-06,Financial Burn Review,8,Player everybody idea ever agree clearly early.,2
MTG-11981,PRJ-1147,2026-06-09,Security Audit Sync,9,Leader surface traditional its film than.,1
MTG-11982,PRJ-1148,2026-04-12,Risk & Mitigation Board,10,Body himself majority campaign design.,5
MTG-11983,PRJ-1149,2026-05-05,Architecture Review Board,7,Same poor throw plant green serious police magazine just.,1
MTG-11984,PRJ-1150,2026-06-08,Sprint Review & Demo,12,Speech fear and describe teach society sport follow.,2
MTG-11985,PRJ-1002,2026-06-22,Security Audit Sync,13,Gas rock without story site even eye raise themselves.,1
MTG-11986,PRJ-1004,2026-04-14,Sprint Review & Demo,11,Congress treat director a light drop do.,4
MTG-11987,PRJ-1006,2026-03-28,Financial Burn Review,8,Every rule receive health lot oil cup group boy.,3
MTG-11988,PRJ-1007,2026-05-20,Sprint Review & Demo,11,Leader military operation first as themselves account add focus during many itself.,0
MTG-11989,PRJ-1008,2026-03-09,Security Audit Sync,11,Appear more hear appear beyond recent lose.,2
MTG-11990,PRJ-1009,2026-03-27,Security Audit Sync,12,Deal base begin assume director loss include piece.,0
MTG-11991,PRJ-1010,2026-06-19,Architecture Review Board,12,Magazine nature nature best past.,2
MTG-11992,PRJ-1011,2026-04-15,Security Audit Sync,8,Floor feeling former law apply politics prepare able tell state prevent.,0
MTG-11993,PRJ-1012,2026-03-27,Risk & Mitigation Board,5,Head enjoy religious cultural identify apply.,1
MTG-11994,PRJ-1013,2026-03-21,Architecture Review Board,11,Where it friend positive wall travel affect.,0
MTG-11995,PRJ-1014,2026-04-06,Sprint Review & Demo,8,Collection scientist benefit small agree important.,2
MTG-11996,PRJ-1015,2026-03-02,Financial Burn Review,4,Away floor open center believe teacher interesting economic support.,0
MTG-11997,PRJ-1016,2026-04-29,Risk & Mitigation Board,4,Career carry also yard discussion with.,1
MTG-11998,PRJ-1017,2026-03-13,Risk & Mitigation Board,14,Another help pretty believe professional pass another.,1
MTG-11999,PRJ-1019,2026-03-07,Sprint Review & Demo,8,Eight fill difference big direction company consider.,0
MTG-12000,PRJ-1020,2026-04-12,Steering Committee Sync,8,Someone citizen run effect strategy in.,1
MTG-12001,PRJ-1021,2026-03-31,Financial Burn Review,12,Describe control hundred significant fear kind.,6
MTG-12002,PRJ-1024,2026-06-01,Steering Committee Sync,8,Enough mention investment environment seat role on.,0
MTG-12003,PRJ-1026,2026-04-09,Steering Committee Sync,7,Seek PM list toward start everybody of PM guess perform.,2
MTG-12004,PRJ-1027,2026-06-05,Risk & Mitigation Board,5,If similar free concern himself where he forward suggest.,5
MTG-12005,PRJ-1029,2026-03-30,Architecture Review Board,4,Whether have east policy art trouble indicate black list.,0
MTG-12006,PRJ-1030,2026-06-25,Risk & Mitigation Board,7,Eat support recently city there since we.,3
MTG-12007,PRJ-1031,2026-06-16,Security Audit Sync,10,Its fish do decade oil ready unit camera plant.,2
MTG-12008,PRJ-1032,2026-05-28,Risk & Mitigation Board,5,Thousand security child dark treat sense hold type character billion little.,1
MTG-12009,PRJ-1033,2026-03-16,Architecture Review Board,13,Tell recently industry cultural personal use food defense process improve.,3
MTG-12010,PRJ-1034,2026-04-06,Architecture Review Board,13,East officer include big room chair not opportunity door part.,2
MTG-12011,PRJ-1035,2026-06-12,Risk & Mitigation Board,9,Skin baby benefit team purpose matter big to middle culture left.,6
MTG-12012,PRJ-1036,2026-03-01,Financial Burn Review,14,Market decade capital arrive reality.,0
MTG-12013,PRJ-1038,2026-05-30,Steering Committee Sync,6,Wall event party sport where.,1
MTG-12014,PRJ-1039,2026-06-14,Risk & Mitigation Board,7,New cause rule off brother.,5
MTG-12015,PRJ-1040,2026-06-23,Architecture Review Board,5,Huge cultural should situation kind contain politics stuff.,1
MTG-12016,PRJ-1041,2026-05-26,Architecture Review Board,14,Home reflect general if true course board.,2
MTG-12017,PRJ-1043,2026-03-14,Risk & Mitigation Board,6,Team open tonight activity house of measure professor year body politics reflect.,2
MTG-12018,PRJ-1044,2026-04-12,Risk & Mitigation Board,5,Note because improve writer agent radio nearly despite.,4
MTG-12019,PRJ-1045,2026-03-24,Steering Committee Sync,11,Allow what blue glass significant agree.,5
MTG-12020,PRJ-1047,2026-04-15,Security Audit Sync,12,Nothing evening one seven ball difficult evening evening.,1
MTG-12021,PRJ-1048,2026-04-24,Security Audit Sync,9,Street prevent day rate move beyond animal nor something enter.,2
MTG-12022,PRJ-1050,2026-05-24,Risk & Mitigation Board,10,Ten management describe available economy name.,1
MTG-12023,PRJ-1051,2026-03-10,Risk & Mitigation Board,10,Wish official report production bar.,1
MTG-12024,PRJ-1052,2026-02-28,Risk & Mitigation Board,12,Prevent two throw although morning store individual indicate.,1
MTG-12025,PRJ-1053,2026-03-12,Sprint Review & Demo,5,Yourself security authority per always factor business suffer customer maybe sea.,1
MTG-12026,PRJ-1054,2026-04-06,Steering Committee Sync,8,End choose art five avoid article long worker benefit study up.,5
MTG-12027,PRJ-1055,2026-03-09,Steering Committee Sync,12,Him bag skin between reduce beat many data career relate on.,2
MTG-12028,PRJ-1056,2026-04-04,Architecture Review Board,13,You field less test claim.,0
MTG-12029,PRJ-1057,2026-06-17,Financial Burn Review,8,Sort because begin car move surface federal carry machine recent significant.,2
MTG-12030,PRJ-1059,2026-05-09,Sprint Review & Demo,6,Live member make far investment painting draw small bag truth.,4
MTG-12031,PRJ-1060,2026-04-26,Risk & Mitigation Board,4,Wife price her site your college political budget exist answer report bar.,2
MTG-12032,PRJ-1062,2026-04-07,Risk & Mitigation Board,11,Anything others item product home image education general cold.,2
MTG-12033,PRJ-1063,2026-04-05,Sprint Review & Demo,4,Science throw ability plan executive result assume remain on others party.,0
MTG-12034,PRJ-1064,2026-04-29,Architecture Review Board,5,International page media word our wonder air black wrong.,2
MTG-12035,PRJ-1065,2026-05-21,Architecture Review Board,5,Item girl professional I hand sing fast certainly wrong.,2
MTG-12036,PRJ-1066,2026-04-20,Architecture Review Board,11,Lay hope card president if ago.,2
MTG-12037,PRJ-1067,2026-04-12,Security Audit Sync,4,Live professional bar teacher president.,3
MTG-12038,PRJ-1068,2026-03-30,Sprint Review & Demo,13,Above stand meeting what inside conference American.,2
MTG-12039,PRJ-1071,2026-05-21,Security Audit Sync,4,Sing bill above why wonder in must arrive evening will.,5
MTG-12040,PRJ-1072,2026-05-28,Security Audit Sync,12,Career cell line collection may born go society claim director.,0
MTG-12041,PRJ-1073,2026-05-03,Steering Committee Sync,11,Company choice actually everyone force choose cover.,5
MTG-12042,PRJ-1074,2026-06-25,Steering Committee Sync,14,Other allow event although seem environmental painting break health site relate very.,0
MTG-12043,PRJ-1076,2026-04-08,Security Audit Sync,8,Step watch fire five sister.,0
MTG-12044,PRJ-1077,2026-04-20,Security Audit Sync,4,Clearly poor option type account upon eye.,3
MTG-12045,PRJ-1079,2026-05-13,Risk & Mitigation Board,7,What news American service model ahead unit admit authority.,2
MTG-12046,PRJ-1080,2026-06-13,Sprint Review & Demo,4,Performance travel Republican forget feeling party.,1
MTG-12047,PRJ-1081,2026-06-10,Steering Committee Sync,5,Skill member trade upon enjoy light.,2
MTG-12048,PRJ-1083,2026-04-16,Financial Burn Review,7,Explain this can already be member new particular against develop.,1
MTG-12049,PRJ-1084,2026-04-08,Steering Committee Sync,11,Politics whose purpose dinner next significant property best station per toward.,1
MTG-12050,PRJ-1085,2026-04-20,Sprint Review & Demo,11,State I office five forward follow general manage.,2
MTG-12051,PRJ-1088,2026-04-11,Risk & Mitigation Board,5,Fill should name everything office say street owner involve point ready.,0
MTG-12052,PRJ-1089,2026-04-10,Architecture Review Board,11,Mind song investment help road home inside.,1
MTG-12053,PRJ-1090,2026-03-26,Steering Committee Sync,12,Series he throw bar five know behavior development professional attorney.,2
MTG-12054,PRJ-1091,2026-05-07,Architecture Review Board,14,Around group play mention create reveal pattern claim party huge especially.,5
MTG-12055,PRJ-1092,2026-04-22,Risk & Mitigation Board,13,Teacher Congress sort speech mother push drive cell economy defense mention.,2
MTG-12056,PRJ-1093,2026-05-29,Sprint Review & Demo,6,Bag remember film result garden walk huge blue.,1
MTG-12057,PRJ-1094,2026-05-01,Security Audit Sync,6,Learn suffer once agreement company material speak address everyone.,1
MTG-12058,PRJ-1095,2026-04-11,Steering Committee Sync,14,Dream several develop certain some put.,2
MTG-12059,PRJ-1096,2026-04-01,Steering Committee Sync,12,Us summer focus Mrs special moment difficult.,2
MTG-12060,PRJ-1097,2026-03-31,Security Audit Sync,12,Painting hot toward real outside kind.,6
MTG-12061,PRJ-1098,2026-03-09,Steering Committee Sync,11,Week outside stop ago beautiful less until computer.,1
MTG-12062,PRJ-1099,2026-03-12,Architecture Review Board,14,Opportunity tonight him decide teach strong how worry.,3
MTG-12063,PRJ-1100,2026-06-04,Sprint Review & Demo,11,Will building discover church and.,2
MTG-12064,PRJ-1101,2026-04-30,Architecture Review Board,8,Account character individual provide any office poor deep people.,6
MTG-12065,PRJ-1102,2026-04-25,Risk & Mitigation Board,5,Be artist around against remember possible involve heavy contain future.,4
MTG-12066,PRJ-1103,2026-05-22,Risk & Mitigation Board,10,Record ask science government outside able last young.,1
MTG-12067,PRJ-1104,2026-06-03,Steering Committee Sync,8,Dinner experience sister risk within carry doctor.,0
MTG-12068,PRJ-1105,2026-06-21,Risk & Mitigation Board,13,Light trouble move away former face safe study know site brother fast.,0
MTG-12069,PRJ-1107,2026-05-27,Risk & Mitigation Board,13,Question record bit bag later material wide.,0
MTG-12070,PRJ-1108,2026-05-22,Architecture Review Board,14,Around computer likely to individual by six civil beautiful.,1
MTG-12071,PRJ-1109,2026-05-21,Security Audit Sync,13,Live area product something person choose early push hospital.,6
MTG-12072,PRJ-1111,2026-05-12,Risk & Mitigation Board,9,Agency pick local into friend career cup main much one.,1
MTG-12073,PRJ-1112,2026-03-06,Steering Committee Sync,11,Her player result positive happen determine.,1
MTG-12074,PRJ-1114,2026-04-26,Architecture Review Board,6,Experience charge find again ahead second.,1
MTG-12075,PRJ-1115,2026-04-21,Architecture Review Board,12,Significant early sell north recent them reflect available century.,5
MTG-12076,PRJ-1116,2026-04-19,Steering Committee Sync,12,Probably maybe herself partner camera long who require billion probably cut raise.,1
MTG-12077,PRJ-1117,2026-04-16,Risk & Mitigation Board,5,Author world time try cause behind single project air hold good.,2
MTG-12078,PRJ-1118,2026-05-21,Steering Committee Sync,6,Fall issue tend theory the hard south maintain year.,6
MTG-12079,PRJ-1119,2026-04-04,Architecture Review Board,13,Determine space eat wear half hot us history light.,6
MTG-12080,PRJ-1120,2026-04-16,Architecture Review Board,6,Kid fall international clearly sport official remain store against image catch.,1
MTG-12081,PRJ-1122,2026-02-26,Architecture Review Board,8,Official wife industry him up teach central public term she.,2
MTG-12082,PRJ-1123,2026-05-27,Risk & Mitigation Board,14,Represent conference war science reduce pass once democratic range especially.,0
MTG-12083,PRJ-1124,2026-03-14,Risk & Mitigation Board,11,Offer feeling than prevent too control.,1
MTG-12084,PRJ-1125,2026-05-31,Financial Burn Review,6,Throw left worker ready take property recognize expert.,2
MTG-12085,PRJ-1126,2026-04-08,Financial Burn Review,12,Rich less theory health tell fact pretty learn data power morning.,2
MTG-12086,PRJ-1127,2026-03-09,Security Audit Sync,8,New subject want way similar cover population thing really unit.,2
MTG-12087,PRJ-1128,2026-05-20,Steering Committee Sync,9,First response house hundred role activity culture picture.,2
MTG-12088,PRJ-1129,2026-05-17,Financial Burn Review,9,International above attack catch soldier charge start subject through result military.,5
MTG-12089,PRJ-1130,2026-04-27,Financial Burn Review,10,Call stage significant thank data year defense support.,2
MTG-12090,PRJ-1131,2026-05-18,Sprint Review & Demo,4,Age so coach with music if rich point recently.,1
MTG-12091,PRJ-1132,2026-04-12,Security Audit Sync,7,Policy education true three theory outside agency world true.,0
MTG-12092,PRJ-1133,2026-03-31,Sprint Review & Demo,5,Box could end hard test.,6
MTG-12093,PRJ-1134,2026-06-14,Risk & Mitigation Board,11,Hear station wide themselves back together factor.,2
MTG-12094,PRJ-1135,2026-03-11,Architecture Review Board,7,Skin most real remain art there describe model meeting.,0
MTG-12095,PRJ-1136,2026-05-13,Sprint Review & Demo,10,Experience point article article drop.,0
MTG-12096,PRJ-1138,2026-04-08,Risk & Mitigation Board,4,Throw future reach street course plant billion middle describe.,0
MTG-12097,PRJ-1139,2026-04-04,Financial Burn Review,5,Good anyone among police billion idea use high language.,1
MTG-12098,PRJ-1140,2026-04-25,Sprint Review & Demo,5,Nature already while part choice leg treatment bill today money.,2
MTG-12099,PRJ-1141,2026-05-04,Risk & Mitigation Board,13,Low bill behavior hand until interest sometimes.,3
MTG-12100,PRJ-1142,2026-06-23,Security Audit Sync,6,Be number step history green save.,0
MTG-12101,PRJ-1143,2026-04-29,Architecture Review Board,11,Civil assume thank rest ten four without.,0
MTG-12102,PRJ-1144,2026-03-22,Risk & Mitigation Board,14,Eight poor attack girl force relationship nation.,2
MTG-12103,PRJ-1145,2026-03-27,Financial Burn Review,7,Would official order seven clear city hundred center.,2
MTG-12104,PRJ-1146,2026-04-23,Steering Committee Sync,11,Friend analysis race much environment interesting nature painting debate spring.,3
MTG-12105,PRJ-1147,2026-05-30,Risk & Mitigation Board,8,Charge middle daughter too left.,2
MTG-12106,PRJ-1148,2026-04-24,Steering Committee Sync,6,Involve nice positive effort attorney he school article floor.,2
MTG-12107,PRJ-1149,2026-06-10,Risk & Mitigation Board,7,Want interview why above name stand walk account trouble.,2
MTG-12108,PRJ-1150,2026-06-16,Sprint Review & Demo,4,Though success police she difference ten.,2
MTG-12109,PRJ-1002,2026-06-07,Security Audit Sync,5,Soldier light turn wear break these may cell campaign run.,2
MTG-12110,PRJ-1004,2026-05-15,Steering Committee Sync,6,Cup sister article kind bar available still respond everything.,1
MTG-12111,PRJ-1006,2026-03-21,Sprint Review & Demo,10,Major thousand who give probably support reality language.,3
MTG-12112,PRJ-1007,2026-04-23,Financial Burn Review,5,Strong situation tough various question old listen heavy report its sign I.,2
MTG-12113,PRJ-1008,2026-04-21,Architecture Review Board,14,American participant race model doctor explain entire admit.,2
MTG-12114,PRJ-1009,2026-05-22,Security Audit Sync,14,Claim station example catch purpose radio hair.,2
MTG-12115,PRJ-1010,2026-05-30,Financial Burn Review,7,Customer reason camera because away election worker region learn gun expect public.,1
MTG-12116,PRJ-1011,2026-04-17,Steering Committee Sync,11,Free small only bar war also.,2
MTG-12117,PRJ-1012,2026-05-21,Financial Burn Review,9,Attorney remember travel industry air.,1
MTG-12118,PRJ-1013,2026-03-01,Financial Burn Review,6,Give occur decade energy light from lay news take.,2
MTG-12119,PRJ-1014,2026-03-24,Sprint Review & Demo,10,Medical research group thus outside blue now line.,4
MTG-12120,PRJ-1015,2026-03-08,Security Audit Sync,5,His wife represent under world hold exist story.,1
MTG-12121,PRJ-1016,2026-06-03,Financial Burn Review,6,Theory before yet manager catch.,0
MTG-12122,PRJ-1017,2026-05-15,Financial Burn Review,5,Half single center hotel four teach or coach result prove.,1
MTG-12123,PRJ-1019,2026-04-01,Sprint Review & Demo,7,Specific ready same price again.,1
MTG-12124,PRJ-1020,2026-04-13,Sprint Review & Demo,12,Beat project help admit beat.,2
MTG-12125,PRJ-1021,2026-02-28,Architecture Review Board,7,Evidence station many boy west data arm population rise.,1
MTG-12126,PRJ-1024,2026-06-24,Architecture Review Board,10,Together suddenly travel high require strategy customer actually trade.,1
MTG-12127,PRJ-1026,2026-03-04,Security Audit Sync,5,Operation money organization doctor network.,1
MTG-12128,PRJ-1027,2026-04-29,Steering Committee Sync,5,Special finally station whose community.,3
MTG-12129,PRJ-1029,2026-05-14,Financial Burn Review,7,From weight ask myself wall series person anything.,2
MTG-12130,PRJ-1030,2026-05-25,Financial Burn Review,12,Type relationship plan individual because.,5
MTG-12131,PRJ-1031,2026-05-29,Architecture Review Board,13,Color trouble agent small bank world purpose investment at.,1
MTG-12132,PRJ-1032,2026-06-08,Sprint Review & Demo,5,Field learn recently eight leader about girl response available stock young.,2
MTG-12133,PRJ-1033,2026-03-02,Financial Burn Review,8,Race water purpose score across party market dark language.,4
MTG-12134,PRJ-1034,2026-04-27,Security Audit Sync,4,Behind once by final project paper.,1
MTG-12135,PRJ-1035,2026-04-23,Architecture Review Board,8,Safe green agreement rock if magazine look term meeting long.,4
MTG-12136,PRJ-1036,2026-06-10,Steering Committee Sync,4,Probably my when important door name.,1
MTG-12137,PRJ-1038,2026-06-14,Steering Committee Sync,12,Agency rock however simply policy least husband option contain.,0
MTG-12138,PRJ-1039,2026-04-18,Security Audit Sync,14,Method reality action recognize crime poor beat house stage college.,3
MTG-12139,PRJ-1040,2026-05-03,Sprint Review & Demo,11,Put research whose a fact on space not blood food performance lose.,0
MTG-12140,PRJ-1041,2026-03-16,Sprint Review & Demo,13,Window structure herself agent stuff treatment hard score agency.,2
MTG-12141,PRJ-1043,2026-03-01,Security Audit Sync,9,Truth wait fact significant body water.,0
MTG-12142,PRJ-1044,2026-04-13,Sprint Review & Demo,13,Necessary country attorney statement opportunity we good how soon move.,4
MTG-12143,PRJ-1045,2026-04-19,Security Audit Sync,5,Success final investment argue prepare similar.,5
MTG-12144,PRJ-1047,2026-02-26,Financial Burn Review,6,Contain especially region Congress way night threat glass leg anyone do admit.,1
MTG-12145,PRJ-1048,2026-03-14,Architecture Review Board,4,Adult big theory future actually popular hot.,2
MTG-12146,PRJ-1050,2026-05-12,Sprint Review & Demo,11,Every occur why husband poor general yet class surface impact decision.,0
MTG-12147,PRJ-1051,2026-03-12,Financial Burn Review,14,Administration collection among site material crime wait speech size toward prepare.,0
MTG-12148,PRJ-1052,2026-04-17,Architecture Review Board,11,Reduce off guy light society play yes recently.,4
MTG-12149,PRJ-1053,2026-04-06,Architecture Review Board,4,Southern several figure watch which happen.,0
MTG-12150,PRJ-1054,2026-04-15,Sprint Review & Demo,7,Eight result myself manage decade position education head effort right exactly.,1
MTG-12151,PRJ-1055,2026-05-15,Financial Burn Review,10,Window production industry until method program their media skill no task.,2
MTG-12152,PRJ-1056,2026-05-16,Security Audit Sync,4,Pressure war picture take story democratic without stop military.,2
MTG-12153,PRJ-1057,2026-03-26,Financial Burn Review,4,Team specific list modern above.,1
MTG-12154,PRJ-1059,2026-04-27,Risk & Mitigation Board,6,Fact city this impact sound night prevent power feeling the rock you.,4
MTG-12155,PRJ-1060,2026-05-19,Risk & Mitigation Board,10,All agency right figure son guess result other mother husband close.,2
MTG-12156,PRJ-1062,2026-06-04,Financial Burn Review,5,Leader exactly truth serve serve.,0
MTG-12157,PRJ-1063,2026-05-05,Risk & Mitigation Board,13,Land trip majority center will fire play two project wide.,0
MTG-12158,PRJ-1064,2026-02-26,Architecture Review Board,7,Understand as case next go great put ready player feel gas.,1
MTG-12159,PRJ-1065,2026-05-15,Architecture Review Board,4,Behind decide dinner ask training others sign rather range station seek.,1
MTG-12160,PRJ-1066,2026-05-11,Steering Committee Sync,5,Could something right beyond central prevent office ever than.,0
MTG-12161,PRJ-1067,2026-04-15,Financial Burn Review,7,Those stage chance its put town south.,1
MTG-12162,PRJ-1068,2026-04-08,Risk & Mitigation Board,12,Model many more network quality.,2
MTG-12163,PRJ-1071,2026-04-08,Financial Burn Review,4,West employee series with sometimes statement personal once food.,1
MTG-12164,PRJ-1072,2026-03-07,Security Audit Sync,4,General group sense detail law all share career.,0
MTG-12165,PRJ-1073,2026-03-20,Sprint Review & Demo,6,Indeed customer kind history young cell.,1
MTG-12166,PRJ-1074,2026-03-08,Risk & Mitigation Board,8,Store hear institution return thank coach international third community.,0
MTG-12167,PRJ-1076,2026-04-17,Sprint Review & Demo,9,Election budget wish pretty hot add perform arrive number base strategy.,1
MTG-12168,PRJ-1077,2026-03-26,Financial Burn Review,7,Type our wear job management arrive friend Republican.,6
MTG-12169,PRJ-1079,2026-05-23,Architecture Review Board,13,Music truth by quality rich key quality beyond community set exactly director.,0
MTG-12170,PRJ-1080,2026-05-30,Risk & Mitigation Board,14,Most although maybe sure bed factor charge certainly part drug fear.,4
MTG-12171,PRJ-1081,2026-03-03,Sprint Review & Demo,5,Need size down east car gun he.,2
MTG-12172,PRJ-1083,2026-04-12,Sprint Review & Demo,12,Paper ask responsibility fall agency expect else.,3
MTG-12173,PRJ-1084,2026-06-13,Steering Committee Sync,9,Surface data federal job past different somebody though rate talk professor.,4
MTG-12174,PRJ-1085,2026-05-07,Steering Committee Sync,8,Budget politics fly impact raise boy pull life call tough.,1
MTG-12175,PRJ-1088,2026-06-21,Architecture Review Board,8,Travel degree class born interview rate.,2
MTG-12176,PRJ-1089,2026-03-08,Security Audit Sync,12,Room major star choose better.,0
MTG-12177,PRJ-1090,2026-05-02,Architecture Review Board,12,Note away focus design leave sing box agree carry.,3
MTG-12178,PRJ-1091,2026-04-28,Financial Burn Review,4,Maintain kind factor sure scientist subject ball tell argue ever.,1
MTG-12179,PRJ-1092,2026-03-04,Architecture Review Board,13,Accept simply help southern during manager party.,1
MTG-12180,PRJ-1093,2026-06-12,Risk & Mitigation Board,5,Point they color first hundred seven another possible.,1
MTG-12181,PRJ-1094,2026-03-03,Steering Committee Sync,12,Painting responsibility day impact ready.,2
MTG-12182,PRJ-1095,2026-05-18,Steering Committee Sync,12,Personal movie rich drive interest measure and thousand.,1
MTG-12183,PRJ-1096,2026-06-05,Steering Committee Sync,9,Land author the finish during exactly.,1
MTG-12184,PRJ-1097,2026-03-05,Security Audit Sync,4,Financial chance better movement natural gun door all nearly culture room.,2
MTG-12185,PRJ-1098,2026-06-11,Steering Committee Sync,11,Mission rich PM develop subject down north property beat.,2
MTG-12186,PRJ-1099,2026-06-18,Security Audit Sync,5,Wrong scene outside letter member relationship possible into contain amount.,4
MTG-12187,PRJ-1100,2026-04-09,Sprint Review & Demo,4,Either response sister whom tree lead.,1
MTG-12188,PRJ-1101,2026-04-19,Architecture Review Board,13,Night the agree pressure mouth parent bit describe.,3
MTG-12189,PRJ-1102,2026-02-26,Risk & Mitigation Board,5,Ball body sit send performance sometimes fight employee guy.,3
MTG-12190,PRJ-1103,2026-05-09,Sprint Review & Demo,13,Pattern general hope boy control into back.,1
MTG-12191,PRJ-1104,2026-04-19,Risk & Mitigation Board,4,Read put matter seek suffer drive.,1
MTG-12192,PRJ-1105,2026-04-09,Risk & Mitigation Board,11,Care I stop type key despite.,1
MTG-12193,PRJ-1107,2026-03-01,Sprint Review & Demo,7,Manager learn crime suffer modern section statement another role.,0
MTG-12194,PRJ-1108,2026-03-24,Risk & Mitigation Board,14,Project which few skin though compare interest road.,2
MTG-12195,PRJ-1109,2026-02-26,Risk & Mitigation Board,4,Author lead single range company provide.,5
MTG-12196,PRJ-1111,2026-04-11,Security Audit Sync,4,Memory both however mother instead thought indeed look.,3
MTG-12197,PRJ-1112,2026-06-07,Financial Burn Review,4,Finish much north or total until describe necessary single.,1
MTG-12198,PRJ-1114,2026-03-25,Financial Burn Review,8,Everything detail raise turn direction.,3
MTG-12199,PRJ-1115,2026-05-24,Financial Burn Review,4,She office Congress weight single religious.,2
MTG-12200,PRJ-1116,2026-06-19,Architecture Review Board,13,Product cold various himself our exactly.,2
MTG-12201,PRJ-1117,2026-03-03,Risk & Mitigation Board,4,Anyone sea rate often bank later campaign church.,1
MTG-12202,PRJ-1118,2026-04-24,Sprint Review & Demo,10,Court beautiful box recent significant watch present summer lose quality moment.,5
MTG-12203,PRJ-1119,2026-05-24,Security Audit Sync,8,Prevent strategy local expect pass person arm claim than blood buy.,6
MTG-12204,PRJ-1120,2026-03-31,Financial Burn Review,10,So write green scene need movement bill wait whose item.,1
MTG-12205,PRJ-1122,2026-04-26,Financial Burn Review,13,Song take tend finish technology behind impact stop collection leave western strategy.,2
MTG-12206,PRJ-1123,2026-04-20,Financial Burn Review,6,Seat send billion others participant design trial.,1
MTG-12207,PRJ-1124,2026-04-27,Risk & Mitigation Board,7,Off through moment ready operation oil.,1
MTG-12208,PRJ-1125,2026-05-07,Steering Committee Sync,8,Most way recently box debate statement matter international management.,0
MTG-12209,PRJ-1126,2026-03-20,Security Audit Sync,5,Boy develop worker create TV sort drug.,1
MTG-12210,PRJ-1127,2026-04-23,Steering Committee Sync,8,Forget official senior animal ready strong drug pull over see he.,2
MTG-12211,PRJ-1128,2026-05-30,Architecture Review Board,10,Different reason tough star doctor our only serve buy loss everything.,2
MTG-12212,PRJ-1129,2026-05-24,Sprint Review & Demo,8,Place certainly focus which garden just evening street red contain newspaper there.,5
MTG-12213,PRJ-1130,2026-05-12,Architecture Review Board,14,Story test today toward blood reflect consider could.,1
MTG-12214,PRJ-1131,2026-06-03,Architecture Review Board,13,Recent house number end election station.,6
MTG-12215,PRJ-1132,2026-05-23,Sprint Review & Demo,8,Edge do finish design apply drug thus song our miss say.,0
MTG-12216,PRJ-1133,2026-05-30,Financial Burn Review,9,Animal onto receive figure think often let picture trip allow world particularly.,6
MTG-12217,PRJ-1134,2026-06-09,Architecture Review Board,11,Leave player throughout forget watch understand.,0
MTG-12218,PRJ-1135,2026-04-17,Risk & Mitigation Board,11,Ask theory democratic perform court investment agreement realize building prevent religious.,0
MTG-12219,PRJ-1136,2026-06-22,Sprint Review & Demo,4,Figure practice position same war behind pattern.,1
MTG-12220,PRJ-1138,2026-06-11,Architecture Review Board,14,Specific article purpose early safe its final add.,1
MTG-12221,PRJ-1139,2026-06-12,Financial Burn Review,10,Possible financial environmental fast will their.,0
MTG-12222,PRJ-1140,2026-03-30,Sprint Review & Demo,5,Church evidence speak senior account.,2
MTG-12223,PRJ-1141,2026-05-09,Architecture Review Board,12,In reduce visit brother save international assume from writer account.,5
MTG-12224,PRJ-1142,2026-06-02,Architecture Review Board,11,Billion manager court much religious today level floor.,0
MTG-12225,PRJ-1143,2026-06-05,Steering Committee Sync,8,Feel foot behavior plant argue training.,1
MTG-12226,PRJ-1144,2026-03-19,Architecture Review Board,6,Property start audience poor five floor.,4
MTG-12227,PRJ-1145,2026-03-30,Steering Committee Sync,6,Order compare plant company lose represent item professional yourself outside simple.,2
MTG-12228,PRJ-1146,2026-05-05,Steering Committee Sync,14,Discuss himself notice behavior assume state site court.,5
MTG-12229,PRJ-1147,2026-05-18,Sprint Review & Demo,5,Soldier situation figure exactly piece chance able interesting concern seat establish course.,0
MTG-12230,PRJ-1148,2026-06-02,Security Audit Sync,6,Much discover draw decade he voice scene high total effort also.,1
MTG-12231,PRJ-1149,2026-04-19,Security Audit Sync,11,Speech compare eat no himself per card form again.,2
MTG-12232,PRJ-1150,2026-03-30,Financial Burn Review,4,Start against technology clear service nice tough mission perform.,1
MTG-12233,PRJ-1002,2026-04-11,Financial Burn Review,7,These TV such tend eat interview toward them.,2
MTG-12234,PRJ-1004,2026-04-17,Sprint Review & Demo,8,Decide over style like foreign else buy near cut.,6
MTG-12235,PRJ-1006,2026-03-02,Architecture Review Board,14,Sometimes future carry meet lay various worry science particular I help while.,1
MTG-12236,PRJ-1007,2026-04-18,Architecture Review Board,4,Much often lead impact blood record talk against tell talk once be.,2
MTG-12237,PRJ-1008,2026-03-29,Financial Burn Review,9,Traditional ball white Democrat model someone week usually large from.,2
MTG-12238,PRJ-1009,2026-04-24,Sprint Review & Demo,12,Industry road a full myself measure want rather his.,0
MTG-12239,PRJ-1010,2026-05-16,Risk & Mitigation Board,12,None rich Congress exist debate whole particular policy.,0
MTG-12240,PRJ-1011,2026-04-19,Sprint Review & Demo,7,Foreign third yeah everything service admit friend important tax office way.,0
MTG-12241,PRJ-1012,2026-04-25,Architecture Review Board,9,Animal station see enough concern night authority story.,2
MTG-12242,PRJ-1013,2026-05-01,Security Audit Sync,5,Tonight soon buy where such form woman.,1
MTG-12243,PRJ-1014,2026-05-18,Security Audit Sync,8,Much the yourself into common heavy store method.,4
MTG-12244,PRJ-1015,2026-05-31,Steering Committee Sync,9,In sense military explain each security teacher test provide cultural mention determine.,0
MTG-12245,PRJ-1016,2026-05-23,Financial Burn Review,9,Against bag shake keep official over.,1
MTG-12246,PRJ-1017,2026-03-08,Risk & Mitigation Board,9,Possible ability family turn teacher challenge than remain least model serve any.,2
MTG-12247,PRJ-1019,2026-03-23,Risk & Mitigation Board,13,Increase appear create institution effect quite deep organization idea.,1
MTG-12248,PRJ-1020,2026-05-30,Sprint Review & Demo,9,Section responsibility discussion Mr purpose character develop keep instead.,0
MTG-12249,PRJ-1021,2026-04-24,Sprint Review & Demo,6,Large detail buy land evidence.,3
MTG-12250,PRJ-1024,2026-04-09,Financial Burn Review,5,Though community including career each hotel Mrs recent meeting top.,0
MTG-12251,PRJ-1026,2026-05-03,Financial Burn Review,9,Major many situation whom teach party range practice wait stuff require catch.,0
MTG-12252,PRJ-1027,2026-04-09,Financial Burn Review,12,Land least effect stay agree send drive.,6
MTG-12253,PRJ-1029,2026-04-13,Financial Burn Review,9,Newspaper example enter change when lose level ball others go.,2
MTG-12254,PRJ-1030,2026-04-02,Steering Committee Sync,13,First likely debate since arrive open.,4
MTG-12255,PRJ-1031,2026-05-31,Sprint Review & Demo,6,Number everyone almost important huge.,2
MTG-12256,PRJ-1032,2026-05-24,Risk & Mitigation Board,5,Drug fact enjoy each work song pressure.,2
MTG-12257,PRJ-1033,2026-04-17,Sprint Review & Demo,13,Garden Congress customer quality walk involve all raise.,2
MTG-12258,PRJ-1034,2026-06-15,Financial Burn Review,14,Technology already letter talk number.,5
MTG-12259,PRJ-1035,2026-03-07,Financial Burn Review,10,Save spring once send gun instead.,6
MTG-12260,PRJ-1036,2026-03-07,Financial Burn Review,5,Maybe option human fire ball natural raise five Democrat which skin everybody.,2
MTG-12261,PRJ-1038,2026-04-18,Financial Burn Review,13,Role like interesting behavior poor possible memory protect.,0
MTG-12262,PRJ-1039,2026-03-31,Risk & Mitigation Board,12,Run in provide teach street natural chair pass science Republican.,6
MTG-12263,PRJ-1040,2026-04-11,Financial Burn Review,9,Within only admit politics attack responsibility reduce reality about.,1
MTG-12264,PRJ-1041,2026-03-19,Architecture Review Board,13,Many traditional talk firm study quite perhaps.,0
MTG-12265,PRJ-1043,2026-04-17,Architecture Review Board,9,Attack area attack then mother heavy final.,0
MTG-12266,PRJ-1044,2026-04-03,Steering Committee Sync,7,Degree opportunity bed law scientist fund end federal.,3
MTG-12267,PRJ-1045,2026-04-03,Risk & Mitigation Board,5,Able force energy billion us second.,3
MTG-12268,PRJ-1047,2026-05-17,Security Audit Sync,11,Situation lose difficult ground bank trouble radio.,0
MTG-12269,PRJ-1048,2026-05-27,Security Audit Sync,9,Including understand ten look believe bed data hand measure could.,1
MTG-12270,PRJ-1050,2026-03-14,Sprint Review & Demo,12,Hear environment war industry five spring glass week very simply half.,1
MTG-12271,PRJ-1051,2026-03-18,Financial Burn Review,9,Major own gas performance people speak.,0
MTG-12272,PRJ-1052,2026-04-29,Security Audit Sync,13,True wife network heart guess million.,4
MTG-12273,PRJ-1053,2026-06-12,Steering Committee Sync,10,Heavy generation per Democrat day take.,1
MTG-12274,PRJ-1054,2026-05-07,Steering Committee Sync,6,Mouth west begin through she run yeah whether.,5
MTG-12275,PRJ-1055,2026-03-05,Financial Burn Review,10,Term country camera parent staff find church ready.,0
MTG-12276,PRJ-1056,2026-06-11,Security Audit Sync,14,Leg subject within suggest subject save big as fire line cover.,2
MTG-12277,PRJ-1057,2026-03-08,Steering Committee Sync,8,Fast husband cultural base third ground.,2
MTG-12278,PRJ-1059,2026-03-21,Architecture Review Board,9,Weight fly although arrive film.,3
MTG-12279,PRJ-1060,2026-02-27,Sprint Review & Demo,10,Mouth public between answer yourself science guess near professional fine.,0
MTG-12280,PRJ-1062,2026-04-21,Risk & Mitigation Board,6,Down song for though build next wind our better image.,2
MTG-12281,PRJ-1063,2026-05-10,Financial Burn Review,14,Environment check indicate range various true sound age will truth security word.,1
MTG-12282,PRJ-1064,2026-04-12,Steering Committee Sync,11,Behavior arrive send style reduce money car professional care science identify center.,0
MTG-12283,PRJ-1065,2026-06-04,Sprint Review & Demo,5,Charge base specific green point color.,0
MTG-12284,PRJ-1066,2026-05-30,Risk & Mitigation Board,12,Nothing high certainly more place market son remain second action notice cause.,1
MTG-12285,PRJ-1067,2026-06-01,Security Audit Sync,5,Manage set necessary lay region citizen air whether produce.,4
MTG-12286,PRJ-1068,2026-06-15,Steering Committee Sync,10,Next past same effect course leg business particular.,0
MTG-12287,PRJ-1071,2026-03-08,Sprint Review & Demo,6,Control response and quality memory understand politics religious challenge.,6
MTG-12288,PRJ-1072,2026-05-12,Sprint Review & Demo,12,Human south analysis need community very consider actually situation suggest though.,0
MTG-12289,PRJ-1073,2026-03-29,Financial Burn Review,10,Realize parent game responsibility age that play will once.,4
MTG-12290,PRJ-1074,2026-04-06,Architecture Review Board,10,White employee along too forget subject issue care method.,0
MTG-12291,PRJ-1076,2026-04-26,Security Audit Sync,7,Unit kind they girl recently treat party stop available hope where.,2
MTG-12292,PRJ-1077,2026-04-17,Security Audit Sync,5,Those catch option those yeah son.,3
MTG-12293,PRJ-1079,2026-06-10,Architecture Review Board,13,Him two lot operation program language think send past Democrat admit.,1
MTG-12294,PRJ-1080,2026-04-06,Financial Burn Review,5,Task minute something she role nice week now.,5
MTG-12295,PRJ-1081,2026-04-03,Security Audit Sync,5,Represent business least nor answer gun film campaign dream grow behavior save.,0
MTG-12296,PRJ-1083,2026-04-23,Security Audit Sync,11,Star former determine price hour account.,3
MTG-12297,PRJ-1084,2026-05-03,Risk & Mitigation Board,11,Service identify phone security including son here produce or coach similar.,6
MTG-12298,PRJ-1085,2026-06-18,Security Audit Sync,8,Professional their city town response too set book despite early decide.,1
MTG-12299,PRJ-1088,2026-04-19,Risk & Mitigation Board,6,Method interview road race story machine important manager adult we everything.,2
MTG-12300,PRJ-1089,2026-06-02,Security Audit Sync,13,Look especially exactly for offer friend bag.,0
MTG-12301,PRJ-1090,2026-04-09,Financial Burn Review,6,Ball local today raise remember outside city.,1
MTG-12302,PRJ-1091,2026-04-27,Sprint Review & Demo,13,Major Mr leader everybody whom ask player wife history thought up investment.,5
MTG-12303,PRJ-1092,2026-04-05,Architecture Review Board,14,Stuff present so peace interesting free.,2
MTG-12304,PRJ-1093,2026-03-30,Risk & Mitigation Board,9,Green five should single job thought particularly key out down.,1
MTG-12305,PRJ-1094,2026-05-23,Risk & Mitigation Board,12,Not deal say stand article.,2
MTG-12306,PRJ-1095,2026-03-11,Security Audit Sync,8,Student beat say offer present choice two.,2
MTG-12307,PRJ-1096,2026-03-15,Sprint Review & Demo,8,Exactly must seat figure production cold high network nothing mind effect.,2
MTG-12308,PRJ-1097,2026-05-15,Risk & Mitigation Board,4,Western source them wife ever.,3
MTG-12309,PRJ-1098,2026-06-01,Financial Burn Review,12,Travel network author take that just drop.,2
MTG-12310,PRJ-1099,2026-06-01,Financial Burn Review,10,Human would magazine up for evening thing generation one throughout American.,5
MTG-12311,PRJ-1100,2026-06-12,Architecture Review Board,10,Talk use station idea red many answer four deal understand.,1
MTG-12312,PRJ-1101,2026-06-08,Architecture Review Board,6,Perhaps as out check most word impact school.,2
MTG-12313,PRJ-1102,2026-06-17,Sprint Review & Demo,7,Sort hair amount wonder these we wide.,6
MTG-12314,PRJ-1103,2026-05-23,Risk & Mitigation Board,8,News team purpose law themselves near become.,2
MTG-12315,PRJ-1104,2026-03-17,Financial Burn Review,9,Indicate design parent huge political environment security.,2
MTG-12316,PRJ-1105,2026-02-26,Sprint Review & Demo,8,Participant strategy story store bank sit none now beyond measure lay.,1
MTG-12317,PRJ-1107,2026-04-11,Steering Committee Sync,8,Check quality everyone benefit fill sit.,0
MTG-12318,PRJ-1108,2026-04-07,Architecture Review Board,11,Investment every must mind pull each.,4
MTG-12319,PRJ-1109,2026-05-30,Steering Committee Sync,8,Production live key its here five today loss gun.,2
MTG-12320,PRJ-1111,2026-04-03,Architecture Review Board,5,Enjoy soldier decision structure development she Mr price big teacher song company.,5
MTG-12321,PRJ-1112,2026-03-14,Steering Committee Sync,8,Stop enter partner today main.,2
MTG-12322,PRJ-1114,2026-06-19,Steering Committee Sync,7,Fear both decision order level yes professional body.,1
MTG-12323,PRJ-1115,2026-06-19,Financial Burn Review,6,Left teach short pass enjoy production stand process.,5
MTG-12324,PRJ-1116,2026-05-20,Sprint Review & Demo,4,Card good half while front effort development establish whom plant.,2
MTG-12325,PRJ-1117,2026-04-04,Financial Burn Review,7,Move then hear degree professor charge team movie whom.,2
MTG-12326,PRJ-1118,2026-04-08,Sprint Review & Demo,4,Street purpose old whose general.,4
MTG-12327,PRJ-1119,2026-05-26,Architecture Review Board,8,Strategy gun maybe president I choice today most.,2
MTG-12328,PRJ-1120,2026-06-15,Financial Burn Review,11,Policy since improve draw score pretty while few ability adult big hundred.,1
MTG-12329,PRJ-1122,2026-05-08,Financial Burn Review,11,Plant benefit role manage operation result southern really wind buy.,0
MTG-12330,PRJ-1123,2026-04-08,Architecture Review Board,5,Occur yes million describe voice health short also left.,0
MTG-12331,PRJ-1124,2026-03-20,Risk & Mitigation Board,11,Beyond back girl question probably always bit see vote.,1
MTG-12332,PRJ-1125,2026-04-22,Architecture Review Board,6,Off major it our want fine quite huge.,0
MTG-12333,PRJ-1126,2026-05-21,Architecture Review Board,14,See half special door near social.,2
MTG-12334,PRJ-1127,2026-05-07,Sprint Review & Demo,5,I economic your so main drive these somebody reflect organization.,1
MTG-12335,PRJ-1128,2026-03-03,Security Audit Sync,5,Lawyer car Mrs establish be degree.,0
MTG-12336,PRJ-1129,2026-06-02,Architecture Review Board,12,Send partner avoid couple page treat.,2
MTG-12337,PRJ-1130,2026-04-04,Architecture Review Board,11,Play wish dinner if public different look sign nothing kid star.,1
MTG-12338,PRJ-1131,2026-03-05,Security Audit Sync,12,Minute against region take through action appear lead.,6
MTG-12339,PRJ-1132,2026-05-23,Security Audit Sync,9,Similar join half sport hope agent company sure consider.,0
MTG-12340,PRJ-1133,2026-06-24,Sprint Review & Demo,5,Down role special watch remain son center media shake hospital.,4
MTG-12341,PRJ-1134,2026-06-18,Security Audit Sync,9,Because call campaign cultural sort away.,2
MTG-12342,PRJ-1135,2026-05-12,Steering Committee Sync,14,Focus city help type one smile national.,2
MTG-12343,PRJ-1136,2026-06-02,Security Audit Sync,14,Successful special tend hour serve five white.,0
MTG-12344,PRJ-1138,2026-05-12,Security Audit Sync,7,Help head Democrat hear standard exactly under body.,0
MTG-12345,PRJ-1139,2026-03-09,Steering Committee Sync,10,Program share recent be high late memory adult full around need.,2
MTG-12346,PRJ-1140,2026-05-14,Steering Committee Sync,7,Beyond or know week investment feeling between single evidence market bag.,2
MTG-12347,PRJ-1141,2026-04-12,Architecture Review Board,6,Coach watch end mission cup food.,4
MTG-12348,PRJ-1142,2026-06-22,Risk & Mitigation Board,11,Born kitchen must treat activity ability.,0
MTG-12349,PRJ-1143,2026-04-24,Architecture Review Board,7,Turn light lot run action instead professor itself will.,0
MTG-12350,PRJ-1144,2026-03-26,Security Audit Sync,12,Help science health low pressure ready assume indeed when material.,1
MTG-12351,PRJ-1145,2026-03-03,Security Audit Sync,7,Model might night prevent bill hope off and though provide hit.,2
MTG-12352,PRJ-1146,2026-04-02,Sprint Review & Demo,5,Somebody either investment fear open bar already responsibility range.,4
MTG-12353,PRJ-1147,2026-03-25,Risk & Mitigation Board,13,Hit treatment somebody notice whole.,2
MTG-12354,PRJ-1148,2026-05-23,Steering Committee Sync,6,Population director candidate sport your relate other radio but attorney.,6
MTG-12355,PRJ-1149,2026-06-09,Sprint Review & Demo,8,Off could year central hospital west left compare whether two attack.,1
MTG-12356,PRJ-1150,2026-03-27,Financial Burn Review,14,Rock sit game commercial somebody cell both number upon.,1
MTG-12357,PRJ-1002,2026-03-01,Financial Burn Review,14,Lay society method center successful owner current year nation series still.,0
MTG-12358,PRJ-1004,2026-03-21,Architecture Review Board,12,Police above gun dream sound surface lose full effect off sign relationship.,4
MTG-12359,PRJ-1006,2026-03-12,Security Audit Sync,8,Same fight traditional share character myself country.,2
MTG-12360,PRJ-1007,2026-05-05,Steering Committee Sync,14,Message play religious not activity determine space television law.,1
MTG-12361,PRJ-1008,2026-04-26,Risk & Mitigation Board,14,Bank magazine agree allow improve later arm of available effect usually.,4
MTG-12362,PRJ-1009,2026-04-12,Risk & Mitigation Board,9,Behavior hot must discussion play new fly dream history.,2
MTG-12363,PRJ-1010,2026-03-29,Financial Burn Review,8,Law strategy leader tend itself art hold difference foot west successful.,1
MTG-12364,PRJ-1011,2026-06-17,Sprint Review & Demo,5,Put property do bag several set and difficult enough social.,0
MTG-12365,PRJ-1012,2026-05-26,Architecture Review Board,11,Four sense matter woman yes future single few exactly mouth.,1
MTG-12366,PRJ-1013,2026-03-03,Architecture Review Board,14,Red work rise describe bring behavior general affect.,0
MTG-12367,PRJ-1014,2026-04-07,Risk & Mitigation Board,6,Class anything organization support through growth often threat.,1
MTG-12368,PRJ-1015,2026-06-02,Risk & Mitigation Board,14,Story black anything well office hot thing gun purpose go.,1
MTG-12369,PRJ-1016,2026-04-07,Sprint Review & Demo,10,Memory so charge hold office fast full.,1
MTG-12370,PRJ-1017,2026-06-19,Security Audit Sync,11,Serve oil participant election rate.,0
MTG-12371,PRJ-1019,2026-04-30,Risk & Mitigation Board,10,Score activity its rich rock consider tend practice television.,2
MTG-12372,PRJ-1020,2026-03-06,Security Audit Sync,4,Car important natural almost should kitchen key lay other life series.,0
MTG-12373,PRJ-1021,2026-03-22,Architecture Review Board,12,Throw image heavy market operation these space type attorney size area.,3
MTG-12374,PRJ-1024,2026-04-19,Steering Committee Sync,4,Write but network information cost society imagine whom.,1
MTG-12375,PRJ-1026,2026-05-15,Financial Burn Review,8,Explain clearly cover walk drop skin democratic.,1
MTG-12376,PRJ-1027,2026-05-07,Security Audit Sync,10,Edge here skin sport threat strong weight help.,3
MTG-12377,PRJ-1029,2026-06-24,Risk & Mitigation Board,10,Remain quite able partner pressure course join they.,1
MTG-12378,PRJ-1030,2026-04-05,Risk & Mitigation Board,4,Out bed media drug resource any.,3
MTG-12379,PRJ-1031,2026-05-31,Architecture Review Board,7,Effect though new expert long water early bring.,1
MTG-12380,PRJ-1032,2026-05-06,Architecture Review Board,4,Situation eight gun white toward morning according easy know set few.,2
MTG-12381,PRJ-1033,2026-03-13,Architecture Review Board,10,Song look teacher week nearly point land however quickly.,4
MTG-12382,PRJ-1034,2026-03-03,Steering Committee Sync,6,Week collection eat avoid lose top behavior why tough nice who two.,5
MTG-12383,PRJ-1035,2026-06-20,Financial Burn Review,14,Product music line modern low turn mind data something baby soon.,2
MTG-12384,PRJ-1036,2026-06-02,Sprint Review & Demo,13,Gun impact office both trouble officer finally boy across crime consumer.,2
MTG-12385,PRJ-1038,2026-05-03,Architecture Review Board,13,Likely affect bad among money.,0
MTG-12386,PRJ-1039,2026-04-04,Financial Burn Review,4,Change again race room prevent about.,1
MTG-12387,PRJ-1040,2026-05-23,Risk & Mitigation Board,9,Guess hand even huge morning people probably receive area thousand.,0
MTG-12388,PRJ-1041,2026-04-15,Architecture Review Board,5,Themselves floor science sister green if.,2
MTG-12389,PRJ-1043,2026-05-18,Security Audit Sync,12,Education color anything test huge loss training game same use.,0
MTG-12390,PRJ-1044,2026-06-02,Steering Committee Sync,12,Add whose medical management top read democratic.,3
MTG-12391,PRJ-1045,2026-05-01,Steering Committee Sync,12,International somebody ten friend within.,2
MTG-12392,PRJ-1047,2026-03-16,Risk & Mitigation Board,7,Husband away score mother matter between.,2
MTG-12393,PRJ-1048,2026-05-13,Architecture Review Board,9,Believe and blood it participant.,0
MTG-12394,PRJ-1050,2026-06-07,Architecture Review Board,7,Protect agree can available candidate budget none near result call.,1
MTG-12395,PRJ-1051,2026-03-25,Financial Burn Review,7,Wide last about environmental positive culture live.,2
MTG-12396,PRJ-1052,2026-04-07,Sprint Review & Demo,4,Order billion movement visit training trial specific.,1
MTG-12397,PRJ-1053,2026-03-07,Financial Burn Review,12,Soon position bar own wind tough level.,0
MTG-12398,PRJ-1054,2026-06-05,Risk & Mitigation Board,4,Few teacher yet white trip federal specific step old citizen.,4
MTG-12399,PRJ-1055,2026-03-13,Steering Committee Sync,8,Bag understand down audience feel offer with social like last service position.,1
MTG-12400,PRJ-1056,2026-05-21,Sprint Review & Demo,14,Lose think election course figure picture garden fight to million.,0
MTG-12401,PRJ-1057,2026-03-17,Security Audit Sync,4,Gun book tough sell surface development million put amount.,0
MTG-12402,PRJ-1059,2026-03-16,Architecture Review Board,5,Another south establish move affect father fall ok industry anything air.,6
MTG-12403,PRJ-1060,2026-03-03,Risk & Mitigation Board,10,Act assume recognize lot long camera these if.,2
MTG-12404,PRJ-1062,2026-05-20,Steering Committee Sync,8,Call energy child almost include outside.,2
MTG-12405,PRJ-1063,2026-03-04,Sprint Review & Demo,5,Responsibility environmental store window treatment quickly.,0
MTG-12406,PRJ-1064,2026-03-15,Financial Burn Review,10,Board represent sell continue consider financial assume man.,2
MTG-12407,PRJ-1065,2026-06-09,Sprint Review & Demo,12,Occur small these plant miss call particular development without particularly.,0
MTG-12408,PRJ-1066,2026-06-24,Financial Burn Review,5,Large fill citizen much drug soldier seven seven.,0
MTG-12409,PRJ-1067,2026-05-10,Security Audit Sync,10,Treatment loss live various work eat organization smile coach shoulder.,5
MTG-12410,PRJ-1068,2026-03-17,Steering Committee Sync,8,Let single idea action rest century none off.,2
MTG-12411,PRJ-1071,2026-05-21,Architecture Review Board,12,It success image ten population feeling.,4
MTG-12412,PRJ-1072,2026-04-21,Security Audit Sync,8,Economic scene foot employee voice research exist political by people.,0
MTG-12413,PRJ-1073,2026-05-08,Architecture Review Board,7,Same kitchen hair tell watch different.,4
MTG-12414,PRJ-1074,2026-03-21,Sprint Review & Demo,14,Range hundred affect floor deep sing operation consumer.,1
MTG-12415,PRJ-1076,2026-06-24,Financial Burn Review,10,Company light really free cup still step better determine.,1
MTG-12416,PRJ-1077,2026-02-28,Architecture Review Board,5,Discussion future pick study decade Congress discover financial suddenly check.,4
MTG-12417,PRJ-1079,2026-05-27,Steering Committee Sync,12,Against now hear research learn area discover and.,1
MTG-12418,PRJ-1080,2026-06-15,Architecture Review Board,8,Answer eat car benefit agreement remember hand ground move.,4
MTG-12419,PRJ-1081,2026-04-26,Security Audit Sync,12,What environment young appear charge time stand push watch hotel author order.,2
MTG-12420,PRJ-1083,2026-03-16,Steering Committee Sync,4,Task capital discussion song along main might only such.,4
MTG-12421,PRJ-1084,2026-06-04,Risk & Mitigation Board,10,Tough glass sea role financial which use wind pattern.,6
MTG-12422,PRJ-1085,2026-06-10,Architecture Review Board,5,Four market series group we thus.,2
MTG-12423,PRJ-1088,2026-04-14,Risk & Mitigation Board,13,Community method power wonder important admit six build.,0
MTG-12424,PRJ-1089,2026-04-16,Sprint Review & Demo,7,Provide their price through respond down.,1
MTG-12425,PRJ-1090,2026-03-13,Risk & Mitigation Board,11,Leader vote fine eye area.,3
MTG-12426,PRJ-1091,2026-05-09,Financial Burn Review,14,May grow present other leave back couple democratic who.,1
MTG-12427,PRJ-1092,2026-02-28,Architecture Review Board,6,Among she also analysis trouble she individual benefit anyone describe chance.,1
MTG-12428,PRJ-1093,2026-06-05,Security Audit Sync,5,May better order although son time prevent history during mission imagine.,0
MTG-12429,PRJ-1094,2026-04-27,Financial Burn Review,7,Safe become stage good inside other year physical produce high year.,2
MTG-12430,PRJ-1095,2026-05-28,Risk & Mitigation Board,7,Serve herself compare alone look choose major station right work both.,2
MTG-12431,PRJ-1096,2026-05-17,Sprint Review & Demo,10,Language place leader goal executive letter development right.,2
MTG-12432,PRJ-1097,2026-05-30,Financial Burn Review,12,Develop shoulder page weight minute out pick now billion effort with.,4
MTG-12433,PRJ-1098,2026-05-09,Security Audit Sync,7,In through employee lose nor want her.,2
MTG-12434,PRJ-1099,2026-04-28,Sprint Review & Demo,8,Last attention night several throw base fight issue go parent.,4
MTG-12435,PRJ-1100,2026-04-10,Risk & Mitigation Board,9,Debate field unit become any personal keep open chair.,1
MTG-12436,PRJ-1101,2026-05-23,Steering Committee Sync,9,Glass strong get former social drive.,1
MTG-12437,PRJ-1102,2026-04-23,Security Audit Sync,13,Lot drop quality between manager newspaper board situation style blue.,5
MTG-12438,PRJ-1103,2026-03-31,Risk & Mitigation Board,8,Pull actually billion enjoy arm west western face fly probably.,0
MTG-12439,PRJ-1104,2026-06-25,Security Audit Sync,12,Operation all year result program only nearly decade.,0
MTG-12440,PRJ-1105,2026-06-07,Risk & Mitigation Board,11,Piece down member career help hot actually sometimes sign.,2
MTG-12441,PRJ-1107,2026-03-27,Architecture Review Board,7,Significant arrive air bag development church film.,2
MTG-12442,PRJ-1108,2026-06-18,Architecture Review Board,11,Man wind everyone join nothing.,4
MTG-12443,PRJ-1109,2026-06-21,Financial Burn Review,5,Finish even senior check people really grow miss sometimes church.,5
MTG-12444,PRJ-1111,2026-04-07,Sprint Review & Demo,5,Sing place argue coach economic can to expert head sea.,4
MTG-12445,PRJ-1112,2026-04-21,Risk & Mitigation Board,4,Continue bad hard nor analysis energy.,0
MTG-12446,PRJ-1114,2026-06-16,Steering Committee Sync,5,Coach television think activity attorney I analysis my boy conference often maintain.,5
MTG-12447,PRJ-1115,2026-05-03,Steering Committee Sync,11,Magazine pass on high create bar cell hospital.,2
MTG-12448,PRJ-1116,2026-04-05,Sprint Review & Demo,10,Special talk example field address civil with really chance Mr student.,0
MTG-12449,PRJ-1117,2026-03-20,Risk & Mitigation Board,14,Each left left feel among wall.,0
MTG-12450,PRJ-1118,2026-06-06,Financial Burn Review,6,Tree all check quickly piece speech.,4
MTG-12451,PRJ-1119,2026-06-16,Security Audit Sync,10,Page eat off according be enough.,5
MTG-12452,PRJ-1120,2026-06-17,Risk & Mitigation Board,8,Them nothing season store sport sound.,0
MTG-12453,PRJ-1122,2026-05-10,Sprint Review & Demo,8,Suggest her price out thousand risk important need since.,1
MTG-12454,PRJ-1123,2026-04-01,Security Audit Sync,8,Determine bad behavior sense middle.,2
MTG-12455,PRJ-1124,2026-03-11,Financial Burn Review,13,Plant fine we game beat region church player knowledge onto able.,1
MTG-12456,PRJ-1125,2026-04-04,Architecture Review Board,14,Maybe increase occur ever answer.,2
MTG-12457,PRJ-1126,2026-06-25,Steering Committee Sync,8,Law fast stage learn defense against bit speak government.,0
MTG-12458,PRJ-1127,2026-06-15,Financial Burn Review,7,Fire by share leader product line environmental area.,2
MTG-12459,PRJ-1128,2026-05-24,Financial Burn Review,9,Development tax visit enter peace.,2
MTG-12460,PRJ-1129,2026-05-06,Financial Burn Review,8,Last page discover part remain hotel wide past become staff identify.,5
MTG-12461,PRJ-1130,2026-04-03,Risk & Mitigation Board,7,Street admit cold service late.,1
MTG-12462,PRJ-1131,2026-03-26,Architecture Review Board,6,Reflect news girl understand however because.,6
MTG-12463,PRJ-1132,2026-06-06,Steering Committee Sync,11,Ago move image forward imagine behind.,2
MTG-12464,PRJ-1133,2026-04-05,Sprint Review & Demo,10,Also use again exactly fact minute less feel no.,3
MTG-12465,PRJ-1134,2026-05-29,Steering Committee Sync,11,Staff opportunity meeting might level together east space agent approach throughout something.,0
MTG-12466,PRJ-1135,2026-02-26,Sprint Review & Demo,8,Know wear she develop lose off.,0
MTG-12467,PRJ-1136,2026-04-04,Security Audit Sync,7,Speak staff various know billion use available.,0
MTG-12468,PRJ-1138,2026-03-10,Security Audit Sync,12,Strategy yeah everyone age two environmental family war special free.,0
MTG-12469,PRJ-1139,2026-05-08,Risk & Mitigation Board,5,Evidence discussion program million professional room world understand hear class.,1
MTG-12470,PRJ-1140,2026-05-05,Sprint Review & Demo,11,Lose quickly stand risk growth trade.,2
MTG-12471,PRJ-1141,2026-06-11,Financial Burn Review,5,Find reason one conference phone woman.,2
MTG-12472,PRJ-1142,2026-03-23,Architecture Review Board,12,Response whatever party positive lead billion lawyer which than.,2
MTG-12473,PRJ-1143,2026-05-28,Steering Committee Sync,14,Event manager reveal upon cultural second nice.,1
MTG-12474,PRJ-1144,2026-04-08,Sprint Review & Demo,8,Heavy form product structure check look speech network professional end back.,2
MTG-12475,PRJ-1145,2026-06-17,Architecture Review Board,13,Event customer buy share true hospital visit involve.,1
MTG-12476,PRJ-1146,2026-04-10,Security Audit Sync,9,Political local director floor parent budget response home fund hotel specific.,3
MTG-12477,PRJ-1147,2026-05-03,Financial Burn Review,8,Various he enjoy few decade or really.,1
MTG-12478,PRJ-1148,2026-04-20,Financial Burn Review,14,Voice production pick foreign magazine suggest.,5
MTG-12479,PRJ-1149,2026-03-25,Security Audit Sync,5,Economy car receive word right world huge section.,0
MTG-12480,PRJ-1150,2026-06-21,Financial Burn Review,5,Focus page system area agency under hope approach answer.,0
MTG-12481,PRJ-1002,2026-03-07,Security Audit Sync,8,Project seek bar force available audience.,0
MTG-12482,PRJ-1004,2026-05-07,Steering Committee Sync,13,No skin whose section phone bank way.,3
MTG-12483,PRJ-1006,2026-06-08,Sprint Review & Demo,12,Another science mention pretty cover.,2
MTG-12484,PRJ-1007,2026-06-08,Financial Burn Review,10,Strategy person share rather threat remember night if campaign.,2
MTG-12485,PRJ-1008,2026-05-17,Architecture Review Board,13,Available enough energy by put want letter.,5
MTG-12486,PRJ-1009,2026-05-12,Financial Burn Review,13,Yeah task voice wide right audience catch write sign morning carry cause.,1
MTG-12487,PRJ-1010,2026-04-16,Security Audit Sync,7,Money worker state business his point.,1
MTG-12488,PRJ-1011,2026-05-12,Steering Committee Sync,7,Stock choose including share real job draw.,0
MTG-12489,PRJ-1012,2026-04-27,Steering Committee Sync,13,Tree participant at summer its address during different officer.,0
MTG-12490,PRJ-1013,2026-03-06,Steering Committee Sync,6,Safe probably within cause tonight chance thought source source treatment company.,0
MTG-12491,PRJ-1014,2026-06-12,Risk & Mitigation Board,9,Leave employee suffer nothing suffer close cost continue.,1
MTG-12492,PRJ-1015,2026-05-10,Sprint Review & Demo,6,Election raise everything which soon section investment region.,0
MTG-12493,PRJ-1016,2026-05-02,Financial Burn Review,10,Both will break finally wife determine international agency remain agency no.,1
MTG-12494,PRJ-1017,2026-04-24,Security Audit Sync,9,Fish girl push site argue policy home threat sister.,1
MTG-12495,PRJ-1019,2026-04-30,Architecture Review Board,5,Appear two officer read administration role west west life break condition right.,2
MTG-12496,PRJ-1020,2026-04-14,Steering Committee Sync,10,Describe couple meet authority someone.,2
MTG-12497,PRJ-1021,2026-03-19,Risk & Mitigation Board,11,General people nothing majority show return wife someone crime.,4
MTG-12498,PRJ-1024,2026-06-05,Architecture Review Board,12,System firm get nor poor certainly rest especially be ask.,1
MTG-12499,PRJ-1026,2026-05-18,Architecture Review Board,5,White lay despite month chance great when leg issue.,2
MTG-12500,PRJ-1027,2026-03-10,Financial Burn Review,6,Way factor sure day air add amount huge economic.,2
MTG-12501,PRJ-1029,2026-05-26,Security Audit Sync,6,Record official coach education point cause letter which stuff commercial book.,1
MTG-12502,PRJ-1030,2026-06-12,Risk & Mitigation Board,11,Modern bar PM director interview good try name change able card.,5
MTG-12503,PRJ-1031,2026-03-05,Risk & Mitigation Board,8,Suddenly nearly case like stop attorney radio civil party involve.,2
MTG-12504,PRJ-1032,2026-06-12,Security Audit Sync,12,How at person room government before remember adult guy ball message peace.,0
MTG-12505,PRJ-1033,2026-05-19,Risk & Mitigation Board,9,Report can theory debate answer decide action later.,6
MTG-12506,PRJ-1034,2026-03-13,Steering Committee Sync,9,Although second more able toward prove raise theory policy.,1
MTG-12507,PRJ-1035,2026-03-21,Risk & Mitigation Board,9,Former daughter boy itself of support night ten born indeed.,6
MTG-12508,PRJ-1036,2026-04-14,Security Audit Sync,7,Instead tonight international history newspaper risk.,1
MTG-12509,PRJ-1038,2026-04-03,Financial Burn Review,7,Deal ability health travel ask affect between hospital.,2
MTG-12510,PRJ-1039,2026-05-06,Risk & Mitigation Board,6,Air national face same need.,3
MTG-12511,PRJ-1040,2026-03-09,Security Audit Sync,7,Majority federal oil include really middle.,0
MTG-12512,PRJ-1041,2026-05-07,Risk & Mitigation Board,12,Benefit grow fish adult particular south past within.,1
MTG-12513,PRJ-1043,2026-04-16,Steering Committee Sync,13,Business student remain head recently recent card.,0
MTG-12514,PRJ-1044,2026-06-01,Architecture Review Board,5,Very food study cover lay knowledge fight glass even arm record.,3
MTG-12515,PRJ-1045,2026-05-22,Architecture Review Board,12,Yet company future that cup hair sign beautiful trip simply stage.,3
MTG-12516,PRJ-1047,2026-04-05,Sprint Review & Demo,8,Strong leg region need concern American bar knowledge mother affect.,2
MTG-12517,PRJ-1048,2026-03-26,Sprint Review & Demo,8,Training grow total through medical religious or brother.,2
MTG-12518,PRJ-1050,2026-05-02,Security Audit Sync,10,Son support finally too concern yard.,1
MTG-12519,PRJ-1051,2026-03-24,Sprint Review & Demo,8,Where should produce hair these and say good image.,2
MTG-12520,PRJ-1052,2026-04-05,Architecture Review Board,4,Outside work because quite size writer something difference remember serve life.,6
MTG-12521,PRJ-1053,2026-06-22,Financial Burn Review,11,Them foot test bit young a now throughout ground most.,0
MTG-12522,PRJ-1054,2026-04-22,Financial Burn Review,11,Something board give up collection.,6
MTG-12523,PRJ-1055,2026-03-11,Risk & Mitigation Board,11,Cut remember organization heavy account method evening.,0
MTG-12524,PRJ-1056,2026-04-18,Security Audit Sync,12,Candidate medical official might pay dinner.,2
MTG-12525,PRJ-1057,2026-05-19,Sprint Review & Demo,9,Exactly total science security room occur sense look this suffer call.,0
MTG-12526,PRJ-1059,2026-03-10,Sprint Review & Demo,6,Receive various treatment task detail minute magazine must million.,5
MTG-12527,PRJ-1060,2026-04-09,Security Audit Sync,6,Message safe white night pass however present.,2
MTG-12528,PRJ-1062,2026-05-02,Steering Committee Sync,10,Simply wide level recent anything training nothing population.,0
MTG-12529,PRJ-1063,2026-04-23,Sprint Review & Demo,11,Onto past woman sure wall president father everybody leg too process.,0
MTG-12530,PRJ-1064,2026-06-10,Security Audit Sync,4,Everyone sure amount idea town color international history.,2
MTG-12531,PRJ-1065,2026-05-29,Architecture Review Board,12,Expect discussion shoulder store year board hospital view safe.,0
MTG-12532,PRJ-1066,2026-03-27,Architecture Review Board,14,Present middle TV middle western PM television scientist left paper situation whom.,0
MTG-12533,PRJ-1067,2026-04-10,Financial Burn Review,4,Late series two market indicate worry need her moment.,6
MTG-12534,PRJ-1068,2026-06-25,Architecture Review Board,9,Yard quality major western decision you present.,2
MTG-12535,PRJ-1071,2026-03-09,Security Audit Sync,13,Letter hold they rather teacher first agent phone man movement.,2
MTG-12536,PRJ-1072,2026-04-13,Security Audit Sync,12,Chance culture represent focus add tough impact.,1
MTG-12537,PRJ-1073,2026-05-07,Sprint Review & Demo,10,Candidate never radio amount cost beautiful yourself catch start.,6
MTG-12538,PRJ-1074,2026-06-02,Risk & Mitigation Board,14,Crime learn finish provide former budget performance choose organization.,2
MTG-12539,PRJ-1076,2026-03-04,Sprint Review & Demo,7,Why early lot avoid interest partner.,0
MTG-12540,PRJ-1077,2026-06-12,Financial Burn Review,8,Drug ground happy reason would among word already in like available individual.,2
MTG-12541,PRJ-1079,2026-04-04,Sprint Review & Demo,11,Nor son son book civil necessary economic production behavior.,0
MTG-12542,PRJ-1080,2026-05-13,Sprint Review & Demo,13,Quality sense add industry ahead same billion child thank trade.,3
MTG-12543,PRJ-1081,2026-05-01,Steering Committee Sync,12,Prevent place half fast information reason eat above.,2
MTG-12544,PRJ-1083,2026-03-28,Risk & Mitigation Board,14,Food vote oil anything wide defense four according marriage.,2
MTG-12545,PRJ-1084,2026-05-29,Security Audit Sync,8,Soon find soldier discussion carry improve worry office over enjoy statement along.,1
MTG-12546,PRJ-1085,2026-04-29,Architecture Review Board,9,Hundred help produce standard center whether threat none.,2
MTG-12547,PRJ-1088,2026-03-20,Sprint Review & Demo,11,Change nor hear front age bit significant.,1
MTG-12548,PRJ-1089,2026-03-02,Financial Burn Review,5,Agency return what question common argue once decade finally almost.,2
MTG-12549,PRJ-1090,2026-04-19,Financial Burn Review,5,Thus treatment him rock necessary create down rather discuss same.,4
MTG-12550,PRJ-1091,2026-06-08,Sprint Review & Demo,6,Scientist church turn situation participant both.,1
MTG-12551,PRJ-1092,2026-06-08,Security Audit Sync,6,Agent be community individual tend today call.,0
MTG-12552,PRJ-1093,2026-03-15,Architecture Review Board,14,Present know evidence law approach experience nice make.,2
MTG-12553,PRJ-1094,2026-05-01,Sprint Review & Demo,4,Smile three value artist cover city produce store section ago.,2
MTG-12554,PRJ-1095,2026-03-07,Steering Committee Sync,9,Instead officer apply fact indeed industry me.,2
MTG-12555,PRJ-1096,2026-04-05,Risk & Mitigation Board,7,Make actually nothing stand state position though week.,1
MTG-12556,PRJ-1097,2026-04-19,Architecture Review Board,14,Either staff garden gun design nearly reason light natural movie add about.,6
MTG-12557,PRJ-1098,2026-05-20,Steering Committee Sync,6,Evening fish life simple apply its central pass matter law TV nation.,2
MTG-12558,PRJ-1099,2026-03-16,Architecture Review Board,10,Article out mention writer throw reach author popular help build agree.,1
MTG-12559,PRJ-1100,2026-04-07,Security Audit Sync,6,Avoid middle interest free rock huge middle some avoid stuff political.,1
MTG-12560,PRJ-1101,2026-04-12,Architecture Review Board,13,Wide officer happy ask letter model today they set you.,2
MTG-12561,PRJ-1102,2026-03-14,Architecture Review Board,7,Draw health rate bar human adult officer beat pattern.,4
MTG-12562,PRJ-1103,2026-05-18,Steering Committee Sync,7,After key us budget ability method rich hundred the bill color.,1
MTG-12563,PRJ-1104,2026-04-24,Steering Committee Sync,8,Right area still around difficult interesting.,1
MTG-12564,PRJ-1105,2026-05-02,Security Audit Sync,8,Rule others laugh charge treatment include prove foreign attack.,1
MTG-12565,PRJ-1107,2026-03-02,Sprint Review & Demo,9,Understand anything light spring many say agreement computer head chance professor.,1
MTG-12566,PRJ-1108,2026-05-04,Financial Burn Review,9,Rather us director radio compare bank wrong.,3
MTG-12567,PRJ-1109,2026-03-18,Security Audit Sync,11,Hair person owner especially leave realize professional view policy test.,5
MTG-12568,PRJ-1111,2026-04-17,Security Audit Sync,6,Term write security effort set get himself question past score protect close.,6
MTG-12569,PRJ-1112,2026-03-31,Sprint Review & Demo,10,Exist glass responsibility kid always soldier quite hand too.,2
MTG-12570,PRJ-1114,2026-06-25,Steering Committee Sync,13,Learn sit partner discover know interest seem score.,5
MTG-12571,PRJ-1115,2026-05-29,Steering Committee Sync,10,Language move sea too short above morning gas short space leader out.,6
MTG-12572,PRJ-1116,2026-03-03,Architecture Review Board,14,Minute past hospital meeting every open alone around what.,2
MTG-12573,PRJ-1117,2026-06-01,Architecture Review Board,9,Husband exist and green eight former north officer join consumer hear.,0
MTG-12574,PRJ-1118,2026-03-27,Security Audit Sync,12,Wind say body top bed while treat.,5
MTG-12575,PRJ-1119,2026-04-29,Security Audit Sync,5,While economy quality today particular property.,3
MTG-12576,PRJ-1120,2026-05-24,Financial Burn Review,8,Develop coach drug step include matter decide stand law reason practice really.,0
MTG-12577,PRJ-1122,2026-06-08,Steering Committee Sync,8,There always choose prevent industry.,1
MTG-12578,PRJ-1123,2026-03-16,Sprint Review & Demo,12,Whose manager usually across surface fast step state military this machine social.,0
MTG-12579,PRJ-1124,2026-06-09,Security Audit Sync,6,Cell ask serve example will effort rock evidence figure above company easy.,2
MTG-12580,PRJ-1125,2026-04-21,Risk & Mitigation Board,11,Loss natural edge listen some Congress.,0
MTG-12581,PRJ-1126,2026-03-29,Financial Burn Review,9,Leader material movement speak general century.,1
MTG-12582,PRJ-1127,2026-06-05,Financial Burn Review,14,Interest ten stuff people me power lawyer.,1
MTG-12583,PRJ-1128,2026-06-25,Financial Burn Review,9,Leave like fall forget election later far attorney everyone break particular.,0
MTG-12584,PRJ-1129,2026-06-25,Security Audit Sync,14,Yard worker indeed three about foreign own consider law professional ask recognize.,1
MTG-12585,PRJ-1130,2026-03-23,Architecture Review Board,6,Time middle agree check everything within expert far page.,0
MTG-12586,PRJ-1131,2026-04-17,Risk & Mitigation Board,9,Imagine TV attorney growth never I relate red drive.,4
MTG-12587,PRJ-1132,2026-06-13,Architecture Review Board,5,Agreement industry party million term whose bill along religious last.,2
MTG-12588,PRJ-1133,2026-06-16,Steering Committee Sync,8,Easy defense key push space trial resource training.,3
MTG-12589,PRJ-1134,2026-03-06,Steering Committee Sync,12,Player class fear the goal could artist southern candidate baby.,1
MTG-12590,PRJ-1135,2026-05-02,Steering Committee Sync,11,Man suggest newspaper major serve.,0
MTG-12591,PRJ-1136,2026-03-03,Financial Burn Review,13,Indicate five think get technology former husband discuss item.,1
MTG-12592,PRJ-1138,2026-05-22,Financial Burn Review,10,Bag us close take quite compare cause visit.,2
MTG-12593,PRJ-1139,2026-06-15,Security Audit Sync,11,Relate high once treat firm weight evening operation resource moment financial.,1
MTG-12594,PRJ-1140,2026-05-01,Steering Committee Sync,9,Year subject wrong large along child drug.,1
MTG-12595,PRJ-1141,2026-05-17,Financial Burn Review,11,Sport music term least society senior cold.,3
MTG-12596,PRJ-1142,2026-05-26,Security Audit Sync,8,Debate item high job fall.,1
MTG-12597,PRJ-1143,2026-05-31,Sprint Review & Demo,12,Nation carry war reflect sing control century leg her ahead.,0
MTG-12598,PRJ-1144,2026-03-27,Sprint Review & Demo,10,Media tree large difficult environmental.,4
MTG-12599,PRJ-1145,2026-06-22,Architecture Review Board,10,Image program dinner develop point.,2
MTG-12600,PRJ-1146,2026-04-08,Financial Burn Review,6,Lose garden interesting cover practice teach surface laugh popular.,1
MTG-12601,PRJ-1147,2026-05-29,Financial Burn Review,8,Effort defense most relationship like article.,0
MTG-12602,PRJ-1148,2026-03-13,Financial Burn Review,12,Determine player station color general under large treatment fine clear.,6
MTG-12603,PRJ-1149,2026-03-28,Steering Committee Sync,6,Former front traditional miss risk red development.,2
MTG-12604,PRJ-1150,2026-05-06,Steering Committee Sync,9,Throughout work power fall billion live newspaper take attorney small.,2
MTG-12605,PRJ-1002,2026-04-17,Sprint Review & Demo,8,Hundred population do hospital skill them herself act.,0
MTG-12606,PRJ-1004,2026-06-21,Steering Committee Sync,11,Method until enough provide material direction cost condition.,3
MTG-12607,PRJ-1006,2026-06-07,Risk & Mitigation Board,11,Exist own good let ready ahead process.,2
MTG-12608,PRJ-1007,2026-04-17,Sprint Review & Demo,6,Dream past vote old or success where.,2
MTG-12609,PRJ-1008,2026-04-17,Steering Committee Sync,8,Major agency new follow arrive.,2
MTG-12610,PRJ-1009,2026-03-13,Architecture Review Board,6,Different western office ahead bring.,0
MTG-12611,PRJ-1010,2026-05-23,Steering Committee Sync,10,Material term heavy name easy interest person fly thought simple away.,0
MTG-12612,PRJ-1011,2026-05-01,Sprint Review & Demo,7,Water hand despite lead study.,2
MTG-12613,PRJ-1012,2026-03-21,Steering Committee Sync,12,Learn can pretty make memory leave your unit hand.,2
MTG-12614,PRJ-1013,2026-04-18,Architecture Review Board,11,Happy recent ok today government manager nothing particularly he happy through food.,0
MTG-12615,PRJ-1014,2026-05-14,Steering Committee Sync,5,Hit none place kitchen feel hair three style today next person walk.,3
MTG-12616,PRJ-1015,2026-05-19,Risk & Mitigation Board,14,School production happen speak article laugh.,2
MTG-12617,PRJ-1016,2026-05-17,Risk & Mitigation Board,7,Population may simple avoid practice benefit attack pick continue federal traditional.,2
MTG-12618,PRJ-1017,2026-04-25,Risk & Mitigation Board,10,Floor art daughter smile professor list history performance.,2
MTG-12619,PRJ-1019,2026-03-29,Risk & Mitigation Board,7,Agent room natural feel arm state gun.,2
MTG-12620,PRJ-1020,2026-06-08,Sprint Review & Demo,6,Rich before collection yeah there experience say.,1
MTG-12621,PRJ-1021,2026-03-18,Architecture Review Board,10,Your job face structure skill office bed.,2
MTG-12622,PRJ-1024,2026-06-01,Architecture Review Board,14,State top gun store clearly long.,1
MTG-12623,PRJ-1026,2026-04-05,Security Audit Sync,13,Article agree understand long tree because song pretty toward foot image.,1
MTG-12624,PRJ-1027,2026-03-08,Risk & Mitigation Board,5,Beautiful whom box son scientist role do song report list dark over.,5
MTG-12625,PRJ-1029,2026-05-19,Architecture Review Board,14,Reality throughout into indeed control dream standard break bring ago.,1
MTG-12626,PRJ-1030,2026-03-17,Security Audit Sync,4,Third remain maybe yes always face.,5
MTG-12627,PRJ-1031,2026-06-09,Steering Committee Sync,6,Alone peace week anything nation month audience here include special citizen.,2
MTG-12628,PRJ-1032,2026-03-12,Steering Committee Sync,9,Blue office operation message audience describe fly who risk recent behind.,1
MTG-12629,PRJ-1033,2026-06-21,Architecture Review Board,4,Set thing personal major yard wind represent receive.,5
MTG-12630,PRJ-1034,2026-03-06,Financial Burn Review,10,Be teach design natural none peace thousand soldier look along.,5
MTG-12631,PRJ-1035,2026-06-03,Sprint Review & Demo,7,Born reveal site age thought.,6
MTG-12632,PRJ-1036,2026-03-27,Steering Committee Sync,7,Or involve when baby thus listen hospital around.,1
MTG-12633,PRJ-1038,2026-05-22,Sprint Review & Demo,8,Get reflect group teacher learn difficult stay sense decade hour.,0
MTG-12634,PRJ-1039,2026-06-06,Risk & Mitigation Board,9,Where mean baby present table season shoulder firm threat sense with.,1
MTG-12635,PRJ-1040,2026-06-22,Risk & Mitigation Board,6,Service of here sign art human left.,2
MTG-12636,PRJ-1041,2026-02-27,Risk & Mitigation Board,8,Parent I others study however rather early resource would easy real arrive.,0
MTG-12637,PRJ-1043,2026-04-26,Architecture Review Board,14,Mission across ago many tree ever any inside economic.,1
MTG-12638,PRJ-1044,2026-03-23,Risk & Mitigation Board,8,Such sometimes image threat sing fall think.,1
MTG-12639,PRJ-1045,2026-05-02,Risk & Mitigation Board,6,Need performance prepare during friend rule subject manage central surface foot.,2
MTG-12640,PRJ-1047,2026-05-02,Risk & Mitigation Board,12,Rather nearly front ever first that deep.,2
MTG-12641,PRJ-1048,2026-05-29,Sprint Review & Demo,5,Western site white try mind close seem into my training natural.,1
MTG-12642,PRJ-1050,2026-04-25,Architecture Review Board,5,There subject court well mother allow reason in keep.,2
MTG-12643,PRJ-1051,2026-04-29,Security Audit Sync,4,Inside son military scene want entire hotel make because although.,1
MTG-12644,PRJ-1052,2026-03-25,Steering Committee Sync,6,Four three offer lose also employee message above billion see.,3
MTG-12645,PRJ-1053,2026-03-30,Financial Burn Review,10,Have condition both find degree here.,2
MTG-12646,PRJ-1054,2026-03-06,Security Audit Sync,4,Much brother film true teacher there away might coach security.,4
MTG-12647,PRJ-1055,2026-02-28,Risk & Mitigation Board,14,Game remember especially will travel compare huge wide here.,2
MTG-12648,PRJ-1056,2026-05-27,Risk & Mitigation Board,4,Matter become environment agree face son evening rather.,1
MTG-12649,PRJ-1057,2026-03-31,Architecture Review Board,8,Summer government improve interest across yeah surface behavior western.,1
MTG-12650,PRJ-1059,2026-05-14,Security Audit Sync,5,Charge simple what why heavy onto.,6
MTG-12651,PRJ-1060,2026-06-14,Financial Burn Review,12,Real prepare risk she season sort.,1
MTG-12652,PRJ-1062,2026-04-13,Architecture Review Board,9,Discussion happen skill area ok study piece again so create ahead.,1
MTG-12653,PRJ-1063,2026-05-22,Financial Burn Review,5,Be raise trade almost box country sound so task send water.,1
MTG-12654,PRJ-1064,2026-03-26,Steering Committee Sync,12,Pick no country seat listen leg administration information special up former.,1
MTG-12655,PRJ-1065,2026-05-16,Risk & Mitigation Board,5,Then buy specific order green expect see into forget.,2
MTG-12656,PRJ-1066,2026-03-14,Steering Committee Sync,9,Wonder seem live receive wide suddenly.,0
MTG-12657,PRJ-1067,2026-03-13,Security Audit Sync,8,Collection account activity increase us threat thousand responsibility at.,5
MTG-12658,PRJ-1068,2026-06-25,Steering Committee Sync,13,Even leave production expect seem one doctor.,2
MTG-12659,PRJ-1071,2026-05-17,Security Audit Sync,10,Represent nearly statement institution travel method main before western system.,4
MTG-12660,PRJ-1072,2026-03-04,Sprint Review & Demo,8,Actually news watch by Republican exist prevent large weight scene.,1
MTG-12661,PRJ-1073,2026-03-26,Sprint Review & Demo,11,Them sing vote feeling example recognize table community.,1
MTG-12662,PRJ-1074,2026-05-21,Risk & Mitigation Board,4,Finish go change you spend my policy low.,1
MTG-12663,PRJ-1076,2026-05-17,Financial Burn Review,9,Require teacher probably off never process answer catch those her.,2
MTG-12664,PRJ-1077,2026-05-13,Architecture Review Board,9,Benefit bar military candidate rock world structure tend whether where.,4
MTG-12665,PRJ-1079,2026-05-18,Security Audit Sync,4,So everyone usually very maintain officer break indicate away usually election.,1
MTG-12666,PRJ-1080,2026-04-12,Financial Burn Review,6,Whose yourself task drop serve leader.,3
MTG-12667,PRJ-1081,2026-06-02,Architecture Review Board,10,Rule few truth defense rule show might.,1
MTG-12668,PRJ-1083,2026-05-02,Sprint Review & Demo,9,Wide continue market return lot factor push will many.,4
MTG-12669,PRJ-1084,2026-02-26,Architecture Review Board,4,Night thought plan future common use church seem risk never.,6
MTG-12670,PRJ-1085,2026-03-01,Financial Burn Review,9,Sense image occur one pass program in.,0
MTG-12671,PRJ-1088,2026-02-28,Security Audit Sync,12,Involve treat such near Democrat number young least important I stay.,0
MTG-12672,PRJ-1089,2026-04-30,Security Audit Sync,7,Shoulder ability add raise seat act.,1
MTG-12673,PRJ-1090,2026-05-27,Steering Committee Sync,12,Successful again another early minute article place sell indicate require shake seem.,1
MTG-12674,PRJ-1091,2026-06-18,Sprint Review & Demo,6,Clearly material subject sell along white three.,2
MTG-12675,PRJ-1092,2026-03-26,Security Audit Sync,10,Even choice receive itself reveal must tend value compare important arrive.,1
MTG-12676,PRJ-1093,2026-04-23,Architecture Review Board,11,Pull especially future first card likely growth everybody.,1
MTG-12677,PRJ-1094,2026-05-29,Security Audit Sync,7,Civil bill young even live glass teacher southern create free car.,5
MTG-12678,PRJ-1095,2026-03-15,Security Audit Sync,13,Join conference particularly with around by sea.,2
MTG-12679,PRJ-1096,2026-05-16,Risk & Mitigation Board,5,Generation well he kitchen drop partner resource almost.,1
MTG-12680,PRJ-1097,2026-06-25,Architecture Review Board,4,Simply always high friend item garden positive even.,3
MTG-12681,PRJ-1098,2026-04-14,Steering Committee Sync,14,Happy by remain customer set offer work artist sometimes subject.,2
MTG-12682,PRJ-1099,2026-06-11,Sprint Review & Demo,12,Rich short over decade carry its describe election change.,4
MTG-12683,PRJ-1100,2026-06-19,Security Audit Sync,9,City water mind let time strategy sport market computer.,0
MTG-12684,PRJ-1101,2026-04-07,Security Audit Sync,8,Debate along special response station safe research apply myself once central debate.,6
MTG-12685,PRJ-1102,2026-06-18,Risk & Mitigation Board,4,Daughter knowledge environment course thought.,4
MTG-12686,PRJ-1103,2026-03-21,Steering Committee Sync,8,Place Mr specific decision exactly human.,2
MTG-12687,PRJ-1104,2026-05-28,Security Audit Sync,5,Campaign population through personal actually let.,2
MTG-12688,PRJ-1105,2026-04-19,Risk & Mitigation Board,7,Model represent phone sell reach box we number history admit with physical.,0
MTG-12689,PRJ-1107,2026-04-02,Financial Burn Review,8,Film road reality benefit majority recent social less protect.,1
MTG-12690,PRJ-1108,2026-04-19,Financial Burn Review,12,Follow require pick late positive.,5
MTG-12691,PRJ-1109,2026-06-24,Steering Committee Sync,4,Investment more pattern enjoy which moment new player occur determine lead travel.,6
MTG-12692,PRJ-1111,2026-04-23,Architecture Review Board,11,Television question bag head draw behind member serious station inside generation.,5
MTG-12693,PRJ-1112,2026-04-10,Steering Committee Sync,8,Race road campaign activity job theory.,1
MTG-12694,PRJ-1114,2026-05-25,Security Audit Sync,6,If provide already position development fear individual behavior fear nothing question.,6
MTG-12695,PRJ-1115,2026-04-18,Architecture Review Board,14,Nice group past three a month continue.,5
MTG-12696,PRJ-1116,2026-03-15,Sprint Review & Demo,10,High check foot not hundred traditional kid day quality increase.,2
MTG-12697,PRJ-1117,2026-05-08,Steering Committee Sync,8,Past true eye cut none fly season increase.,2
MTG-12698,PRJ-1118,2026-04-19,Architecture Review Board,10,Cup like message describe approach scene before product save.,1
MTG-12699,PRJ-1119,2026-06-19,Steering Committee Sync,10,Herself heavy raise win go hospital some.,1
MTG-12700,PRJ-1120,2026-03-22,Security Audit Sync,8,Color role expect measure environmental degree woman.,0
MTG-12701,PRJ-1122,2026-04-18,Architecture Review Board,13,Above benefit buy owner few mind how wife age.,1
MTG-12702,PRJ-1123,2026-04-20,Security Audit Sync,5,Including fight sense similar newspaper number real.,1
MTG-12703,PRJ-1124,2026-05-16,Steering Committee Sync,4,Group guy vote before yard some skin pattern age cup benefit.,0
MTG-12704,PRJ-1125,2026-04-16,Security Audit Sync,7,Point nice address glass make east evening itself off.,1
MTG-12705,PRJ-1126,2026-04-03,Sprint Review & Demo,8,Society read why much should think season skill war for may.,2
MTG-12706,PRJ-1127,2026-05-05,Security Audit Sync,13,Home general would network kind sometimes field last bed.,2
MTG-12707,PRJ-1128,2026-04-30,Risk & Mitigation Board,10,Maybe with event spring great paper idea five Democrat American citizen.,2
MTG-12708,PRJ-1129,2026-04-05,Security Audit Sync,9,Dream memory number option pull exactly soon.,5
MTG-12709,PRJ-1130,2026-06-20,Financial Burn Review,11,Enter develop simple discussion economy if form.,1
MTG-12710,PRJ-1131,2026-06-25,Financial Burn Review,9,Star rather home state mean as miss.,1
MTG-12711,PRJ-1132,2026-03-03,Architecture Review Board,9,Test information fact interview toward onto around local employee.,1
MTG-12712,PRJ-1133,2026-03-31,Risk & Mitigation Board,11,Same old price thing international control break full world down.,2
MTG-12713,PRJ-1134,2026-05-05,Security Audit Sync,7,Recognize without necessary impact me unit audience none police.,1
MTG-12714,PRJ-1135,2026-03-03,Financial Burn Review,6,But miss develop describe capital name research product.,2
MTG-12715,PRJ-1136,2026-02-26,Security Audit Sync,8,Middle firm a television cold full take.,1
MTG-12716,PRJ-1138,2026-03-21,Risk & Mitigation Board,14,Activity yard this attention talk specific task behind my treat next.,0
MTG-12717,PRJ-1139,2026-04-13,Financial Burn Review,14,Our parent side break tree personal.,0
MTG-12718,PRJ-1140,2026-05-23,Risk & Mitigation Board,9,Theory from offer public science.,2
MTG-12719,PRJ-1141,2026-05-08,Sprint Review & Demo,12,In just maybe some manage low movie politics particular challenge surface.,2
MTG-12720,PRJ-1142,2026-05-21,Architecture Review Board,8,Trade west suggest writer admit truth reduce outside base while detail.,1
MTG-12721,PRJ-1143,2026-06-03,Architecture Review Board,14,Several evidence good which among the.,1
MTG-12722,PRJ-1144,2026-06-09,Risk & Mitigation Board,6,Among appear yeah degree their authority up many.,1
MTG-12723,PRJ-1145,2026-04-29,Financial Burn Review,6,History respond effort according human attention truth water consider.,2
MTG-12724,PRJ-1146,2026-04-16,Financial Burn Review,13,Result power true yes option store.,3
MTG-12725,PRJ-1147,2026-06-19,Risk & Mitigation Board,4,Fish purpose collection brother it story as bank building role.,1
MTG-12726,PRJ-1148,2026-06-09,Architecture Review Board,11,Themselves pass participant develop arrive foot on seat.,5
MTG-12727,PRJ-1149,2026-05-29,Steering Committee Sync,12,Result career investment character boy expect production outside never reach red you.,1
MTG-12728,PRJ-1150,2026-06-03,Steering Committee Sync,13,Thing region plan number identify.,1
MTG-12729,PRJ-1002,2026-05-02,Sprint Review & Demo,10,Grow gas become cell any describe instead million.,0
MTG-12730,PRJ-1004,2026-04-15,Steering Committee Sync,5,Simply walk three shoulder education section southern style.,2
MTG-12731,PRJ-1006,2026-06-11,Financial Burn Review,6,Reality matter bill although similar subject.,3
MTG-12732,PRJ-1007,2026-03-30,Steering Committee Sync,10,For exactly themselves ahead identify opportunity speech science stock treatment alone.,2
MTG-12733,PRJ-1008,2026-06-05,Financial Burn Review,9,Energy huge order determine peace national strategy number American election.,4
MTG-12734,PRJ-1009,2026-05-10,Steering Committee Sync,13,Back central peace administration per lawyer teacher practice.,1
MTG-12735,PRJ-1010,2026-06-14,Architecture Review Board,9,First course seven move law sell painting.,1
MTG-12736,PRJ-1011,2026-06-11,Security Audit Sync,14,Crime believe visit whose many modern picture but writer.,0
MTG-12737,PRJ-1012,2026-05-17,Security Audit Sync,14,Three floor trade care site rather can southern whatever.,2
MTG-12738,PRJ-1013,2026-03-08,Architecture Review Board,12,Hit shoulder music itself should final miss establish wait.,2
MTG-12739,PRJ-1014,2026-06-11,Financial Burn Review,7,True young push low animal how her stuff second start far citizen.,4
MTG-12740,PRJ-1015,2026-06-13,Risk & Mitigation Board,11,Weight deal response challenge challenge conference data character still hope almost.,1
MTG-12741,PRJ-1016,2026-04-29,Architecture Review Board,6,Study final hospital artist conference gun support fund change personal traditional.,1
MTG-12742,PRJ-1017,2026-06-13,Steering Committee Sync,8,Current because rest middle he including forget whether perhaps.,1
MTG-12743,PRJ-1019,2026-04-01,Sprint Review & Demo,9,Drug camera responsibility but painting third TV.,2
MTG-12744,PRJ-1020,2026-05-06,Risk & Mitigation Board,6,Threat difficult board sport training political avoid television.,2
MTG-12745,PRJ-1021,2026-06-02,Security Audit Sync,10,Unit magazine develop reason song culture successful letter strong option name.,1
MTG-12746,PRJ-1024,2026-05-19,Financial Burn Review,10,And chance up interview most direction describe performance.,2
MTG-12747,PRJ-1026,2026-05-04,Risk & Mitigation Board,7,Ball board administration amount race him technology class impact year mind.,1
MTG-12748,PRJ-1027,2026-05-10,Security Audit Sync,13,Specific quickly gun list win simply that term indicate short.,1
MTG-12749,PRJ-1029,2026-04-03,Steering Committee Sync,13,Wear century see yeah station chance financial security campaign focus force.,0
MTG-12750,PRJ-1030,2026-03-06,Financial Burn Review,5,Wide quickly serious network former world edge half network money.,5
MTG-12751,PRJ-1031,2026-04-28,Financial Burn Review,10,City would kid list here her analysis campaign national manager.,2
MTG-12752,PRJ-1032,2026-04-05,Sprint Review & Demo,13,Land reveal can personal finish authority success Democrat treat new page.,1
MTG-12753,PRJ-1033,2026-03-10,Steering Committee Sync,13,How believe pressure lose far together.,2
MTG-12754,PRJ-1034,2026-03-07,Security Audit Sync,14,Detail player business source bank two green opportunity.,4
MTG-12755,PRJ-1035,2026-06-10,Sprint Review & Demo,4,Use good leave even daughter attorney somebody sure benefit.,3
MTG-12756,PRJ-1036,2026-03-12,Security Audit Sync,14,Dinner stand thought size usually clearly it past agreement.,2
MTG-12757,PRJ-1038,2026-03-01,Risk & Mitigation Board,12,Second social few family outside.,2
MTG-12758,PRJ-1039,2026-04-26,Steering Committee Sync,11,Red sport response phone safe model begin usually memory approach report.,2
MTG-12759,PRJ-1040,2026-06-17,Architecture Review Board,7,Break of check parent design join.,2
MTG-12760,PRJ-1041,2026-06-16,Steering Committee Sync,7,Camera total on and turn Democrat civil control that focus news.,1
MTG-12761,PRJ-1043,2026-06-17,Architecture Review Board,8,Add late rate wonder rule there there moment something new.,0
MTG-12762,PRJ-1044,2026-04-04,Sprint Review & Demo,7,Rich many according adult idea in your several I about.,1
MTG-12763,PRJ-1045,2026-06-22,Financial Burn Review,11,While cause talk near choice tend Congress reach much.,4
MTG-12764,PRJ-1047,2026-03-12,Steering Committee Sync,13,Teach me tend Mr lose so several.,2
MTG-12765,PRJ-1048,2026-03-14,Risk & Mitigation Board,6,Remain democratic deal sure trade return growth only.,0
MTG-12766,PRJ-1050,2026-06-06,Risk & Mitigation Board,14,Coach set too husband whom allow event good discuss consider education.,2
MTG-12767,PRJ-1051,2026-06-15,Sprint Review & Demo,9,Your minute risk official yourself before whom.,2
MTG-12768,PRJ-1052,2026-05-15,Steering Committee Sync,11,Goal child end brother their see life radio listen remain.,2
MTG-12769,PRJ-1053,2026-04-03,Security Audit Sync,4,Smile education wear believe ready risk often.,0
MTG-12770,PRJ-1054,2026-06-17,Security Audit Sync,14,Southern report of election available east off culture bit several improve.,1
MTG-12771,PRJ-1055,2026-06-15,Security Audit Sync,12,From market major leave mind live hand decide small.,1
MTG-12772,PRJ-1056,2026-04-18,Risk & Mitigation Board,5,Street final magazine your authority get similar.,1
MTG-12773,PRJ-1057,2026-06-25,Risk & Mitigation Board,12,Whether present son condition skill.,1
MTG-12774,PRJ-1059,2026-06-08,Sprint Review & Demo,13,Customer parent quickly majority image guy agree.,6
MTG-12775,PRJ-1060,2026-03-09,Security Audit Sync,4,Difference blood final whom film contain.,2
MTG-12776,PRJ-1062,2026-03-21,Risk & Mitigation Board,4,Material choose avoid year page beautiful tell modern.,1
MTG-12777,PRJ-1063,2026-04-14,Architecture Review Board,4,Since traditional economic least paper find pick song owner.,1
MTG-12778,PRJ-1064,2026-06-20,Architecture Review Board,12,Wonder loss morning two high party occur left discuss.,1
MTG-12779,PRJ-1065,2026-04-21,Security Audit Sync,11,Once hour and Congress create.,2
MTG-12780,PRJ-1066,2026-03-19,Risk & Mitigation Board,5,Difference community hair sometimes nothing keep citizen environment.,0
MTG-12781,PRJ-1067,2026-04-10,Steering Committee Sync,13,Billion such population gun radio peace church theory level budget.,3
MTG-12782,PRJ-1068,2026-05-18,Sprint Review & Demo,6,Question benefit whole put day space role sure.,2
MTG-12783,PRJ-1071,2026-02-26,Architecture Review Board,14,Interest future meet reach test rather information as until model purpose listen.,4
MTG-12784,PRJ-1072,2026-06-19,Architecture Review Board,7,Her why technology stand store fall defense recent create talk event.,0
MTG-12785,PRJ-1073,2026-06-12,Risk & Mitigation Board,8,Collection customer majority style price.,2
MTG-12786,PRJ-1074,2026-06-12,Sprint Review & Demo,14,Organization speak sometimes save million pretty hold people standard.,1
MTG-12787,PRJ-1076,2026-05-12,Security Audit Sync,11,Season give success speak draw table trade tell positive response.,0
MTG-12788,PRJ-1077,2026-03-13,Security Audit Sync,7,Simple drop manager over accept.,4
MTG-12789,PRJ-1079,2026-05-23,Architecture Review Board,8,Particularly fire dinner perhaps four agree kid spring evidence term allow.,1
MTG-12790,PRJ-1080,2026-06-22,Security Audit Sync,9,Account director democratic role head idea country return building imagine here.,4
MTG-12791,PRJ-1081,2026-06-23,Risk & Mitigation Board,8,Amount try specific ahead determine decade whose then beautiful ability they.,2
MTG-12792,PRJ-1083,2026-03-24,Financial Burn Review,13,Stuff fire animal scene center guess discover mouth.,3
MTG-12793,PRJ-1084,2026-05-12,Sprint Review & Demo,6,Deal through under level positive entire work small too tell.,2
MTG-12794,PRJ-1085,2026-05-26,Financial Burn Review,4,Despite tax carry magazine state now listen born.,1
MTG-12795,PRJ-1088,2026-05-08,Steering Committee Sync,13,Remember serious exist staff apply.,1
MTG-12796,PRJ-1089,2026-03-08,Architecture Review Board,8,Pick job lot mouth radio others boy.,2
MTG-12797,PRJ-1090,2026-04-02,Architecture Review Board,6,Energy thing little plant dark cultural door strong interview enjoy Democrat.,6
MTG-12798,PRJ-1091,2026-04-05,Financial Burn Review,8,Especially water month decision game watch treat protect shoulder.,6
MTG-12799,PRJ-1092,2026-05-19,Risk & Mitigation Board,11,All set ahead idea month free series art be suffer.,2
MTG-12800,PRJ-1093,2026-05-20,Security Audit Sync,6,Walk outside dream responsibility two television.,1
MTG-12801,PRJ-1094,2026-05-05,Security Audit Sync,6,Could left hair popular minute father.,6
MTG-12802,PRJ-1095,2026-05-17,Steering Committee Sync,8,Training eat in may across true measure.,2
MTG-12803,PRJ-1096,2026-06-23,Risk & Mitigation Board,14,Official serve physical send suddenly guy though stand environment many.,3
MTG-12804,PRJ-1097,2026-06-21,Steering Committee Sync,7,Day Mrs population kid room mention cultural action effect success goal.,1
MTG-12805,PRJ-1098,2026-03-23,Financial Burn Review,6,Process real account fact energy can continue around act.,1
MTG-12806,PRJ-1099,2026-03-12,Financial Burn Review,8,Never standard each production hope worry early way into season.,1
MTG-12807,PRJ-1100,2026-04-06,Architecture Review Board,12,Me environment end environment among no occur firm score democratic customer control.,2
MTG-12808,PRJ-1101,2026-05-12,Security Audit Sync,10,Phone he above require garden interest person approach sea city.,5
MTG-12809,PRJ-1102,2026-06-06,Risk & Mitigation Board,6,Together parent our performance high.,5
MTG-12810,PRJ-1103,2026-03-24,Architecture Review Board,6,State close early sure human enter about each key poor bring good.,2
MTG-12811,PRJ-1104,2026-06-02,Financial Burn Review,9,Sound radio decade clear brother term.,2
MTG-12812,PRJ-1105,2026-05-12,Financial Burn Review,10,Democrat next TV above factor customer professor mother record.,1
MTG-12813,PRJ-1107,2026-05-27,Risk & Mitigation Board,6,Value call training feeling themselves site allow down whose.,2
MTG-12814,PRJ-1108,2026-06-15,Financial Burn Review,6,Father explain large trip grow series magazine language daughter.,4
MTG-12815,PRJ-1109,2026-06-03,Risk & Mitigation Board,4,Even respond point force money bit teach.,4
MTG-12816,PRJ-1111,2026-05-01,Security Audit Sync,9,Certainly question share that job ever capital great what mean.,1
MTG-12817,PRJ-1112,2026-03-20,Steering Committee Sync,7,Half level industry month moment rich from full American.,1
MTG-12818,PRJ-1114,2026-03-04,Steering Committee Sync,8,Buy institution risk store foreign field score law billion son address.,2
MTG-12819,PRJ-1115,2026-05-22,Financial Burn Review,5,Mention example science those suddenly say member carry.,6
MTG-12820,PRJ-1116,2026-03-28,Security Audit Sync,9,Republican American true ago usually include us get good recently.,0
MTG-12821,PRJ-1117,2026-05-29,Risk & Mitigation Board,13,Happy forward member teach meet Republican professional.,1
MTG-12822,PRJ-1118,2026-04-20,Security Audit Sync,12,Feel should later market manage head them have these.,1
MTG-12823,PRJ-1119,2026-03-12,Steering Committee Sync,7,Method chance eye only specific lot like.,6
MTG-12824,PRJ-1120,2026-03-02,Architecture Review Board,4,Artist expect former hair work natural financial read indeed to two.,2
MTG-12825,PRJ-1122,2026-06-07,Risk & Mitigation Board,5,Job car question game instead suddenly.,2
MTG-12826,PRJ-1123,2026-03-12,Architecture Review Board,5,Hair determine top us since issue enjoy safe again.,2
MTG-12827,PRJ-1124,2026-04-03,Architecture Review Board,12,Treat worry make quickly however culture artist.,2
MTG-12828,PRJ-1125,2026-03-31,Security Audit Sync,5,Way really dark billion trade PM any fund whether.,2
MTG-12829,PRJ-1126,2026-04-07,Sprint Review & Demo,13,So good performance from store type soon when.,1
MTG-12830,PRJ-1127,2026-04-17,Financial Burn Review,7,What professional data some until low wife share increase approach star.,0
MTG-12831,PRJ-1128,2026-05-10,Architecture Review Board,6,Feeling sound oil air individual.,2
MTG-12832,PRJ-1129,2026-05-23,Security Audit Sync,7,Cut list have form likely fly city personal.,6
MTG-12833,PRJ-1130,2026-05-06,Steering Committee Sync,11,Discuss hospital himself animal visit race drug attention quite already office white.,2
MTG-12834,PRJ-1131,2026-04-29,Steering Committee Sync,13,National position agency because happy so necessary others behavior hard daughter.,1
MTG-12835,PRJ-1132,2026-03-03,Architecture Review Board,8,Expect almost remain rather safe remain wait item matter.,2
MTG-12836,PRJ-1133,2026-03-03,Sprint Review & Demo,7,Program threat myself player million.,6
MTG-12837,PRJ-1134,2026-06-19,Security Audit Sync,6,Nice past month exist voice mind.,0
MTG-12838,PRJ-1135,2026-05-27,Financial Burn Review,4,Significant it eat think thing source school myself federal record.,1
MTG-12839,PRJ-1136,2026-03-20,Steering Committee Sync,7,Sea if factor everything road including ever.,0
MTG-12840,PRJ-1138,2026-03-01,Financial Burn Review,11,Possible create range coach manager star image kind size force.,2
MTG-12841,PRJ-1139,2026-03-09,Risk & Mitigation Board,12,Listen station few participant collection hold knowledge because usually either spring.,0
MTG-12842,PRJ-1140,2026-03-24,Sprint Review & Demo,14,Pattern friend begin force space idea president cultural evidence walk phone.,1
MTG-12843,PRJ-1141,2026-06-01,Sprint Review & Demo,11,Serve suggest voice source environmental western home industry you mind when business.,2
MTG-12844,PRJ-1142,2026-06-24,Sprint Review & Demo,5,Style office so drug sign picture thing.,1
MTG-12845,PRJ-1143,2026-03-14,Risk & Mitigation Board,5,Nice case tough difficult debate magazine newspaper establish wonder.,0
MTG-12846,PRJ-1144,2026-05-18,Financial Burn Review,7,Data including turn religious writer white.,5
MTG-12847,PRJ-1145,2026-04-26,Financial Burn Review,8,Anything enter form once rather tree for simply.,1
MTG-12848,PRJ-1146,2026-05-16,Financial Burn Review,13,Stay leave history quality approach good attack same trouble.,1
MTG-12849,PRJ-1147,2026-05-13,Risk & Mitigation Board,11,Prepare end eight own Democrat increase difference level happen blue.,0
MTG-12850,PRJ-1148,2026-06-21,Security Audit Sync,13,Cover edge education amount factor because rate issue economic.,2
MTG-12851,PRJ-1149,2026-05-22,Security Audit Sync,11,Case economic bar off occur month provide price source.,2
MTG-12852,PRJ-1150,2026-04-16,Sprint Review & Demo,10,Big difference these natural anyone because enjoy could control control none test.,1
MTG-12853,PRJ-1002,2026-04-24,Financial Burn Review,11,Improve yet control majority opportunity respond single can daughter benefit.,1
MTG-12854,PRJ-1004,2026-04-15,Security Audit Sync,9,Past back statement amount hair camera bank environment learn stuff sing.,2
MTG-12855,PRJ-1006,2026-06-16,Financial Burn Review,12,Story image peace again suggest list reflect goal per believe both face.,4
MTG-12856,PRJ-1007,2026-04-04,Architecture Review Board,8,Start and walk according low rule score hand determine into action.,2
MTG-12857,PRJ-1008,2026-05-27,Architecture Review Board,7,Board near lay fund very statement.,5
MTG-12858,PRJ-1009,2026-03-11,Architecture Review Board,14,Dream strong analysis early participant kitchen eat beautiful including in.,1
MTG-12859,PRJ-1010,2026-04-14,Financial Burn Review,8,Compare cut beat including green.,2
MTG-12860,PRJ-1011,2026-04-28,Security Audit Sync,5,Several economy for full inside vote thus purpose if through.,1
MTG-12861,PRJ-1012,2026-05-26,Steering Committee Sync,4,Lawyer finish account threat green security success.,1
MTG-12862,PRJ-1013,2026-05-19,Architecture Review Board,11,Near among often five whatever significant will bar mission support.,2
MTG-12863,PRJ-1014,2026-04-21,Risk & Mitigation Board,6,Dark Congress drive son could sound set try admit ten evening example.,2
MTG-12864,PRJ-1015,2026-05-06,Sprint Review & Demo,14,Why that industry list argue kind father certainly board.,1
MTG-12865,PRJ-1016,2026-04-30,Architecture Review Board,11,Challenge computer raise include month.,0
MTG-12866,PRJ-1017,2026-04-07,Architecture Review Board,14,School of central alone attention simple town follow fight.,2
MTG-12867,PRJ-1019,2026-04-27,Financial Burn Review,7,Better parent couple hot half easy wonder data draw.,0
MTG-12868,PRJ-1020,2026-04-04,Sprint Review & Demo,7,Record cover red apply officer music example if yard.,0
MTG-12869,PRJ-1021,2026-03-25,Architecture Review Board,8,Almost positive benefit leg stock section kid born contain region.,5
MTG-12870,PRJ-1024,2026-06-10,Architecture Review Board,11,Necessary quite source television turn physical not.,2
MTG-12871,PRJ-1026,2026-04-23,Sprint Review & Demo,8,Politics suggest hear more law painting heart great behind weight.,2
MTG-12872,PRJ-1027,2026-03-26,Financial Burn Review,13,Dream shake attorney arm girl guy stay base her shoulder country.,2
MTG-12873,PRJ-1029,2026-05-23,Security Audit Sync,9,Maintain deep threat explain matter mind.,0
MTG-12874,PRJ-1030,2026-05-22,Steering Committee Sync,10,Reveal amount go response picture up thank stock.,2
MTG-12875,PRJ-1031,2026-06-23,Steering Committee Sync,13,Number use happy again marriage wait him happy office.,0
MTG-12876,PRJ-1032,2026-04-14,Security Audit Sync,9,Light thing fly chair walk.,0
MTG-12877,PRJ-1033,2026-03-19,Financial Burn Review,14,Ok standard improve set within store.,4
MTG-12878,PRJ-1034,2026-05-15,Financial Burn Review,8,Building job team after brother wrong.,4
MTG-12879,PRJ-1035,2026-06-12,Steering Committee Sync,11,Job about power operation such about new.,3
MTG-12880,PRJ-1036,2026-05-15,Architecture Review Board,6,Any cultural career real project.,1
MTG-12881,PRJ-1038,2026-04-30,Architecture Review Board,9,Upon sort project model let make many anyone everyone.,1
MTG-12882,PRJ-1039,2026-05-07,Security Audit Sync,11,Recently media thing beyond none interview.,3
MTG-12883,PRJ-1040,2026-05-15,Architecture Review Board,13,Training fill agreement make dark fish organization hospital sometimes rate wrong stage.,1
MTG-12884,PRJ-1041,2026-03-15,Risk & Mitigation Board,4,Tend top build daughter husband talk role notice school.,1
MTG-12885,PRJ-1043,2026-04-22,Risk & Mitigation Board,10,Room site particular goal any ground interesting section.,0
MTG-12886,PRJ-1044,2026-06-11,Architecture Review Board,6,Indeed list guy building candidate both risk energy last woman material.,6
MTG-12887,PRJ-1045,2026-05-09,Risk & Mitigation Board,4,Tell pass performance question four nearly democratic dog hit.,3
MTG-12888,PRJ-1047,2026-05-06,Security Audit Sync,7,Seem concern certain already bag customer recent throughout international official.,0
MTG-12889,PRJ-1048,2026-03-15,Security Audit Sync,8,Born become inside one country hard question defense baby share.,2
MTG-12890,PRJ-1050,2026-04-24,Architecture Review Board,4,Always political morning middle scene situation hear.,1
MTG-12891,PRJ-1051,2026-03-26,Architecture Review Board,10,Concern ready apply our everybody nature make lose buy.,1
MTG-12892,PRJ-1052,2026-03-20,Architecture Review Board,12,Idea take operation face happy later number.,5
MTG-12893,PRJ-1053,2026-03-17,Security Audit Sync,7,Case determine key least issue town.,0
MTG-12894,PRJ-1054,2026-02-26,Financial Burn Review,11,Nothing everybody return such health serve possible first.,5
MTG-12895,PRJ-1055,2026-06-21,Architecture Review Board,5,Right sit none learn data trip protect deep political deal easy.,0
MTG-12896,PRJ-1056,2026-06-16,Steering Committee Sync,9,Attention form goal tax cell why.,0
MTG-12897,PRJ-1057,2026-03-16,Security Audit Sync,13,Even alone skin herself reduce health poor yeah cost partner culture office.,1
MTG-12898,PRJ-1059,2026-04-15,Risk & Mitigation Board,14,Three social with southern Mr foot hundred service direction.,1
MTG-12899,PRJ-1060,2026-06-16,Risk & Mitigation Board,11,Entire blood skill attack feel teach single or.,2
MTG-12900,PRJ-1062,2026-03-29,Steering Committee Sync,13,Give success change TV ability surface son.,1
MTG-12901,PRJ-1063,2026-04-27,Financial Burn Review,4,Indeed throw performance box where several television only hard wife fly more.,1
MTG-12902,PRJ-1064,2026-06-01,Sprint Review & Demo,14,Beyond foot material talk federal hard.,0
MTG-12903,PRJ-1065,2026-03-04,Architecture Review Board,12,That student experience usually reach his.,1
MTG-12904,PRJ-1066,2026-04-03,Architecture Review Board,8,Training exist writer about concern but discover remember soldier.,1
MTG-12905,PRJ-1067,2026-05-11,Sprint Review & Demo,6,Century economic expect majority team seek early.,4
MTG-12906,PRJ-1068,2026-04-02,Security Audit Sync,9,His tree truth soon unit street else rate.,0
MTG-12907,PRJ-1071,2026-05-23,Security Audit Sync,6,Individual someone economic number table.,4
MTG-12908,PRJ-1072,2026-03-07,Steering Committee Sync,8,Official similar board couple card employee several be concern tree.,2
MTG-12909,PRJ-1073,2026-03-17,Financial Burn Review,12,Maintain human him among parent job.,2
MTG-12910,PRJ-1074,2026-05-16,Sprint Review & Demo,7,More west from business despite culture.,1
MTG-12911,PRJ-1076,2026-04-14,Architecture Review Board,12,Cell future wait son attack.,2
MTG-12912,PRJ-1077,2026-06-14,Security Audit Sync,12,Necessary keep partner project risk nature not region concern.,3
MTG-12913,PRJ-1079,2026-06-02,Financial Burn Review,4,Condition beat once break rate practice civil old parent mean face expect.,1
MTG-12914,PRJ-1080,2026-05-27,Steering Committee Sync,9,Spring which really however officer couple building.,1
MTG-12915,PRJ-1081,2026-06-08,Architecture Review Board,7,Focus accept building class report blue few amount appear total.,1
MTG-12916,PRJ-1083,2026-05-14,Steering Committee Sync,11,Job woman message minute idea person myself real.,3
MTG-12917,PRJ-1084,2026-03-15,Steering Committee Sync,9,Vote outside easy history thought force parent.,4
MTG-12918,PRJ-1085,2026-03-10,Architecture Review Board,14,Fine event police buy training finish somebody rest nice agent.,0
MTG-12919,PRJ-1088,2026-03-09,Security Audit Sync,8,Article fire case bill I there should.,1
MTG-12920,PRJ-1089,2026-06-12,Financial Burn Review,4,Face myself value win road challenge risk same.,2
MTG-12921,PRJ-1090,2026-03-28,Steering Committee Sync,14,Wall live bank drug sister act cause.,1
MTG-12922,PRJ-1091,2026-03-27,Risk & Mitigation Board,10,City Mr kid always large his financial care.,4
MTG-12923,PRJ-1092,2026-06-16,Risk & Mitigation Board,12,Prepare play produce operation movement policy travel.,0
MTG-12924,PRJ-1093,2026-04-18,Sprint Review & Demo,9,Travel few will red time material tell avoid large.,2
MTG-12925,PRJ-1094,2026-04-07,Sprint Review & Demo,10,Successful appear drop despite along social take affect.,5
MTG-12926,PRJ-1095,2026-05-17,Sprint Review & Demo,9,Research manage true exist left window general consumer get those join specific.,2
MTG-12927,PRJ-1096,2026-06-24,Financial Burn Review,8,Provide order magazine such sell well remember doctor nearly record detail price.,4
MTG-12928,PRJ-1097,2026-06-02,Financial Burn Review,14,Some memory course high court provide coach.,3
MTG-12929,PRJ-1098,2026-06-06,Sprint Review & Demo,5,Prepare might long worker truth ever practice discussion tough lead practice.,2
MTG-12930,PRJ-1099,2026-03-07,Financial Burn Review,12,Own often audience ball interview official cost ball course economic religious result.,1
MTG-12931,PRJ-1100,2026-04-08,Sprint Review & Demo,6,Work you about look accept next try total not probably.,2
MTG-12932,PRJ-1101,2026-05-10,Financial Burn Review,13,Cup get help indicate when by audience national activity.,1
MTG-12933,PRJ-1102,2026-04-06,Risk & Mitigation Board,14,Grow particularly statement need science everyone commercial too old from cultural suffer.,5
MTG-12934,PRJ-1103,2026-03-20,Steering Committee Sync,14,Score partner go benefit including.,0
MTG-12935,PRJ-1104,2026-05-16,Risk & Mitigation Board,11,Body section under between others marriage garden pull with.,1
MTG-12936,PRJ-1105,2026-06-02,Risk & Mitigation Board,6,Director series safe act table safe edge make market TV.,2
MTG-12937,PRJ-1107,2026-03-15,Security Audit Sync,5,End information reduce successful skin letter whether always.,1
MTG-12938,PRJ-1108,2026-05-22,Steering Committee Sync,13,Describe stay born middle kid thought their.,6
MTG-12939,PRJ-1109,2026-06-03,Architecture Review Board,12,Seek government team push score surface floor catch start audience claim.,4
MTG-12940,PRJ-1111,2026-05-26,Security Audit Sync,10,Institution serious marriage stage audience figure subject day wrong black administration movement.,6
MTG-12941,PRJ-1112,2026-04-15,Sprint Review & Demo,13,Approach it short sit ok else store ago.,1
MTG-12942,PRJ-1114,2026-06-03,Architecture Review Board,13,Believe song during individual natural head begin also and attack check.,1
MTG-12943,PRJ-1115,2026-03-07,Risk & Mitigation Board,4,Agency beautiful animal military win artist play like.,1
MTG-12944,PRJ-1116,2026-04-20,Steering Committee Sync,10,Court service example paper long trip action professor while evidence popular professor.,1
MTG-12945,PRJ-1117,2026-03-28,Steering Committee Sync,7,Fill can analysis guess that source family.,1
MTG-12946,PRJ-1118,2026-04-14,Financial Burn Review,9,Activity factor current doctor hand whether.,6
MTG-12947,PRJ-1119,2026-04-21,Financial Burn Review,14,Card result service your range campaign discussion whether.,4
MTG-12948,PRJ-1120,2026-04-17,Security Audit Sync,13,Candidate be help sit represent song outside serve wait never.,0
MTG-12949,PRJ-1122,2026-05-22,Architecture Review Board,13,Make live just he as matter let baby smile paper.,2
MTG-12950,PRJ-1123,2026-03-08,Steering Committee Sync,6,Development lead player claim everyone live although guess only five school.,0
MTG-12951,PRJ-1124,2026-04-16,Steering Committee Sync,6,Speak be say lead right exactly Mrs together air which official.,1
MTG-12952,PRJ-1125,2026-04-15,Sprint Review & Demo,12,Road always phone somebody girl machine five former.,0
MTG-12953,PRJ-1126,2026-03-21,Financial Burn Review,6,Black worker point draw hospital cell gun everything figure course dog.,0
MTG-12954,PRJ-1127,2026-03-19,Financial Burn Review,5,Purpose first all improve might suggest.,1
MTG-12955,PRJ-1128,2026-06-13,Architecture Review Board,7,Cell approach life play should.,1
MTG-12956,PRJ-1129,2026-03-21,Security Audit Sync,7,Prevent control rather get radio give from despite floor executive service.,2
MTG-12957,PRJ-1130,2026-03-02,Architecture Review Board,10,Remain quality lay recognize me moment will onto theory popular today.,0
MTG-12958,PRJ-1131,2026-03-14,Architecture Review Board,7,Several all although sister quickly across.,2
MTG-12959,PRJ-1132,2026-03-31,Architecture Review Board,6,Financial service attention by community I read happen man realize throughout evidence.,0
MTG-12960,PRJ-1133,2026-06-19,Risk & Mitigation Board,10,Weight world necessary impact bank.,1
MTG-12961,PRJ-1134,2026-04-17,Sprint Review & Demo,7,Chance item show feel water marriage receive none.,1
MTG-12962,PRJ-1135,2026-04-16,Risk & Mitigation Board,11,Boy administration brother leg single discuss.,0
MTG-12963,PRJ-1136,2026-03-16,Risk & Mitigation Board,7,Since realize process difference senior less care style process significant.,1
MTG-12964,PRJ-1138,2026-05-04,Steering Committee Sync,13,Themselves price eight specific quickly senior police arm something dinner work sort.,1
MTG-12965,PRJ-1139,2026-04-20,Sprint Review & Demo,6,There matter operation central identify of exist against talk building upon quite.,0
MTG-12966,PRJ-1140,2026-03-05,Financial Burn Review,12,International within each easy sport two ready spring best skin coach.,2
MTG-12967,PRJ-1141,2026-04-11,Sprint Review & Demo,7,Today listen again even tough least.,2
MTG-12968,PRJ-1142,2026-03-21,Sprint Review & Demo,13,Government high radio fast win soldier site.,1
MTG-12969,PRJ-1143,2026-04-06,Architecture Review Board,9,Catch before power choice but start election PM box.,2
MTG-12970,PRJ-1144,2026-06-06,Risk & Mitigation Board,7,Policy agree activity bill say.,2
MTG-12971,PRJ-1145,2026-05-14,Sprint Review & Demo,9,Apply almost that computer within finally clearly.,2
MTG-12972,PRJ-1146,2026-06-09,Risk & Mitigation Board,12,Pressure watch security half customer enter carry simple build strategy.,3
MTG-12973,PRJ-1147,2026-03-11,Sprint Review & Demo,4,Property perform resource find same including reduce move surface.,1
MTG-12974,PRJ-1148,2026-04-06,Sprint Review & Demo,10,Just similar there movement child morning rest.,4
MTG-12975,PRJ-1149,2026-05-11,Risk & Mitigation Board,9,Move especially partner stage prevent whose.,0
MTG-12976,PRJ-1150,2026-03-19,Architecture Review Board,5,Card girl have discover girl argue deal.,1
MTG-12977,PRJ-1002,2026-05-17,Risk & Mitigation Board,8,Four population meet air agreement south firm their respond meet one think.,2
MTG-12978,PRJ-1004,2026-05-12,Steering Committee Sync,5,Space guess small state treatment group exactly red manage lot.,6
MTG-12979,PRJ-1006,2026-04-01,Security Audit Sync,10,Not enough onto almost interview southern any across.,6
MTG-12980,PRJ-1007,2026-05-05,Risk & Mitigation Board,8,Under hope national call score leader south sort market order size.,0
MTG-12981,PRJ-1008,2026-06-03,Security Audit Sync,9,Goal prepare face source again beyond building though effect life teacher.,6
MTG-12982,PRJ-1009,2026-03-28,Sprint Review & Demo,7,Room owner analysis sense art street pass worry development.,0
MTG-12983,PRJ-1010,2026-06-07,Steering Committee Sync,4,Light key century weight guess visit soldier religious.,2
MTG-12984,PRJ-1011,2026-04-02,Steering Committee Sync,6,Rate similar design he power discuss.,2
MTG-12985,PRJ-1012,2026-05-18,Steering Committee Sync,11,Father purpose our various else environment choice news group rate drug before.,2
MTG-12986,PRJ-1013,2026-06-08,Sprint Review & Demo,13,Travel now rise from sometimes page security great perhaps successful run then.,0
MTG-12987,PRJ-1014,2026-03-18,Steering Committee Sync,14,Rise manage them race tell song keep.,6
MTG-12988,PRJ-1015,2026-03-10,Architecture Review Board,13,Car certain radio total claim outside decade television.,1
MTG-12989,PRJ-1016,2026-06-15,Risk & Mitigation Board,10,Hold left truth establish air program without everything type from.,0
MTG-12990,PRJ-1017,2026-04-10,Steering Committee Sync,12,Clear help measure whatever who go.,0
MTG-12991,PRJ-1019,2026-06-18,Steering Committee Sync,14,Mother owner also simple factor player.,2
MTG-12992,PRJ-1020,2026-05-07,Steering Committee Sync,5,Soldier usually with water kind use information.,1
MTG-12993,PRJ-1021,2026-04-24,Steering Committee Sync,11,Consumer person five enter treat director police they.,1
MTG-12994,PRJ-1024,2026-03-21,Steering Committee Sync,10,Resource mind democratic industry second cost.,1
MTG-12995,PRJ-1026,2026-06-04,Security Audit Sync,8,Build activity here majority series attack create physical edge.,1
MTG-12996,PRJ-1027,2026-06-25,Financial Burn Review,4,History theory project him so story describe market guess ground eat.,3
MTG-12997,PRJ-1029,2026-06-22,Sprint Review & Demo,4,Consider night nice assume law air special write appear.,1
MTG-12998,PRJ-1030,2026-05-11,Risk & Mitigation Board,6,Level sure toward black candidate live cover water.,1
MTG-12999,PRJ-1031,2026-06-18,Risk & Mitigation Board,12,Military appear without civil real prove young paper.,0
MTG-13000,PRJ-1032,2026-06-05,Risk & Mitigation Board,12,Moment include respond a arrive.,2
MTG-13001,PRJ-1033,2026-03-16,Steering Committee Sync,5,Night pick be church send.,2
MTG-13002,PRJ-1034,2026-04-29,Sprint Review & Demo,7,Girl early you record now significant capital decide.,3
MTG-13003,PRJ-1035,2026-06-03,Sprint Review & Demo,5,Trade throw might let go least knowledge perform culture cultural standard nearly.,4
MTG-13004,PRJ-1036,2026-05-01,Sprint Review & Demo,11,Tell though executive attack from college somebody evidence water usually.,1
MTG-13005,PRJ-1038,2026-03-03,Risk & Mitigation Board,11,Personal institution power middle sit foot radio full yard onto offer.,2
MTG-13006,PRJ-1039,2026-03-09,Steering Committee Sync,14,Amount peace training compare easy include fact hotel knowledge.,5
MTG-13007,PRJ-1040,2026-04-27,Sprint Review & Demo,11,Bit treat explain ready always soldier try prepare establish.,1
MTG-13008,PRJ-1041,2026-05-16,Risk & Mitigation Board,6,Radio read trade certainly main.,1
MTG-13009,PRJ-1043,2026-04-13,Architecture Review Board,12,Upon painting cut off expert international these.,2
MTG-13010,PRJ-1044,2026-06-19,Architecture Review Board,14,Last why kid thus nice theory information member street.,5
MTG-13011,PRJ-1045,2026-06-18,Security Audit Sync,11,Mouth land per whatever beat house specific join political.,1
MTG-13012,PRJ-1047,2026-06-23,Risk & Mitigation Board,13,Wear mean person president last particularly first lawyer.,2
MTG-13013,PRJ-1048,2026-03-04,Steering Committee Sync,7,Everything defense such issue entire put our.,0
MTG-13014,PRJ-1050,2026-06-25,Financial Burn Review,6,Word worry just address key fall lot operation.,0
MTG-13015,PRJ-1051,2026-04-13,Steering Committee Sync,5,Soon study health skill condition it.,2
MTG-13016,PRJ-1052,2026-05-20,Security Audit Sync,10,Cause anyone wife since whether property we city well white simply brother.,1
MTG-13017,PRJ-1053,2026-04-10,Architecture Review Board,5,Wrong writer child eat agree sister leader media office skin.,2
MTG-13018,PRJ-1054,2026-03-11,Steering Committee Sync,8,Center figure future home after oil six take.,2
MTG-13019,PRJ-1055,2026-06-11,Steering Committee Sync,14,True specific defense president animal west air top environmental.,2
MTG-13020,PRJ-1056,2026-06-04,Architecture Review Board,11,Start if pressure by middle its view environment.,1
MTG-13021,PRJ-1057,2026-06-12,Security Audit Sync,12,Your kitchen result kid whole say soon international agent evening help story.,2
MTG-13022,PRJ-1059,2026-05-31,Financial Burn Review,8,The all anything everyone option role produce yeah.,5
MTG-13023,PRJ-1060,2026-06-13,Steering Committee Sync,10,Culture nice bar rock stay tough draw treat.,1
MTG-13024,PRJ-1062,2026-04-22,Architecture Review Board,6,Themselves trade throughout remain son strategy school.,2
MTG-13025,PRJ-1063,2026-03-28,Financial Burn Review,4,Street join business chance set right film ever major.,2
MTG-13026,PRJ-1064,2026-04-10,Security Audit Sync,14,Physical economy rise page may community debate election.,1
MTG-13027,PRJ-1065,2026-05-05,Sprint Review & Demo,6,Plan carry research office one song.,0
MTG-13028,PRJ-1066,2026-06-13,Sprint Review & Demo,14,But none agency leave state deep wide.,0
MTG-13029,PRJ-1067,2026-05-16,Sprint Review & Demo,6,Face event memory type go.,2
MTG-13030,PRJ-1068,2026-04-21,Risk & Mitigation Board,4,Author stop project book week practice here according firm nature.,1
MTG-13031,PRJ-1071,2026-06-06,Financial Burn Review,11,Be better rate school have present man skin property late sport.,4
MTG-13032,PRJ-1072,2026-06-17,Architecture Review Board,14,Rest his technology lose hour no call matter scene garden.,0
MTG-13033,PRJ-1073,2026-05-13,Financial Burn Review,11,Job forget fly continue make artist of Mr manager care next maintain.,4
MTG-13034,PRJ-1074,2026-03-15,Steering Committee Sync,13,Federal every coach issue reach network realize increase parent.,1
MTG-13035,PRJ-1076,2026-05-08,Architecture Review Board,11,Level quickly population it rate alone here look figure team it.,2
MTG-13036,PRJ-1077,2026-05-07,Sprint Review & Demo,8,Class term either area become recent yourself star.,6
MTG-13037,PRJ-1079,2026-03-26,Security Audit Sync,9,To board born than enjoy.,2
MTG-13038,PRJ-1080,2026-02-28,Architecture Review Board,8,Edge mother gas marriage he recent green notice bit.,2
MTG-13039,PRJ-1081,2026-03-06,Architecture Review Board,12,Include leader education lawyer west decision authority.,1
MTG-13040,PRJ-1083,2026-04-21,Risk & Mitigation Board,5,They current maybe Republican become drop give however interest pay wind.,6
MTG-13041,PRJ-1084,2026-03-27,Security Audit Sync,12,Space my south green those Mr professor.,3
MTG-13042,PRJ-1085,2026-03-06,Architecture Review Board,9,Type force radio tough realize outside seek year simple trouble it.,0
MTG-13043,PRJ-1088,2026-03-29,Risk & Mitigation Board,4,Various fill like region collection cultural soon range Mr case.,2
MTG-13044,PRJ-1089,2026-04-30,Financial Burn Review,5,Student magazine operation course loss risk paper worry bed.,0
MTG-13045,PRJ-1090,2026-06-11,Steering Committee Sync,5,Pressure us support spend parent around.,4
MTG-13046,PRJ-1091,2026-05-31,Sprint Review & Demo,8,Fine result put camera across music produce city trip buy team half.,5
MTG-13047,PRJ-1092,2026-03-07,Steering Committee Sync,8,Plant together room him step.,1
MTG-13048,PRJ-1093,2026-06-03,Risk & Mitigation Board,12,Indicate consumer along hospital interesting describe society own.,1
MTG-13049,PRJ-1094,2026-06-24,Sprint Review & Demo,6,Already choose country capital campaign drive Mrs west address.,5
MTG-13050,PRJ-1095,2026-03-04,Risk & Mitigation Board,7,Finish war other money exist pull thus article this more couple.,2
MTG-13051,PRJ-1096,2026-06-19,Steering Committee Sync,7,Maintain hard service second defense.,6
MTG-13052,PRJ-1097,2026-06-10,Sprint Review & Demo,9,Middle talk policy think part letter cause.,2
MTG-13053,PRJ-1098,2026-03-30,Financial Burn Review,6,Until dark agency people life benefit newspaper dog.,2
MTG-13054,PRJ-1099,2026-04-06,Financial Burn Review,12,Voice can thank listen poor majority great either.,5
MTG-13055,PRJ-1100,2026-04-14,Sprint Review & Demo,9,Camera ground water front finally unit explain visit conference hope.,2
MTG-13056,PRJ-1101,2026-04-18,Financial Burn Review,12,Through east describe sign seat camera entire leg anything.,2
MTG-13057,PRJ-1102,2026-03-14,Steering Committee Sync,6,Generation value better those store development.,3
MTG-13058,PRJ-1103,2026-03-27,Sprint Review & Demo,6,Join line take much party.,2
MTG-13059,PRJ-1104,2026-06-12,Security Audit Sync,13,Congress explain land country relate strategy attorney capital ten ten determine.,2
MTG-13060,PRJ-1105,2026-06-16,Steering Committee Sync,6,Body worry get drug recent guy left turn we soon base school.,2
MTG-13061,PRJ-1107,2026-04-17,Financial Burn Review,10,Work almost unit hot president pull our.,2
MTG-13062,PRJ-1108,2026-03-03,Steering Committee Sync,4,Street couple economy democratic environment economy statement see.,3
MTG-13063,PRJ-1109,2026-05-04,Risk & Mitigation Board,10,Open education choose set type account argue picture close threat.,3
MTG-13064,PRJ-1111,2026-04-19,Financial Burn Review,11,Dream church meet suggest medical think land nation protect blood own.,4
MTG-13065,PRJ-1112,2026-03-24,Risk & Mitigation Board,6,Seek design add onto tonight program deep wish garden room interest.,1
MTG-13066,PRJ-1114,2026-06-20,Security Audit Sync,4,Those exist hard including look need finally leg agreement eye.,3
MTG-13067,PRJ-1115,2026-06-02,Sprint Review & Demo,12,Detail Republican star government smile set including.,3
MTG-13068,PRJ-1116,2026-06-09,Security Audit Sync,7,Voice side free security same four letter manager.,1
MTG-13069,PRJ-1117,2026-04-04,Security Audit Sync,13,Stage method board rock yeah how.,2
MTG-13070,PRJ-1118,2026-05-17,Sprint Review & Demo,10,Region not tree impact smile actually size policy shoulder.,1
MTG-13071,PRJ-1119,2026-06-17,Steering Committee Sync,11,Language fire consumer successful say middle PM.,2
MTG-13072,PRJ-1120,2026-03-08,Steering Committee Sync,10,Civil wife campaign begin enter good truth plant stuff cup political.,0
MTG-13073,PRJ-1122,2026-03-25,Steering Committee Sync,10,Including event expect very fill arm peace line nation.,2
MTG-13074,PRJ-1123,2026-03-24,Risk & Mitigation Board,7,Choice opportunity central administration single gun serious find without couple.,2
MTG-13075,PRJ-1124,2026-03-16,Steering Committee Sync,5,Point allow respond purpose want figure hour card employee leave it position.,1
MTG-13076,PRJ-1125,2026-05-07,Steering Committee Sync,6,Cup approach nation Mrs defense your family material leader.,1
MTG-13077,PRJ-1126,2026-05-11,Risk & Mitigation Board,13,Week just choose field issue.,0
MTG-13078,PRJ-1127,2026-04-14,Security Audit Sync,7,Final no issue range above whose plant decision impact city radio green.,0
MTG-13079,PRJ-1128,2026-05-24,Risk & Mitigation Board,14,Force often free plan close live continue herself seem chair southern.,0
MTG-13080,PRJ-1129,2026-05-30,Architecture Review Board,4,Language sport maintain place fight still include music response.,3
MTG-13081,PRJ-1130,2026-05-22,Security Audit Sync,12,Which road establish computer sit quite education edge there involve.,0
MTG-13082,PRJ-1131,2026-04-14,Architecture Review Board,5,Government visit fear rock hit.,5
MTG-13083,PRJ-1132,2026-05-02,Security Audit Sync,11,Thank how maybe nature serious second receive what wall.,2
MTG-13084,PRJ-1133,2026-05-10,Steering Committee Sync,11,Even economy thus effort affect early very.,6
MTG-13085,PRJ-1134,2026-05-28,Architecture Review Board,12,Growth minute interview religious indicate beautiful project event sure window direction pretty.,0
MTG-13086,PRJ-1135,2026-06-10,Security Audit Sync,11,Easy agree house scientist environmental inside attention career strategy truth management.,2
MTG-13087,PRJ-1136,2026-04-26,Steering Committee Sync,9,Place particular southern before pull citizen us agree.,0
MTG-13088,PRJ-1138,2026-04-13,Architecture Review Board,10,May happen all phone drive between.,0
MTG-13089,PRJ-1139,2026-03-16,Architecture Review Board,14,Up drug step PM rate quickly.,0
MTG-13090,PRJ-1140,2026-04-01,Risk & Mitigation Board,13,Order concern collection animal each.,1
MTG-13091,PRJ-1141,2026-05-02,Steering Committee Sync,11,Low alone both performance page today we best significant magazine.,6
MTG-13092,PRJ-1142,2026-04-05,Architecture Review Board,12,Recently add recognize real prevent police sell bad leg than successful.,0
MTG-13093,PRJ-1143,2026-06-12,Sprint Review & Demo,13,Voice sure morning either despite tell travel.,0
MTG-13094,PRJ-1144,2026-04-24,Financial Burn Review,7,Tree fine responsibility fight peace box with around resource.,3
MTG-13095,PRJ-1145,2026-05-03,Security Audit Sync,10,Card cell whose town such.,1
MTG-13096,PRJ-1146,2026-03-04,Risk & Mitigation Board,14,Down yard rest act thank value dark phone nothing box study cold.,1
MTG-13097,PRJ-1147,2026-04-12,Sprint Review & Demo,8,Agent technology that Democrat enter.,1
MTG-13098,PRJ-1148,2026-03-07,Architecture Review Board,12,Catch save go represent his guess pretty amount.,6
MTG-13099,PRJ-1149,2026-03-17,Architecture Review Board,14,Born job nor rise close west seat.,1
MTG-13100,PRJ-1150,2026-03-18,Architecture Review Board,5,Management ago see base land book sort would life.,1
MTG-13101,PRJ-1002,2026-06-05,Sprint Review & Demo,11,In career our conference benefit country however either college kind sister.,0
MTG-13102,PRJ-1004,2026-03-18,Steering Committee Sync,11,Pass federal low southern wall.,5
MTG-13103,PRJ-1006,2026-03-23,Steering Committee Sync,10,Executive purpose guess culture part.,5
MTG-13104,PRJ-1007,2026-03-31,Security Audit Sync,5,Art garden language somebody able else.,1
MTG-13105,PRJ-1008,2026-04-05,Security Audit Sync,12,Fact upon land discussion market economy later man safe next risk.,4
MTG-13106,PRJ-1009,2026-06-25,Financial Burn Review,10,Hotel process store fund member focus responsibility account marriage clear.,2
MTG-13107,PRJ-1010,2026-03-18,Financial Burn Review,14,Word drug rise nature north brother ready traditional candidate guess bed citizen.,2
MTG-13108,PRJ-1011,2026-06-05,Risk & Mitigation Board,13,Agree time sure move authority peace always ahead.,0
MTG-13109,PRJ-1012,2026-04-03,Sprint Review & Demo,14,Fire at light require event week soon rest leave.,2
MTG-13110,PRJ-1013,2026-05-17,Sprint Review & Demo,5,Must voice tax note treatment news weight piece.,2
MTG-13111,PRJ-1014,2026-03-08,Sprint Review & Demo,9,Stop language produce agent play myself bag east.,2
MTG-13112,PRJ-1015,2026-06-23,Financial Burn Review,13,Build artist buy you we ever training recognize matter receive let.,2
MTG-13113,PRJ-1016,2026-04-16,Risk & Mitigation Board,4,Once full environmental human ahead low.,1
MTG-13114,PRJ-1017,2026-05-05,Architecture Review Board,11,Last fill avoid tonight thank level.,2
MTG-13115,PRJ-1019,2026-06-01,Risk & Mitigation Board,12,This program new edge world whatever.,2
MTG-13116,PRJ-1020,2026-04-03,Sprint Review & Demo,14,Them key price follow couple chance pay government open ready mother.,1
MTG-13117,PRJ-1021,2026-04-29,Security Audit Sync,14,Listen dog remember material without whatever people then couple pick fund.,4
MTG-13118,PRJ-1024,2026-04-23,Sprint Review & Demo,13,Administration record effort thus partner offer husband interest research son final himself.,0
MTG-13119,PRJ-1026,2026-05-01,Steering Committee Sync,14,Career lawyer one discussion reveal hotel quality capital.,0
MTG-13120,PRJ-1027,2026-03-26,Architecture Review Board,8,Network need product if smile choose.,1
MTG-13121,PRJ-1029,2026-03-27,Risk & Mitigation Board,11,Store tax time voice piece argue bit.,0
MTG-13122,PRJ-1030,2026-04-17,Architecture Review Board,14,Establish arrive energy there begin huge cultural think.,3
MTG-13123,PRJ-1031,2026-06-24,Architecture Review Board,7,Win indeed husband son month information thought.,1
MTG-13124,PRJ-1032,2026-03-21,Architecture Review Board,4,Allow every hair son bring traditional present fill even fact.,1
MTG-13125,PRJ-1033,2026-03-15,Architecture Review Board,14,Black fund threat enter yard forward.,4
MTG-13126,PRJ-1034,2026-05-13,Architecture Review Board,7,She ball never responsibility conference personal feel.,2
MTG-13127,PRJ-1035,2026-03-26,Financial Burn Review,14,Tonight avoid perhaps but travel event.,5
MTG-13128,PRJ-1036,2026-04-25,Architecture Review Board,10,Community edge hold concern other may kind education rock follow prepare perform.,2
MTG-13129,PRJ-1038,2026-04-30,Architecture Review Board,11,Hear population speech growth take article firm budget happy want away.,0
MTG-13130,PRJ-1039,2026-04-30,Sprint Review & Demo,9,Lose notice true today any when spend newspaper.,3
MTG-13131,PRJ-1040,2026-03-29,Financial Burn Review,7,Young agent me cell identify feel wear.,2
MTG-13132,PRJ-1041,2026-05-26,Architecture Review Board,5,Policy stay himself collection day answer stand audience environmental indeed international.,1
MTG-13133,PRJ-1043,2026-05-25,Security Audit Sync,14,Home rise help ten phone drug knowledge finally bill speech sometimes somebody.,0
MTG-13134,PRJ-1044,2026-04-29,Risk & Mitigation Board,13,Our record already full interesting support entire base ok bill.,3
MTG-13135,PRJ-1045,2026-06-14,Risk & Mitigation Board,6,Able road course indeed ability effect apply travel lose.,6
MTG-13136,PRJ-1047,2026-05-03,Risk & Mitigation Board,8,Must smile while memory dinner card understand art hospital bag section pay.,0
MTG-13137,PRJ-1048,2026-04-02,Security Audit Sync,9,Already left house herself page PM who measure end.,1
MTG-13138,PRJ-1050,2026-03-01,Architecture Review Board,9,Positive experience everything especially either add.,1
MTG-13139,PRJ-1051,2026-04-24,Steering Committee Sync,9,College relationship mouth institution responsibility government happy million unit focus.,0
MTG-13140,PRJ-1052,2026-05-08,Sprint Review & Demo,7,Event wish process recently degree send majority share mean or agreement fire.,1
MTG-13141,PRJ-1053,2026-04-24,Financial Burn Review,12,Process over movement story hope its light result between hard.,1
MTG-13142,PRJ-1054,2026-03-24,Security Audit Sync,12,Role movement first sign stage discover argue door.,6
MTG-13143,PRJ-1055,2026-06-22,Architecture Review Board,12,Score themselves most should plan people white international address pay.,2
MTG-13144,PRJ-1056,2026-03-23,Steering Committee Sync,13,Put trade hotel trade force bank commercial arm.,1
MTG-13145,PRJ-1057,2026-04-27,Security Audit Sync,7,Hope professional here stuff experience billion.,0
MTG-13146,PRJ-1059,2026-02-28,Sprint Review & Demo,13,Take generation fall maybe work paper.,1
MTG-13147,PRJ-1060,2026-03-26,Security Audit Sync,8,Health from song political like law role opportunity also.,1
MTG-13148,PRJ-1062,2026-04-20,Steering Committee Sync,9,Tv unit similar follow to magazine teacher nice see risk.,2
MTG-13149,PRJ-1063,2026-05-24,Financial Burn Review,10,Form color wall voice season stop information.,1
MTG-13150,PRJ-1064,2026-06-01,Steering Committee Sync,5,Bank man foot college citizen.,1
MTG-13151,PRJ-1065,2026-04-24,Security Audit Sync,13,Perform none set yeah foreign class skill.,1
MTG-13152,PRJ-1066,2026-04-14,Financial Burn Review,9,Question once very pattern central star professor fund.,0
MTG-13153,PRJ-1067,2026-03-02,Steering Committee Sync,4,Arrive energy bed now bank.,4
MTG-13154,PRJ-1068,2026-03-13,Steering Committee Sync,6,Increase science like floor student myself attorney.,2
MTG-13155,PRJ-1071,2026-06-25,Security Audit Sync,4,That heart easy claim expect audience capital its cold even memory cell.,3
MTG-13156,PRJ-1072,2026-04-14,Risk & Mitigation Board,7,Daughter those baby money marriage many large miss.,0
MTG-13157,PRJ-1073,2026-05-15,Steering Committee Sync,11,You throw country despite medical expert Republican party loss.,2
MTG-13158,PRJ-1074,2026-06-02,Security Audit Sync,6,Answer early world scene quality article spring factor beautiful.,0
MTG-13159,PRJ-1076,2026-05-15,Sprint Review & Demo,7,Information source involve professor quality piece truth beautiful.,1
MTG-13160,PRJ-1077,2026-04-23,Sprint Review & Demo,11,Music room range at oil upon magazine with use material leader.,5
MTG-13161,PRJ-1079,2026-04-22,Risk & Mitigation Board,12,Table garden west help ground federal pay around.,1
MTG-13162,PRJ-1080,2026-03-28,Financial Burn Review,7,Book former team economic group school book top cause person off.,5
MTG-13163,PRJ-1081,2026-04-11,Risk & Mitigation Board,12,State Mr rule career reality country watch bank.,0
MTG-13164,PRJ-1083,2026-04-10,Financial Burn Review,14,Find pressure fire section agreement age.,4
MTG-13165,PRJ-1084,2026-04-12,Financial Burn Review,8,It song institution history example.,4
MTG-13166,PRJ-1085,2026-03-10,Security Audit Sync,8,Yourself second father spring local church usually toward information experience worker same.,1
MTG-13167,PRJ-1088,2026-03-28,Risk & Mitigation Board,9,Law these through law approach on.,1
MTG-13168,PRJ-1089,2026-03-04,Steering Committee Sync,12,Force long collection cold almost director something when medical deal left.,1
MTG-13169,PRJ-1090,2026-03-11,Architecture Review Board,6,National Mr most short owner be prove still operation.,1
MTG-13170,PRJ-1091,2026-06-21,Architecture Review Board,7,Group bar quickly free old see red everybody structure hour yourself your.,6
MTG-13171,PRJ-1092,2026-04-18,Financial Burn Review,6,Certain station accept election why college their within these.,2
MTG-13172,PRJ-1093,2026-05-25,Sprint Review & Demo,11,Many half eight three skin maybe like maintain reach.,2
MTG-13173,PRJ-1094,2026-05-28,Financial Burn Review,5,Throw feeling later analysis value quickly.,3
MTG-13174,PRJ-1095,2026-03-25,Financial Burn Review,9,Century politics gas and campaign me agreement something finally baby.,0
MTG-13175,PRJ-1096,2026-04-25,Security Audit Sync,14,Stock manager establish sure amount.,6
MTG-13176,PRJ-1097,2026-03-27,Financial Burn Review,11,Best professional actually maintain peace soon second history environmental loss.,2
MTG-13177,PRJ-1098,2026-06-07,Architecture Review Board,4,Generation positive response represent project cut by no hundred reach.,2
MTG-13178,PRJ-1099,2026-04-27,Risk & Mitigation Board,11,Where quite institution this minute meet.,5
MTG-13179,PRJ-1100,2026-04-08,Risk & Mitigation Board,10,Body foot structure quality ball instead nice old feeling amount.,2
MTG-13180,PRJ-1101,2026-03-26,Sprint Review & Demo,4,Hold imagine add notice have budget including tell.,2
MTG-13181,PRJ-1102,2026-03-06,Financial Burn Review,12,Only indeed could capital trade use member.,4
MTG-13182,PRJ-1103,2026-04-11,Security Audit Sync,9,Identify order bank certainly remember tough late school find style record hold.,0
MTG-13183,PRJ-1104,2026-04-25,Risk & Mitigation Board,6,Moment number still physical wrong science be interesting.,2
MTG-13184,PRJ-1105,2026-03-24,Sprint Review & Demo,9,Class phone employee daughter number store consumer seven sport.,2
MTG-13185,PRJ-1107,2026-05-24,Sprint Review & Demo,8,Economy dog wait care example only responsibility act maintain data.,2
MTG-13186,PRJ-1108,2026-03-10,Financial Burn Review,4,Bed stay television during you prepare student guy generation speech above small.,3
MTG-13187,PRJ-1109,2026-03-18,Security Audit Sync,11,Including give like political good.,5
MTG-13188,PRJ-1111,2026-04-21,Risk & Mitigation Board,6,Per eye short minute song ability fear across window.,6
MTG-13189,PRJ-1112,2026-03-02,Risk & Mitigation Board,14,Light adult sell final model remember fight.,0
MTG-13190,PRJ-1114,2026-05-20,Risk & Mitigation Board,12,Debate soldier camera right skin stuff ball news real.,3
MTG-13191,PRJ-1115,2026-03-16,Security Audit Sync,8,Strong music rather investment station region old measure.,6
MTG-13192,PRJ-1116,2026-06-24,Architecture Review Board,13,Product no customer power professor ask.,0
MTG-13193,PRJ-1117,2026-03-10,Financial Burn Review,6,Maybe bad machine owner special decide hospital.,1
MTG-13194,PRJ-1118,2026-04-13,Financial Burn Review,13,Hot result pattern lose medical practice citizen weight.,6
MTG-13195,PRJ-1119,2026-04-06,Architecture Review Board,13,Evidence act cut range particularly response property over write air different.,1
MTG-13196,PRJ-1120,2026-04-10,Sprint Review & Demo,9,Plan cup score produce choice economy gas suddenly large.,2
MTG-13197,PRJ-1122,2026-05-19,Financial Burn Review,5,Later better place answer south situation economic hard may new.,0
MTG-13198,PRJ-1123,2026-04-21,Financial Burn Review,12,Call teach huge charge support performance.,0
MTG-13199,PRJ-1124,2026-06-01,Risk & Mitigation Board,6,Authority green son outside measure medical tonight training trade available building onto.,2
MTG-13200,PRJ-1125,2026-04-20,Security Audit Sync,7,Environmental become hundred be tax key stuff case total coach.,0
MTG-13201,PRJ-1126,2026-03-14,Financial Burn Review,6,Board nothing foreign especially upon project agency tax capital.,0
MTG-13202,PRJ-1127,2026-04-03,Sprint Review & Demo,11,Oil fast provide seat eight teach leader street.,2
MTG-13203,PRJ-1128,2026-06-24,Security Audit Sync,9,Baby thing truth movie join personal administration say think.,0
MTG-13204,PRJ-1129,2026-03-02,Sprint Review & Demo,10,Surface recently organization result seat middle center decade recent win six half.,1
MTG-13205,PRJ-1130,2026-06-18,Financial Burn Review,14,Series himself address bring sister beautiful PM air him no force discover.,2
MTG-13206,PRJ-1131,2026-03-02,Risk & Mitigation Board,10,Manage among very career protect ahead teach difference plant Democrat vote.,4
MTG-13207,PRJ-1132,2026-03-10,Security Audit Sync,6,Citizen serve official interview system investment.,1
MTG-13208,PRJ-1133,2026-03-24,Architecture Review Board,5,Want current kitchen far economic difference time.,2
MTG-13209,PRJ-1134,2026-04-10,Architecture Review Board,6,A political often recent girl process for south stuff suffer.,1
MTG-13210,PRJ-1135,2026-05-07,Security Audit Sync,8,Long fish hospital late over away economy others opportunity sea.,1
MTG-13211,PRJ-1136,2026-04-08,Risk & Mitigation Board,6,Thus president manager whom responsibility anyone government why investment buy.,0
MTG-13212,PRJ-1138,2026-06-07,Architecture Review Board,7,Defense behind whose song institution think campaign evening manager.,1
MTG-13213,PRJ-1139,2026-04-28,Steering Committee Sync,14,Rather nor middle figure support.,1
MTG-13214,PRJ-1140,2026-05-30,Security Audit Sync,9,Business firm skin shoulder actually agent trouble public whom.,0
MTG-13215,PRJ-1141,2026-06-17,Risk & Mitigation Board,12,Decide media floor hotel truth remember piece rock executive suddenly.,1
MTG-13216,PRJ-1142,2026-05-27,Architecture Review Board,13,Star player allow page bit blue most watch.,0
MTG-13217,PRJ-1143,2026-04-12,Sprint Review & Demo,4,Model century cut actually family usually.,2
MTG-13218,PRJ-1144,2026-05-01,Security Audit Sync,5,Pressure report grow attack beautiful total prevent cultural.,3
MTG-13219,PRJ-1145,2026-04-09,Steering Committee Sync,12,Teacher add family product executive stay finish large.,0
MTG-13220,PRJ-1146,2026-05-11,Sprint Review & Demo,9,Already raise set cause newspaper report quickly would home involve year hold.,1
MTG-13221,PRJ-1147,2026-03-17,Risk & Mitigation Board,4,Officer floor yet audience dark we finally positive nor stand like.,1
MTG-13222,PRJ-1148,2026-03-24,Financial Burn Review,9,Expert protect present again beyond cultural draw real nothing daughter.,5
MTG-13223,PRJ-1149,2026-05-11,Sprint Review & Demo,7,Relationship Congress sell drug cold above business value nice nearly.,0
MTG-13224,PRJ-1150,2026-03-12,Security Audit Sync,11,Station black spend meeting argue just last.,2
MTG-13225,PRJ-1002,2026-06-07,Steering Committee Sync,7,Author carry region them professor need care almost direction two most.,2
MTG-13226,PRJ-1004,2026-06-23,Architecture Review Board,14,Floor just almost me sell control quickly actually individual her.,1
MTG-13227,PRJ-1006,2026-04-25,Steering Committee Sync,9,Book the college service line up her game they ask.,5
MTG-13228,PRJ-1007,2026-06-16,Financial Burn Review,11,Office increase way recently behind seat first laugh.,0
MTG-13229,PRJ-1008,2026-05-28,Security Audit Sync,12,Kitchen feel southern question we million certainly task cause.,2
MTG-13230,PRJ-1009,2026-04-17,Steering Committee Sync,4,Of any both minute way seven billion born save live economic discussion.,1
MTG-13231,PRJ-1010,2026-06-09,Financial Burn Review,12,Floor into save manager also happy.,0
MTG-13232,PRJ-1011,2026-05-16,Sprint Review & Demo,8,Across part dark same yeah teacher development its reflect concern machine.,1
MTG-13233,PRJ-1012,2026-04-28,Sprint Review & Demo,14,Appear two federal seat general dark drop deal music character.,1
MTG-13234,PRJ-1013,2026-04-03,Steering Committee Sync,12,Catch shoulder later fund first thing front like most.,2
MTG-13235,PRJ-1014,2026-06-20,Steering Committee Sync,11,I movement account policy sound which.,1
MTG-13236,PRJ-1015,2026-06-25,Steering Committee Sync,6,Less help professor section hope claim upon.,2
MTG-13237,PRJ-1016,2026-04-28,Financial Burn Review,11,Help very when economy individual south well young plan agency range general.,1
MTG-13238,PRJ-1017,2026-06-25,Security Audit Sync,10,Night know that control money number test truth someone choice.,2
MTG-13239,PRJ-1019,2026-05-23,Risk & Mitigation Board,14,Bed some white value reduce cause send a.,0
MTG-13240,PRJ-1020,2026-06-18,Financial Burn Review,9,Control drive often test believe maybe ever happy ask.,0
MTG-13241,PRJ-1021,2026-05-01,Steering Committee Sync,6,Five today thousand trouble beat she anything.,3
MTG-13242,PRJ-1024,2026-03-25,Steering Committee Sync,7,Different data trip measure issue course property that across.,1
MTG-13243,PRJ-1026,2026-06-24,Risk & Mitigation Board,9,Spend national herself kitchen interview soldier once join cause crime single soldier.,0
MTG-13244,PRJ-1027,2026-03-05,Sprint Review & Demo,14,Common music trade finish factor person fear hit rate model.,4
MTG-13245,PRJ-1029,2026-06-10,Security Audit Sync,5,Company after color gun keep minute social policy house usually professor.,2
MTG-13246,PRJ-1030,2026-04-14,Financial Burn Review,14,However each system family among light.,1
MTG-13247,PRJ-1031,2026-05-26,Security Audit Sync,12,Method add war red if participant middle.,1
MTG-13248,PRJ-1032,2026-06-03,Financial Burn Review,12,Example ball bed southern dream table religious teach quite director believe.,2
MTG-13249,PRJ-1033,2026-05-22,Financial Burn Review,12,Hold dog heart condition seem century.,4
MTG-13250,PRJ-1034,2026-03-30,Security Audit Sync,8,Fill face able player law trial table her clear.,2
MTG-13251,PRJ-1035,2026-05-05,Architecture Review Board,11,Shake bit ability fine interview already.,2
MTG-13252,PRJ-1036,2026-05-24,Steering Committee Sync,14,Section science so consumer hope accept industry adult billion energy.,1
MTG-13253,PRJ-1038,2026-05-16,Risk & Mitigation Board,10,Memory plant black state here star top.,1
MTG-13254,PRJ-1039,2026-03-31,Risk & Mitigation Board,11,Indicate phone nation explain would.,1
MTG-13255,PRJ-1040,2026-06-10,Sprint Review & Demo,5,Summer challenge away glass themselves treat event.,1
MTG-13256,PRJ-1041,2026-06-13,Architecture Review Board,11,Occur get sea suggest add baby attack understand reach series pattern.,2
MTG-13257,PRJ-1043,2026-04-11,Financial Burn Review,8,During probably wrong police see subject its.,1
MTG-13258,PRJ-1044,2026-03-09,Risk & Mitigation Board,14,Fund us price simply matter ball lawyer set ground save at.,3
MTG-13259,PRJ-1045,2026-05-04,Security Audit Sync,12,Reason fall serve concern accept situation medical public nature ground president.,1
MTG-13260,PRJ-1047,2026-03-03,Sprint Review & Demo,5,Teacher quite catch suddenly their natural build spring indicate involve free animal.,0
MTG-13261,PRJ-1048,2026-04-06,Architecture Review Board,13,Local direction Republican everything truth as.,2
MTG-13262,PRJ-1050,2026-06-12,Financial Burn Review,14,Draw east who seek half score collection economy.,0
MTG-13263,PRJ-1051,2026-04-14,Architecture Review Board,4,Small dream discover whether fast serve use.,2
MTG-13264,PRJ-1052,2026-06-22,Financial Burn Review,4,Loss hotel either other option child rule serious.,1
MTG-13265,PRJ-1053,2026-05-25,Architecture Review Board,7,Course world mission policy start.,1
MTG-13266,PRJ-1054,2026-04-01,Architecture Review Board,4,Pretty stop opportunity another floor after window senior evening provide.,5
MTG-13267,PRJ-1055,2026-06-08,Security Audit Sync,12,Free agree fire news treat level.,1
MTG-13268,PRJ-1056,2026-03-18,Financial Burn Review,12,Pass low eye like real nothing.,0
MTG-13269,PRJ-1057,2026-05-20,Architecture Review Board,4,By vote take act customer eight house quickly mean everyone.,2
MTG-13270,PRJ-1059,2026-06-19,Steering Committee Sync,11,Forget value senior long sit out if watch kind.,1
MTG-13271,PRJ-1060,2026-03-24,Steering Committee Sync,9,Role should surface some enjoy challenge next myself cover.,0
MTG-13272,PRJ-1062,2026-04-29,Sprint Review & Demo,7,May child style car move want personal.,2
MTG-13273,PRJ-1063,2026-02-26,Risk & Mitigation Board,13,Ok similar bring adult how similar forget.,0
MTG-13274,PRJ-1064,2026-06-22,Security Audit Sync,4,Car truth industry face next anything project better cultural.,2
MTG-13275,PRJ-1065,2026-04-23,Sprint Review & Demo,7,Least change strong network eat each.,1
MTG-13276,PRJ-1066,2026-04-13,Security Audit Sync,8,Church stop water discover party activity what several.,0
MTG-13277,PRJ-1067,2026-04-09,Sprint Review & Demo,14,Happen scientist think however miss Mr generation Congress south student they face.,2
MTG-13278,PRJ-1068,2026-06-09,Architecture Review Board,10,Base people own structure fight within.,0
MTG-13279,PRJ-1071,2026-03-30,Steering Committee Sync,10,Cut thank last leg every open pattern office indicate move.,3
MTG-13280,PRJ-1072,2026-05-09,Sprint Review & Demo,6,Statement hope team offer watch do his sister all.,0
MTG-13281,PRJ-1073,2026-03-22,Financial Burn Review,13,Again like training husband tough role benefit anything.,2
MTG-13282,PRJ-1074,2026-06-09,Security Audit Sync,10,Fall body purpose whom finish.,1
MTG-13283,PRJ-1076,2026-05-11,Security Audit Sync,14,Three all talk treatment source today me society.,2
MTG-13284,PRJ-1077,2026-04-21,Architecture Review Board,14,Soon quality interesting type open hit media Congress improve final.,2
MTG-13285,PRJ-1079,2026-03-06,Security Audit Sync,10,Enough teacher keep new research.,1
MTG-13286,PRJ-1080,2026-04-20,Security Audit Sync,10,Wait his speak reason near at.,1
MTG-13287,PRJ-1081,2026-06-22,Risk & Mitigation Board,8,Style coach make no political move happen possible election western old person.,1
MTG-13288,PRJ-1083,2026-04-15,Steering Committee Sync,8,Factor rest girl yourself sing then cover require article some Democrat.,4
MTG-13289,PRJ-1084,2026-06-13,Financial Burn Review,14,Buy fly not wife against start itself.,1
MTG-13290,PRJ-1085,2026-05-11,Security Audit Sync,4,Effort report suggest even figure above second even.,1
MTG-13291,PRJ-1088,2026-05-31,Security Audit Sync,6,Improve chance similar yet anything institution why American shoulder.,1
MTG-13292,PRJ-1089,2026-05-09,Security Audit Sync,7,Once model claim run me together see.,2
MTG-13293,PRJ-1090,2026-04-03,Sprint Review & Demo,5,Under sea else open magazine state out to hear someone.,6
MTG-13294,PRJ-1091,2026-05-14,Sprint Review & Demo,11,Lose crime in piece theory yeah knowledge vote meet structure student reduce.,2
MTG-13295,PRJ-1092,2026-06-18,Sprint Review & Demo,12,Western machine at art red could only receive.,0
MTG-13296,PRJ-1093,2026-04-09,Architecture Review Board,8,Area involve southern least next crime husband should blood face difference after.,0
MTG-13297,PRJ-1094,2026-03-05,Security Audit Sync,10,Go west arrive family cut between radio.,6
MTG-13298,PRJ-1095,2026-06-07,Architecture Review Board,8,Goal lose yourself just wrong thing offer religious read bill.,2
MTG-13299,PRJ-1096,2026-04-18,Architecture Review Board,8,Act them seven condition recent church result true reach.,5
MTG-13300,PRJ-1097,2026-03-23,Sprint Review & Demo,10,Pick main rest left career ten summer just century girl east.,1
MTG-13301,PRJ-1098,2026-03-06,Steering Committee Sync,12,Off five finally inside though call industry step.,0
MTG-13302,PRJ-1099,2026-04-13,Risk & Mitigation Board,6,Writer mention wonder and daughter per hospital traditional floor somebody.,2
MTG-13303,PRJ-1100,2026-04-09,Financial Burn Review,11,Hotel ask either reduce that likely behavior.,0
MTG-13304,PRJ-1101,2026-03-14,Risk & Mitigation Board,5,Spring Republican himself itself wife expert.,1
MTG-13305,PRJ-1102,2026-02-26,Steering Committee Sync,10,Save condition church will box television within everyone.,1
MTG-13306,PRJ-1103,2026-04-07,Steering Committee Sync,5,War may its available nearly activity network.,0
MTG-13307,PRJ-1104,2026-03-06,Steering Committee Sync,13,Allow four difference break her southern tax serious tree nice father.,1
MTG-13308,PRJ-1105,2026-04-06,Architecture Review Board,6,Card book budget key year girl half marriage hair.,1
MTG-13309,PRJ-1107,2026-06-20,Risk & Mitigation Board,4,Watch already huge manage something eye camera course up only study whose.,2
MTG-13310,PRJ-1108,2026-05-02,Security Audit Sync,7,Pretty usually fish however character human finish agent him cost.,5
MTG-13311,PRJ-1109,2026-05-16,Steering Committee Sync,9,Hand lot seven onto sense reason.,6
MTG-13312,PRJ-1111,2026-04-10,Sprint Review & Demo,4,Customer there economy free at without lawyer cup she economy test morning.,5
MTG-13313,PRJ-1112,2026-02-28,Steering Committee Sync,8,Person manage reach born visit indicate.,1
MTG-13314,PRJ-1114,2026-03-08,Steering Committee Sync,11,Raise baby chance record trouble show eat speech.,3
MTG-13315,PRJ-1115,2026-03-13,Steering Committee Sync,4,Total similar although put believe writer blue month.,6
MTG-13316,PRJ-1116,2026-03-10,Risk & Mitigation Board,6,Result authority next evening similar new they probably east should way network.,1
MTG-13317,PRJ-1117,2026-05-28,Architecture Review Board,5,Special thus middle maintain unit economic.,2
MTG-13318,PRJ-1118,2026-05-24,Steering Committee Sync,14,Surface food my or their form pressure writer among building administration.,2
MTG-13319,PRJ-1119,2026-03-23,Steering Committee Sync,14,Future almost stuff both return.,3
MTG-13320,PRJ-1120,2026-03-03,Security Audit Sync,4,Wonder report game political result price special option also.,1
MTG-13321,PRJ-1122,2026-03-20,Risk & Mitigation Board,7,Sing yourself best reduce nothing individual.,0
MTG-13322,PRJ-1123,2026-06-12,Financial Burn Review,8,Claim what fact involve large instead.,2
MTG-13323,PRJ-1124,2026-03-28,Financial Burn Review,6,Boy relationship right get model couple since appear stand environment meeting.,0
MTG-13324,PRJ-1125,2026-05-04,Financial Burn Review,4,Once real fly avoid common above official a.,1
MTG-13325,PRJ-1126,2026-03-24,Sprint Review & Demo,5,Seat hard why government resource the service hospital.,2
MTG-13326,PRJ-1127,2026-04-25,Risk & Mitigation Board,12,Place decision experience offer generation arm dog may push how power.,2
MTG-13327,PRJ-1128,2026-04-14,Sprint Review & Demo,6,Always history then relationship nor follow some candidate camera.,2
MTG-13328,PRJ-1129,2026-03-25,Security Audit Sync,9,You year throw without need majority effort true including throughout.,3
MTG-13329,PRJ-1130,2026-05-17,Sprint Review & Demo,5,Hair style single majority fly however mean actually follow mean office.,0
MTG-13330,PRJ-1131,2026-04-04,Security Audit Sync,4,Million hard plant understand subject.,2
MTG-13331,PRJ-1132,2026-05-18,Risk & Mitigation Board,13,Middle good nation member operation address partner health party concern.,0
MTG-13332,PRJ-1133,2026-05-16,Sprint Review & Demo,13,Increase center learn read catch increase door south like discuss effect mother.,4
MTG-13333,PRJ-1134,2026-05-10,Sprint Review & Demo,14,Region yourself whole play like night security week claim while up sure.,0
MTG-13334,PRJ-1135,2026-03-14,Sprint Review & Demo,12,Adult team market question ago candidate fast test adult see produce.,2
MTG-13335,PRJ-1136,2026-05-05,Sprint Review & Demo,14,Lawyer since project everyone yes stuff example east.,0
MTG-13336,PRJ-1138,2026-03-06,Risk & Mitigation Board,14,Control draw record still issue production interview.,2
MTG-13337,PRJ-1139,2026-04-23,Risk & Mitigation Board,14,Pm thousand instead main seat likely position career appear unit bag.,1
MTG-13338,PRJ-1140,2026-06-10,Financial Burn Review,11,Ability discover economy score suffer community adult be.,1
MTG-13339,PRJ-1141,2026-05-02,Security Audit Sync,14,Represent skill send popular could value usually central foot option.,2
MTG-13340,PRJ-1142,2026-06-18,Risk & Mitigation Board,8,Care campaign those manage late consider.,2
MTG-13341,PRJ-1143,2026-04-21,Architecture Review Board,11,Knowledge fund close blood source moment general behavior very.,2
MTG-13342,PRJ-1144,2026-03-31,Risk & Mitigation Board,11,It alone represent couple discover still represent move.,2
MTG-13343,PRJ-1145,2026-05-02,Financial Burn Review,7,Their computer six serve somebody experience former read reality onto night.,1
MTG-13344,PRJ-1146,2026-04-11,Steering Committee Sync,14,Social find sell argue himself reduce reveal each operation moment drop.,3
MTG-13345,PRJ-1147,2026-05-14,Security Audit Sync,10,Change wind fish imagine system.,0
MTG-13346,PRJ-1148,2026-05-22,Architecture Review Board,9,Option face second knowledge laugh professor attention year notice skin.,2
MTG-13347,PRJ-1149,2026-03-23,Security Audit Sync,10,Second bad different off peace fact PM within one region.,0
MTG-13348,PRJ-1150,2026-03-05,Architecture Review Board,4,Friend just director plan which appear peace leave management number case.,0
MTG-13349,PRJ-1002,2026-05-17,Risk & Mitigation Board,12,Trip on third good she none performance management let beat long.,1
MTG-13350,PRJ-1004,2026-05-12,Steering Committee Sync,6,Special some after nearly population age air.,4
MTG-13351,PRJ-1006,2026-05-26,Security Audit Sync,7,Mean imagine indicate around consider beat major.,3
MTG-13352,PRJ-1007,2026-05-07,Risk & Mitigation Board,10,Effect old senior amount record knowledge.,1
MTG-13353,PRJ-1008,2026-05-12,Risk & Mitigation Board,11,Professional account require piece good.,6
MTG-13354,PRJ-1009,2026-05-20,Risk & Mitigation Board,11,Evening probably low pull political theory result.,1
MTG-13355,PRJ-1010,2026-05-07,Architecture Review Board,9,Interest region campaign father might table wear generation lead.,1
MTG-13356,PRJ-1011,2026-05-07,Security Audit Sync,6,Sea ask present ten eight serve dog.,1
MTG-13357,PRJ-1012,2026-03-25,Security Audit Sync,7,Leg push quite marriage defense tough skin candidate sometimes shoulder.,2
MTG-13358,PRJ-1013,2026-04-30,Steering Committee Sync,7,Follow deal attorney federal positive join begin a tree avoid.,0
MTG-13359,PRJ-1014,2026-06-13,Financial Burn Review,14,Consumer member western include wait yard others loss enough hour thought without.,2
MTG-13360,PRJ-1015,2026-05-09,Financial Burn Review,11,Strategy event charge suddenly true bed build very face discover hope.,1
MTG-13361,PRJ-1016,2026-04-27,Financial Burn Review,9,Site save design give culture us suggest of.,1
MTG-13362,PRJ-1017,2026-05-22,Security Audit Sync,7,For knowledge save here deal role listen nice behavior.,1
MTG-13363,PRJ-1019,2026-03-04,Risk & Mitigation Board,11,Compare read present father leave history water indeed question vote contain.,0
MTG-13364,PRJ-1020,2026-04-12,Sprint Review & Demo,14,Participant police parent prevent prove door side house.,2
MTG-13365,PRJ-1021,2026-06-09,Risk & Mitigation Board,13,Free recently eight oil seven on as painting front thousand.,3
MTG-13366,PRJ-1024,2026-04-15,Risk & Mitigation Board,7,Article hour hope represent brother.,0
MTG-13367,PRJ-1026,2026-06-24,Steering Committee Sync,12,Quickly home argue member thank whole special suggest area.,1
MTG-13368,PRJ-1027,2026-04-03,Steering Committee Sync,10,Blue daughter pressure share throughout crime usually role security year piece.,6
MTG-13369,PRJ-1029,2026-05-09,Financial Burn Review,6,Use lot pick clear soon first see hotel leave.,1
MTG-13370,PRJ-1030,2026-05-20,Risk & Mitigation Board,7,Guess might once show listen worry really turn his.,1
MTG-13371,PRJ-1031,2026-05-28,Risk & Mitigation Board,14,For region consumer state long anyone.,2
MTG-13372,PRJ-1032,2026-03-13,Steering Committee Sync,14,Describe receive bit wonder hospital occur likely energy.,1
MTG-13373,PRJ-1033,2026-02-28,Financial Burn Review,14,Economic serious such expert growth lot.,2
MTG-13374,PRJ-1034,2026-05-20,Risk & Mitigation Board,7,Yard money common personal hear reveal good including be job write half.,5
MTG-13375,PRJ-1035,2026-05-03,Steering Committee Sync,9,Choice realize gun can national news property.,4
MTG-13376,PRJ-1036,2026-06-10,Risk & Mitigation Board,6,Crime six character challenge sing require part development dog wear.,0
MTG-13377,PRJ-1038,2026-05-02,Risk & Mitigation Board,13,Money marriage hear throw go town power feel wall improve.,1
MTG-13378,PRJ-1039,2026-05-16,Financial Burn Review,14,Entire everybody growth almost range to early serve type but nearly.,5
MTG-13379,PRJ-1040,2026-04-09,Sprint Review & Demo,5,Money any music firm science.,2
MTG-13380,PRJ-1041,2026-06-04,Sprint Review & Demo,4,Seek section full book activity morning board no politics.,0
MTG-13381,PRJ-1043,2026-06-12,Sprint Review & Demo,9,Main man whom effect itself open land specific role western.,0
MTG-13382,PRJ-1044,2026-04-12,Sprint Review & Demo,9,Skill fast several drug despite feel know everybody off.,3
MTG-13383,PRJ-1045,2026-06-22,Steering Committee Sync,6,Well officer team choose tend realize turn.,6
MTG-13384,PRJ-1047,2026-03-18,Steering Committee Sync,5,Pattern avoid a despite face near.,1
MTG-13385,PRJ-1048,2026-05-13,Architecture Review Board,9,Explain finish follow clearly outside across traditional about.,2
MTG-13386,PRJ-1050,2026-04-23,Financial Burn Review,11,Ago long training nor clearly away green onto late with.,1
MTG-13387,PRJ-1051,2026-04-16,Architecture Review Board,6,Occur seem very oil paper.,2
MTG-13388,PRJ-1052,2026-03-09,Architecture Review Board,5,Machine result home half pass population money model.,3
MTG-13389,PRJ-1053,2026-06-02,Financial Burn Review,6,Section raise get pressure gun bring both place movement where enough.,0
MTG-13390,PRJ-1054,2026-06-01,Steering Committee Sync,5,Usually ask itself such floor fund economy live everyone just citizen center.,4
MTG-13391,PRJ-1055,2026-04-27,Financial Burn Review,10,Lawyer hard total authority tax per until series strategy light health.,2
MTG-13392,PRJ-1056,2026-05-08,Steering Committee Sync,12,Summer determine room sport American single truth food activity expert school.,2
MTG-13393,PRJ-1057,2026-04-19,Security Audit Sync,8,Focus hair allow role attack difference field continue impact.,1
MTG-13394,PRJ-1059,2026-06-09,Security Audit Sync,5,Billion care particular east third area without image door head.,2
MTG-13395,PRJ-1060,2026-05-31,Security Audit Sync,11,Partner line usually start provide after how specific mean.,0
MTG-13396,PRJ-1062,2026-05-24,Sprint Review & Demo,6,Organization trouble moment nice shake foot.,0
MTG-13397,PRJ-1063,2026-04-23,Risk & Mitigation Board,10,Chair reduce live couple system interesting answer use lay ok spend.,1
MTG-13398,PRJ-1064,2026-05-23,Risk & Mitigation Board,4,Suffer in notice price yet me for friend action these.,0
MTG-13399,PRJ-1065,2026-03-04,Financial Burn Review,9,Everyone hair another region over church particular win.,2
MTG-13400,PRJ-1066,2026-06-24,Risk & Mitigation Board,13,Rather admit kid discuss consider.,2
MTG-13401,PRJ-1067,2026-06-19,Steering Committee Sync,4,Green large citizen face down forward fight bad goal.,4
MTG-13402,PRJ-1068,2026-04-26,Risk & Mitigation Board,13,Learn floor once style whatever watch.,2
MTG-13403,PRJ-1071,2026-04-20,Architecture Review Board,5,Soon firm bed these skill suggest leave alone.,3
MTG-13404,PRJ-1072,2026-04-27,Architecture Review Board,6,Fight manager Republican share real southern hair score full phone center.,0
MTG-13405,PRJ-1073,2026-04-29,Steering Committee Sync,8,Watch almost law recently agency bank couple animal paper large ask campaign.,5
MTG-13406,PRJ-1074,2026-03-10,Security Audit Sync,6,Natural need sit still consumer ten minute four last.,1
MTG-13407,PRJ-1076,2026-06-11,Sprint Review & Demo,7,Side born without rise color be list look able though read.,2
MTG-13408,PRJ-1077,2026-05-04,Security Audit Sync,8,Head democratic impact end TV daughter team sing several up interest.,3
MTG-13409,PRJ-1079,2026-03-17,Security Audit Sync,9,House from including various little he value nor large during trial.,0
MTG-13410,PRJ-1080,2026-05-31,Financial Burn Review,4,Beyond able want serious protect kind too capital.,4
MTG-13411,PRJ-1081,2026-06-23,Financial Burn Review,10,Although foreign stay see prepare scene nature ago.,2
MTG-13412,PRJ-1083,2026-05-01,Steering Committee Sync,8,South more character garden mean series six picture another.,3
MTG-13413,PRJ-1084,2026-02-28,Steering Committee Sync,8,Wait administration experience have smile same view field.,5
MTG-13414,PRJ-1085,2026-03-27,Financial Burn Review,11,Her mission budget short state beat play picture wide.,0
MTG-13415,PRJ-1088,2026-03-08,Architecture Review Board,4,Admit every professional green among the find necessary.,0
MTG-13416,PRJ-1089,2026-03-02,Security Audit Sync,8,Onto candidate local image through performance also practice financial smile perhaps.,0
MTG-13417,PRJ-1090,2026-04-06,Architecture Review Board,10,School system power media American question small hour none.,4
MTG-13418,PRJ-1091,2026-04-15,Architecture Review Board,8,Cell clearly guy side trouble best although role dog ask.,1
MTG-13419,PRJ-1092,2026-05-28,Security Audit Sync,11,That property end positive the partner stop imagine.,2
MTG-13420,PRJ-1093,2026-05-21,Security Audit Sync,9,Along American alone ground option way nature event win total nearly set.,0
MTG-13421,PRJ-1094,2026-06-01,Financial Burn Review,6,Many close first feeling reach heavy school anything often war.,1
MTG-13422,PRJ-1095,2026-03-23,Financial Burn Review,13,Station weight may break huge image mouth night development adult teach.,0
MTG-13423,PRJ-1096,2026-05-02,Sprint Review & Demo,10,Owner quickly near half big education end impact yet.,3
MTG-13424,PRJ-1097,2026-04-11,Steering Committee Sync,10,Born tend despite blue kid order laugh common.,4
MTG-13425,PRJ-1098,2026-06-10,Risk & Mitigation Board,14,Great marriage seat once finally evidence also art nor measure situation build.,0
MTG-13426,PRJ-1099,2026-06-14,Architecture Review Board,10,Become front many usually already everyone him.,6
MTG-13427,PRJ-1100,2026-06-19,Architecture Review Board,12,Enter traditional education because individual already.,1
MTG-13428,PRJ-1101,2026-03-29,Risk & Mitigation Board,9,Have involve exist general process science.,4
MTG-13429,PRJ-1102,2026-03-15,Steering Committee Sync,8,School experience worry either process stuff sometimes boy despite room.,3
MTG-13430,PRJ-1103,2026-04-22,Financial Burn Review,11,Effect media stock career owner.,0
MTG-13431,PRJ-1104,2026-06-03,Architecture Review Board,5,Know order us save fine community little.,1
MTG-13432,PRJ-1105,2026-04-17,Risk & Mitigation Board,5,Example put financial end several establish someone itself buy good.,2
MTG-13433,PRJ-1107,2026-03-31,Security Audit Sync,12,Good history news century war rest story debate eight.,1
MTG-13434,PRJ-1108,2026-03-12,Sprint Review & Demo,6,General successful offer goal upon that pick significant term.,1
MTG-13435,PRJ-1109,2026-04-07,Sprint Review & Demo,5,I must police member event theory two recent just.,2
MTG-13436,PRJ-1111,2026-04-23,Steering Committee Sync,5,Hospital day allow professional prevent deep morning.,3
MTG-13437,PRJ-1112,2026-03-10,Steering Committee Sync,7,Charge like later during there by language return.,2
MTG-13438,PRJ-1114,2026-04-19,Sprint Review & Demo,4,Think from media meet buy play fall his wide policy.,1
MTG-13439,PRJ-1115,2026-04-21,Security Audit Sync,9,On character offer environmental particular skin cut major.,1
MTG-13440,PRJ-1116,2026-05-13,Financial Burn Review,6,Church term road this important end spring white above rather discover.,0
MTG-13441,PRJ-1117,2026-05-14,Financial Burn Review,11,Position decide cost course however top represent deal blue late.,2
MTG-13442,PRJ-1118,2026-02-27,Security Audit Sync,14,Few trip never move country big five win.,3
MTG-13443,PRJ-1119,2026-06-18,Sprint Review & Demo,5,Mention black idea music activity economic.,5
MTG-13444,PRJ-1120,2026-03-14,Sprint Review & Demo,6,Than the develop more really trial.,2
MTG-13445,PRJ-1122,2026-05-14,Steering Committee Sync,5,Western author government simple property drive low training growth.,2
MTG-13446,PRJ-1123,2026-03-27,Steering Committee Sync,5,Team often be purpose simple activity.,0
MTG-13447,PRJ-1124,2026-04-17,Sprint Review & Demo,14,Dog herself arrive however week improve writer.,1
MTG-13448,PRJ-1125,2026-03-18,Steering Committee Sync,4,Financial weight need painting certain type front.,0
MTG-13449,PRJ-1126,2026-05-13,Security Audit Sync,10,Year chair when international political wall simply front western by art.,0
MTG-13450,PRJ-1127,2026-04-01,Architecture Review Board,12,Follow lose party old type adult.,2
MTG-13451,PRJ-1128,2026-03-14,Steering Committee Sync,7,This ask nor partner politics contain what most industry hear wonder Democrat.,1
MTG-13452,PRJ-1129,2026-05-03,Security Audit Sync,13,News special usually box among west likely cultural moment.,4
MTG-13453,PRJ-1130,2026-06-22,Security Audit Sync,11,Type senior official crime act throw.,0
MTG-13454,PRJ-1131,2026-03-16,Architecture Review Board,14,Game so professor computer someone.,6
MTG-13455,PRJ-1132,2026-04-24,Financial Burn Review,11,Concern present expect experience stay throughout large model move morning commercial discuss.,0
MTG-13456,PRJ-1133,2026-04-22,Steering Committee Sync,4,Bring form company other step common offer provide company side eight.,5
MTG-13457,PRJ-1134,2026-03-11,Sprint Review & Demo,7,Provide put nearly week throw majority third factor political media I find.,0
MTG-13458,PRJ-1135,2026-05-09,Architecture Review Board,12,National arm sport story off say especially investment hundred would.,0
MTG-13459,PRJ-1136,2026-06-06,Financial Burn Review,5,Long go within power possible exactly truth name.,0
MTG-13460,PRJ-1138,2026-05-01,Security Audit Sync,7,Although themselves matter let all ok rule break smile.,0
MTG-13461,PRJ-1139,2026-03-09,Steering Committee Sync,7,Soldier she yard religious able cover.,1
MTG-13462,PRJ-1140,2026-03-26,Steering Committee Sync,14,Pull oil enough break bar if before peace customer.,1
MTG-13463,PRJ-1141,2026-06-16,Financial Burn Review,13,Force according very coach company will approach.,3
MTG-13464,PRJ-1142,2026-05-05,Risk & Mitigation Board,14,Writer sea candidate hit study dinner.,2
MTG-13465,PRJ-1143,2026-03-12,Architecture Review Board,10,Fall tough well couple account little.,0
MTG-13466,PRJ-1144,2026-05-19,Architecture Review Board,7,Own old first TV economic free.,3
MTG-13467,PRJ-1145,2026-03-11,Financial Burn Review,14,Gun never our report accept stop sport including kid speak point.,0
MTG-13468,PRJ-1146,2026-03-16,Security Audit Sync,8,Young half hard line it gun enough dream war change.,3
MTG-13469,PRJ-1147,2026-03-20,Steering Committee Sync,4,Situation heavy yes approach increase score against far cold cover third.,0
MTG-13470,PRJ-1148,2026-04-19,Sprint Review & Demo,9,Ball feeling analysis likely marriage court campaign many.,4
MTG-13471,PRJ-1149,2026-05-18,Security Audit Sync,13,Suggest manage society shoulder clear world firm let tree person travel under.,0
MTG-13472,PRJ-1150,2026-05-08,Risk & Mitigation Board,14,Husband rock technology better wife fish.,0
MTG-13473,PRJ-1002,2026-06-20,Security Audit Sync,4,At class enjoy church reduce may.,1
MTG-13474,PRJ-1004,2026-06-25,Security Audit Sync,5,Whom keep avoid pull data avoid scientist time.,6
MTG-13475,PRJ-1006,2026-06-12,Architecture Review Board,9,Begin through a important others financial want pressure.,5
MTG-13476,PRJ-1007,2026-05-02,Security Audit Sync,13,Science above effect throughout power some value idea trade left.,2
MTG-13477,PRJ-1008,2026-04-13,Security Audit Sync,13,Practice already billion call degree develop bed.,1
MTG-13478,PRJ-1009,2026-06-20,Architecture Review Board,9,Stock because class visit who like herself western instead activity as as.,2
MTG-13479,PRJ-1010,2026-05-29,Risk & Mitigation Board,11,Fact candidate human arm thus join star chance fact.,1
MTG-13480,PRJ-1011,2026-03-12,Architecture Review Board,8,Day several common whether religious success structure effect.,1
MTG-13481,PRJ-1012,2026-06-25,Risk & Mitigation Board,12,There probably wall certain travel month camera weight artist.,1
MTG-13482,PRJ-1013,2026-04-18,Security Audit Sync,7,Call available bad turn energy area million we.,0
MTG-13483,PRJ-1014,2026-05-08,Financial Burn Review,4,Best reduce party draw try institution five ask send.,2
MTG-13484,PRJ-1015,2026-04-01,Security Audit Sync,10,Foot seven do water sell establish society act.,1
MTG-13485,PRJ-1016,2026-03-02,Risk & Mitigation Board,9,Population explain benefit think live yourself president use politics.,1
MTG-13486,PRJ-1017,2026-04-01,Risk & Mitigation Board,11,Sea smile plan series activity many out range police movement.,1
MTG-13487,PRJ-1019,2026-05-06,Risk & Mitigation Board,6,Laugh heart born song money worker ever receive follow.,0
MTG-13488,PRJ-1020,2026-06-09,Security Audit Sync,10,Police major study drive environment development worry stop.,1
MTG-13489,PRJ-1021,2026-06-08,Sprint Review & Demo,9,Eat service local behind interview sign choose week student baby.,2
MTG-13490,PRJ-1024,2026-06-03,Risk & Mitigation Board,6,Someone floor effect about nor listen bar section million perform.,2
MTG-13491,PRJ-1026,2026-05-03,Risk & Mitigation Board,4,Environmental adult per college again right price great out low.,1
MTG-13492,PRJ-1027,2026-05-05,Risk & Mitigation Board,6,Attack environment role hospital measure however day these paper through explain.,6
MTG-13493,PRJ-1029,2026-04-18,Steering Committee Sync,6,Bed get especially speech return two.,2
MTG-13494,PRJ-1030,2026-05-13,Steering Committee Sync,4,Concern maintain position throughout ago with you seat approach.,1
MTG-13495,PRJ-1031,2026-04-27,Risk & Mitigation Board,6,Become but whether start least old owner.,1
MTG-13496,PRJ-1032,2026-06-11,Architecture Review Board,7,Sing thing decide western control hope marriage.,1
MTG-13497,PRJ-1033,2026-04-08,Sprint Review & Demo,10,Mind general series investment interesting ready record.,4
MTG-13498,PRJ-1034,2026-06-20,Steering Committee Sync,12,Begin evidence company present manager century firm man.,3
MTG-13499,PRJ-1035,2026-05-20,Architecture Review Board,7,Conference six put finally character participant continue keep.,2
MTG-13500,PRJ-1036,2026-03-26,Risk & Mitigation Board,11,End hard meet assume remember explain garden within production you.,2
MTG-13501,PRJ-1038,2026-03-14,Risk & Mitigation Board,6,Difficult thank political trade tell offer grow summer range.,1
MTG-13502,PRJ-1039,2026-04-26,Risk & Mitigation Board,4,Song relationship difference far situation major least give chance minute phone institution.,6
MTG-13503,PRJ-1040,2026-05-18,Architecture Review Board,5,Camera chance dream billion process PM.,0
MTG-13504,PRJ-1041,2026-03-26,Architecture Review Board,11,Anything ahead foreign health share and than.,2
MTG-13505,PRJ-1043,2026-04-15,Financial Burn Review,6,Everything moment simply explain rule billion deep state call direction color.,1
MTG-13506,PRJ-1044,2026-03-02,Steering Committee Sync,11,Size model focus region source arrive should shake offer debate.,5
MTG-13507,PRJ-1045,2026-06-05,Steering Committee Sync,11,Eat activity money government there when.,4
MTG-13508,PRJ-1047,2026-03-22,Sprint Review & Demo,14,College different would interest watch network cell power middle pay special decide.,1
MTG-13509,PRJ-1048,2026-03-06,Steering Committee Sync,14,Person avoid last myself establish out.,1
MTG-13510,PRJ-1050,2026-05-04,Architecture Review Board,13,Music culture point world join science discuss but.,2
MTG-13511,PRJ-1051,2026-03-24,Risk & Mitigation Board,5,Knowledge provide offer how fill hand final.,2
MTG-13512,PRJ-1052,2026-04-19,Financial Burn Review,12,Think address fly discussion green practice medical candidate daughter enough.,2
MTG-13513,PRJ-1053,2026-05-23,Architecture Review Board,9,Single agree new conference present discussion.,1
MTG-13514,PRJ-1054,2026-06-25,Security Audit Sync,9,South carry treat exactly loss wish.,2
MTG-13515,PRJ-1055,2026-05-28,Financial Burn Review,5,Middle save despite audience he show beyond this southern.,1
MTG-13516,PRJ-1056,2026-03-26,Sprint Review & Demo,9,Land administration in race management.,1
MTG-13517,PRJ-1057,2026-05-14,Risk & Mitigation Board,7,Defense town bed of would responsibility recent your writer.,0
MTG-13518,PRJ-1059,2026-05-07,Architecture Review Board,7,Sea agent each day box couple rate discover manage.,6
MTG-13519,PRJ-1060,2026-03-07,Architecture Review Board,11,Across way magazine piece deep increase specific oil these to.,2
MTG-13520,PRJ-1062,2026-04-01,Architecture Review Board,9,Military and century benefit consumer establish wind fear fear.,2
MTG-13521,PRJ-1063,2026-05-04,Financial Burn Review,7,During growth smile fly should war strong offer paper friend.,1
MTG-13522,PRJ-1064,2026-06-12,Steering Committee Sync,14,Southern vote person build agency late city today rock.,1
MTG-13523,PRJ-1065,2026-05-11,Financial Burn Review,13,Nature product painting suggest finish wish fly turn Mr nothing.,0
MTG-13524,PRJ-1066,2026-05-27,Financial Burn Review,7,Much song various enjoy focus force region your season rest.,0
MTG-13525,PRJ-1067,2026-05-30,Risk & Mitigation Board,11,Enjoy you almost fire area whatever gun be throw have.,5
MTG-13526,PRJ-1068,2026-05-19,Sprint Review & Demo,12,Information something exactly nor company bring hour marriage firm.,1
MTG-13527,PRJ-1071,2026-05-25,Sprint Review & Demo,6,Along wonder author this ten bad their give.,4
MTG-13528,PRJ-1072,2026-05-12,Financial Burn Review,5,Hold long number successful situation.,1
MTG-13529,PRJ-1073,2026-03-30,Financial Burn Review,11,Grow mind accept any American family against require effort grow.,4
MTG-13530,PRJ-1074,2026-05-11,Financial Burn Review,8,More decision rule movement key color image example time.,2
MTG-13531,PRJ-1076,2026-05-06,Sprint Review & Demo,10,Teacher how care kitchen art whom morning.,1
MTG-13532,PRJ-1077,2026-05-20,Steering Committee Sync,6,Former bad write born property blood sport good race health news brother.,3
MTG-13533,PRJ-1079,2026-05-04,Architecture Review Board,11,Against drive full again test upon audience market author item ever we.,0
MTG-13534,PRJ-1080,2026-04-25,Steering Committee Sync,14,There stand strategy big always while director statement red.,2
MTG-13535,PRJ-1081,2026-03-12,Sprint Review & Demo,9,I around gun white between member turn everyone order executive.,1
MTG-13536,PRJ-1083,2026-05-28,Financial Burn Review,12,Parent service edge final walk my continue thus attack because sometimes.,4
MTG-13537,PRJ-1084,2026-03-27,Steering Committee Sync,9,Plan even second quite should value other report sit leader.,3
MTG-13538,PRJ-1085,2026-05-23,Risk & Mitigation Board,13,Begin teacher trip federal morning TV yeah after above produce his.,1
MTG-13539,PRJ-1088,2026-06-08,Financial Burn Review,14,Effort if think somebody choice see night successful me nice popular.,0
MTG-13540,PRJ-1089,2026-04-24,Steering Committee Sync,13,Long program purpose local sort table like day.,2
MTG-13541,PRJ-1090,2026-04-30,Sprint Review & Demo,4,Eat task go none talk lawyer interest suggest occur.,3
MTG-13542,PRJ-1091,2026-04-03,Security Audit Sync,12,Southern it reason hundred arm particular open over thus clear.,2
MTG-13543,PRJ-1092,2026-06-06,Financial Burn Review,7,Garden price particularly both itself often.,1
MTG-13544,PRJ-1093,2026-06-07,Risk & Mitigation Board,4,Most great sell language offer.,1
MTG-13545,PRJ-1094,2026-03-01,Architecture Review Board,7,Suffer job skill someone safe present station indeed another.,3
MTG-13546,PRJ-1095,2026-04-03,Steering Committee Sync,4,Size local loss station book alone source suffer.,1
MTG-13547,PRJ-1096,2026-04-23,Sprint Review & Demo,14,Care half weight adult beat happy.,6
MTG-13548,PRJ-1097,2026-03-31,Risk & Mitigation Board,9,Example policy six reality there fly speech car hope picture make wear.,1
MTG-13549,PRJ-1098,2026-03-30,Risk & Mitigation Board,11,Especially from front protect list walk vote pull decision stock ready.,0
MTG-13550,PRJ-1099,2026-06-22,Security Audit Sync,12,Remember work ago north game.,4
MTG-13551,PRJ-1100,2026-03-23,Steering Committee Sync,11,Rate civil up like month.,2
MTG-13552,PRJ-1101,2026-05-21,Architecture Review Board,8,Little occur public thing marriage water new.,1
MTG-13553,PRJ-1102,2026-06-24,Risk & Mitigation Board,7,Save population interview idea doctor understand specific.,3
MTG-13554,PRJ-1103,2026-05-01,Security Audit Sync,11,Sing itself themselves enough common toward outside.,2
MTG-13555,PRJ-1104,2026-06-04,Architecture Review Board,13,Cultural growth argue loss store soon it difference.,0
MTG-13556,PRJ-1105,2026-04-26,Steering Committee Sync,4,Race eight everything blood year nor ask born cover quite.,1
MTG-13557,PRJ-1107,2026-05-06,Sprint Review & Demo,9,Take rather sort gas compare.,0
MTG-13558,PRJ-1108,2026-03-02,Financial Burn Review,9,Paper give party morning lose meeting decade long animal.,4
MTG-13559,PRJ-1109,2026-04-29,Steering Committee Sync,10,Democratic sure film say adult decade side.,3
MTG-13560,PRJ-1111,2026-04-02,Financial Burn Review,14,Story it team compare sister perhaps best.,1
MTG-13561,PRJ-1112,2026-02-26,Risk & Mitigation Board,9,Pull police traditional party brother reason occur feel too.,2
MTG-13562,PRJ-1114,2026-03-02,Risk & Mitigation Board,9,Yard my network year town enjoy.,2
MTG-13563,PRJ-1115,2026-06-15,Financial Burn Review,14,Give with president agree country discover sport see arrive happen weight worker.,1
MTG-13564,PRJ-1116,2026-05-18,Architecture Review Board,13,Effect describe water face country put return ground technology second young though.,1
MTG-13565,PRJ-1117,2026-04-30,Financial Burn Review,12,His listen look fill near sing approach during.,0
MTG-13566,PRJ-1118,2026-06-03,Sprint Review & Demo,6,Them little carry society yet offer sport.,6
MTG-13567,PRJ-1119,2026-04-15,Risk & Mitigation Board,5,Another success good citizen kitchen paper everyone success plant.,1
MTG-13568,PRJ-1120,2026-05-18,Steering Committee Sync,5,Early letter house next leave religious operation drive member program notice.,0
MTG-13569,PRJ-1122,2026-03-30,Financial Burn Review,7,Bad commercial money job close maintain either small himself pattern appear adult.,0
MTG-13570,PRJ-1123,2026-04-12,Sprint Review & Demo,9,Others term whatever herself consumer see beyond.,1
MTG-13571,PRJ-1124,2026-04-05,Architecture Review Board,10,Avoid message cell experience enough region account.,0
MTG-13572,PRJ-1125,2026-06-02,Architecture Review Board,11,Attorney organization source economic read lead write conference hair more between.,0
MTG-13573,PRJ-1126,2026-05-11,Risk & Mitigation Board,4,Song fish bad decide decade as bag.,2
MTG-13574,PRJ-1127,2026-06-11,Financial Burn Review,14,Memory hard kitchen different themselves spend local reason rich.,1
MTG-13575,PRJ-1128,2026-05-22,Risk & Mitigation Board,6,Every course toward late increase agree matter do continue billion.,2
MTG-13576,PRJ-1129,2026-06-17,Financial Burn Review,7,Defense defense street loss plant and success themselves best thing.,1
MTG-13577,PRJ-1130,2026-04-01,Risk & Mitigation Board,5,Including baby sometimes necessary table try city.,0
MTG-13578,PRJ-1131,2026-05-24,Architecture Review Board,7,Administration a back modern free suffer order unit.,2
MTG-13579,PRJ-1132,2026-03-04,Sprint Review & Demo,14,Talk wish establish game return strong stock base stop.,2
MTG-13580,PRJ-1133,2026-05-22,Financial Burn Review,4,Yes allow field apply thus.,1
MTG-13581,PRJ-1134,2026-05-26,Security Audit Sync,7,Remain occur foreign whom thus TV.,2
MTG-13582,PRJ-1135,2026-05-12,Risk & Mitigation Board,4,Store character image sister sometimes reflect.,0
MTG-13583,PRJ-1136,2026-03-30,Steering Committee Sync,6,You parent individual suggest either maybe through heavy first glass study.,0
MTG-13584,PRJ-1138,2026-03-18,Steering Committee Sync,9,Husband end arm opportunity enjoy second matter series.,2
MTG-13585,PRJ-1139,2026-05-30,Architecture Review Board,14,Front election black million material material soldier feel newspaper small.,1
MTG-13586,PRJ-1140,2026-04-12,Security Audit Sync,4,Who again away material size form treat among color.,1
MTG-13587,PRJ-1141,2026-04-26,Financial Burn Review,11,High whatever thought enjoy safe before federal worker second person under.,3
MTG-13588,PRJ-1142,2026-05-28,Sprint Review & Demo,10,Management pick morning art get analysis foreign buy just.,2
MTG-13589,PRJ-1143,2026-04-28,Financial Burn Review,4,Woman think improve edge pay yes amount central artist rise.,0
MTG-13590,PRJ-1144,2026-05-16,Steering Committee Sync,4,Far them until knowledge him much.,5
MTG-13591,PRJ-1145,2026-04-19,Steering Committee Sync,13,Analysis movement top detail growth.,0
MTG-13592,PRJ-1146,2026-04-23,Risk & Mitigation Board,9,Other practice level in bit another edge.,1
MTG-13593,PRJ-1147,2026-06-09,Security Audit Sync,13,Follow ahead management add reach that.,0
MTG-13594,PRJ-1148,2026-04-08,Architecture Review Board,6,Report Mr accept tonight tree network.,5
MTG-13595,PRJ-1149,2026-03-19,Risk & Mitigation Board,6,Wind guy join morning into low sometimes item.,0
MTG-13596,PRJ-1150,2026-04-25,Financial Burn Review,14,Page city still network discussion only.,0
MTG-13597,PRJ-1002,2026-03-12,Security Audit Sync,8,Action play somebody book citizen weight seat.,2
MTG-13598,PRJ-1004,2026-05-11,Architecture Review Board,9,Develop institution stock treatment exactly read time question bill reach and.,5
MTG-13599,PRJ-1006,2026-05-08,Financial Burn Review,6,Space read physical significant opportunity suggest writer much.,4
MTG-13600,PRJ-1007,2026-03-08,Steering Committee Sync,8,Garden if can mother increase sea teacher.,2
MTG-13601,PRJ-1008,2026-05-01,Architecture Review Board,9,Group statement although attorney idea power response.,2
MTG-13602,PRJ-1009,2026-05-25,Architecture Review Board,5,Responsibility leader difficult he front goal third black but.,1
MTG-13603,PRJ-1010,2026-04-19,Security Audit Sync,11,Send itself including work image source girl teacher type.,1
MTG-13604,PRJ-1011,2026-05-26,Sprint Review & Demo,13,Task approach sister during technology message could certain art.,1
MTG-13605,PRJ-1012,2026-03-15,Security Audit Sync,12,Their growth source yes trial hit environmental partner next.,2
MTG-13606,PRJ-1013,2026-06-17,Risk & Mitigation Board,6,State town television marriage best style trip.,0
MTG-13607,PRJ-1014,2026-05-13,Sprint Review & Demo,10,Throughout senior word policy join follow fall expert.,1
MTG-13608,PRJ-1015,2026-06-21,Sprint Review & Demo,7,Surface sense so discuss agree accept issue different.,2
MTG-13609,PRJ-1016,2026-06-03,Steering Committee Sync,8,Ability move recent weight market although every television raise like.,2
MTG-13610,PRJ-1017,2026-05-11,Security Audit Sync,7,Expect level particular anything store.,2
MTG-13611,PRJ-1019,2026-04-04,Financial Burn Review,9,Start around like call pressure officer civil lay enjoy box could.,1
MTG-13612,PRJ-1020,2026-05-19,Risk & Mitigation Board,14,Fly piece anyone take time.,0
MTG-13613,PRJ-1021,2026-05-02,Security Audit Sync,13,Trouble foreign lot total meet a executive machine agency.,2
MTG-13614,PRJ-1024,2026-03-17,Architecture Review Board,12,May six know general difference actually really.,0
MTG-13615,PRJ-1026,2026-06-21,Sprint Review & Demo,4,Authority success together bring forget education ball song need.,1
MTG-13616,PRJ-1027,2026-04-23,Steering Committee Sync,9,Add guess decade tend second build most environment message.,2
MTG-13617,PRJ-1029,2026-04-10,Steering Committee Sync,10,Start big against require station manage.,1
MTG-13618,PRJ-1030,2026-05-12,Security Audit Sync,11,Within same health former oil.,3
MTG-13619,PRJ-1031,2026-06-15,Risk & Mitigation Board,6,Democratic sign list record certainly similar no.,2
MTG-13620,PRJ-1032,2026-06-13,Risk & Mitigation Board,12,Enter difficult let partner among very purpose condition data any without happen.,1
MTG-13621,PRJ-1033,2026-03-21,Financial Burn Review,14,Keep chance stop summer data.,3
MTG-13622,PRJ-1034,2026-03-22,Steering Committee Sync,13,Past carry fine write attorney develop involve official.,1
MTG-13623,PRJ-1035,2026-06-10,Sprint Review & Demo,4,Father whose glass really base fill school fire why window.,1
MTG-13624,PRJ-1036,2026-03-31,Financial Burn Review,4,Necessary bring all myself floor board family red smile upon.,0
MTG-13625,PRJ-1038,2026-03-10,Architecture Review Board,8,Pay often theory sit dream purpose another cup example special.,0
MTG-13626,PRJ-1039,2026-03-23,Risk & Mitigation Board,13,Reality modern serve billion now about certain.,4
MTG-13627,PRJ-1040,2026-03-01,Steering Committee Sync,4,Many else agency financial simple national itself.,0
MTG-13628,PRJ-1041,2026-04-12,Architecture Review Board,14,Field always matter check amount civil fire safe paper weight dark.,0
MTG-13629,PRJ-1043,2026-04-27,Steering Committee Sync,9,Day yet cover around never moment which cut third.,1
MTG-13630,PRJ-1044,2026-03-03,Sprint Review & Demo,10,Ahead participant year my far matter piece level between realize.,3
MTG-13631,PRJ-1045,2026-04-14,Security Audit Sync,8,About medical personal somebody stop increase.,1
MTG-13632,PRJ-1047,2026-03-20,Sprint Review & Demo,8,Month world community power attention interest water hit add simple.,0
MTG-13633,PRJ-1048,2026-06-13,Steering Committee Sync,11,Race model themselves city onto find tend hard name entire follow.,1
MTG-13634,PRJ-1050,2026-06-17,Steering Committee Sync,14,National avoid last care piece beyond particularly skill year kitchen.,0
MTG-13635,PRJ-1051,2026-03-24,Security Audit Sync,4,Newspaper most enough right pay.,2
MTG-13636,PRJ-1052,2026-06-15,Risk & Mitigation Board,4,Those election traditional worry necessary and star watch today.,2
MTG-13637,PRJ-1053,2026-05-01,Sprint Review & Demo,7,Effort tonight five help reality trouble play.,0
MTG-13638,PRJ-1054,2026-04-13,Risk & Mitigation Board,12,Beyond audience yet reach institution institution road.,5
MTG-13639,PRJ-1055,2026-04-02,Architecture Review Board,4,Two paper official play field policy most right across.,1
MTG-13640,PRJ-1056,2026-05-21,Security Audit Sync,11,Model two politics free two drop blood industry theory moment.,2
MTG-13641,PRJ-1057,2026-04-26,Sprint Review & Demo,6,Year bag skill floor music PM dog safe.,2
MTG-13642,PRJ-1059,2026-03-22,Steering Committee Sync,10,Exist cold wife subject protect hold.,1
MTG-13643,PRJ-1060,2026-03-14,Security Audit Sync,4,Order every reveal east strong market name last reveal although.,1
MTG-13644,PRJ-1062,2026-05-14,Sprint Review & Demo,10,Local itself allow final add treat minute resource husband to shake forward.,1
MTG-13645,PRJ-1063,2026-04-20,Risk & Mitigation Board,6,Wife catch outside recently memory first into piece firm gas.,1
MTG-13646,PRJ-1064,2026-06-08,Sprint Review & Demo,4,Enjoy no instead lawyer particular occur area.,2
MTG-13647,PRJ-1065,2026-04-22,Security Audit Sync,8,Work information pattern analysis program between.,0
MTG-13648,PRJ-1066,2026-06-24,Security Audit Sync,11,Bit might just under do imagine Mr despite.,1
MTG-13649,PRJ-1067,2026-03-26,Steering Committee Sync,4,Sound strong project paper hope choice.,3
MTG-13650,PRJ-1068,2026-05-14,Security Audit Sync,7,Institution may instead none throw work art growth.,1
MTG-13651,PRJ-1071,2026-04-11,Steering Committee Sync,11,Political appear trial customer prepare bad figure sign.,6
MTG-13652,PRJ-1072,2026-03-17,Sprint Review & Demo,4,Loss phone about human appear baby state.,2
MTG-13653,PRJ-1073,2026-04-16,Financial Burn Review,12,Talk PM already son away painting already trade.,4
MTG-13654,PRJ-1074,2026-03-08,Security Audit Sync,7,Others involve green program their.,1
MTG-13655,PRJ-1076,2026-04-04,Security Audit Sync,4,Very eat area listen million environmental hundred pressure.,2
MTG-13656,PRJ-1077,2026-06-10,Architecture Review Board,5,Television practice choose state treat fire start candidate.,3
MTG-13657,PRJ-1079,2026-05-16,Financial Burn Review,11,Number value leader us culture material when citizen in however start.,1
MTG-13658,PRJ-1080,2026-06-14,Risk & Mitigation Board,6,Though animal language physical quickly identify traditional ten sport behavior protect.,5
MTG-13659,PRJ-1081,2026-03-28,Architecture Review Board,9,Group wear imagine computer without yes traditional.,2
MTG-13660,PRJ-1083,2026-03-28,Security Audit Sync,12,Story position several including cell issue rate green.,5
MTG-13661,PRJ-1084,2026-06-07,Steering Committee Sync,14,Expect thousand public enjoy bank in church.,3
MTG-13662,PRJ-1085,2026-04-11,Architecture Review Board,6,Theory court stuff tough near return gas outside too management first.,1
MTG-13663,PRJ-1088,2026-06-17,Financial Burn Review,9,Arrive rich pull think clear smile morning.,1
MTG-13664,PRJ-1089,2026-05-31,Risk & Mitigation Board,8,Several anyone television human walk rock after.,1
MTG-13665,PRJ-1090,2026-05-16,Steering Committee Sync,11,Whom care where leader evidence poor expert direction response certainly reduce generation.,6
MTG-13666,PRJ-1091,2026-04-21,Security Audit Sync,10,We trip really rule there approach young together wall can.,5
MTG-13667,PRJ-1092,2026-05-13,Architecture Review Board,5,Rest trial lose skin smile south decision similar bill.,1
MTG-13668,PRJ-1093,2026-06-01,Financial Burn Review,6,Late today probably avoid allow occur next factor community meet.,1
MTG-13669,PRJ-1094,2026-05-06,Architecture Review Board,14,At player capital campaign call green give page.,3
MTG-13670,PRJ-1095,2026-06-22,Risk & Mitigation Board,12,Whose term conference middle author.,1
MTG-13671,PRJ-1096,2026-04-08,Security Audit Sync,4,Light of become short stop sea direction question go.,2
MTG-13672,PRJ-1097,2026-04-12,Architecture Review Board,14,Practice yes development daughter enter argue.,5
MTG-13673,PRJ-1098,2026-06-10,Steering Committee Sync,9,Method after table describe vote.,2
MTG-13674,PRJ-1099,2026-03-26,Financial Burn Review,6,Particular factor follow last see pretty especially for after.,6
MTG-13675,PRJ-1100,2026-04-23,Financial Burn Review,7,Choose clear PM some consumer final.,0
MTG-13676,PRJ-1101,2026-03-16,Security Audit Sync,5,Bad eight should window measure design less will appear around talk.,4
MTG-13677,PRJ-1102,2026-04-20,Risk & Mitigation Board,12,He population after I candidate protect control identify use research them theory.,1
MTG-13678,PRJ-1103,2026-03-22,Financial Burn Review,12,Friend check when many moment effort make loss perform social.,0
MTG-13679,PRJ-1104,2026-06-07,Sprint Review & Demo,4,Kid under material professional clear wife course open.,2
MTG-13680,PRJ-1105,2026-04-19,Architecture Review Board,14,Home south specific feel everyone blue quickly.,2
MTG-13681,PRJ-1107,2026-05-07,Steering Committee Sync,7,Word trial laugh responsibility notice month hundred.,2
MTG-13682,PRJ-1108,2026-03-15,Security Audit Sync,9,Adult information truth bit owner officer coach up land song story yes.,6
MTG-13683,PRJ-1109,2026-06-20,Risk & Mitigation Board,9,Poor same cover daughter wish land wait direction society.,1
MTG-13684,PRJ-1111,2026-03-23,Security Audit Sync,12,Stage forget him as story see teacher here.,3
MTG-13685,PRJ-1112,2026-05-12,Risk & Mitigation Board,14,Both after after analysis material interest production.,2
MTG-13686,PRJ-1114,2026-05-29,Risk & Mitigation Board,13,Thousand start prove sense there argue above building by.,2
MTG-13687,PRJ-1115,2026-04-06,Architecture Review Board,10,Today apply power instead believe record former democratic many today worry.,6
MTG-13688,PRJ-1116,2026-03-22,Security Audit Sync,7,Life offer stock cold that western expert successful his cost house.,0
MTG-13689,PRJ-1117,2026-04-28,Security Audit Sync,11,Little create baby think clear employee soldier much care prevent know land.,2
MTG-13690,PRJ-1118,2026-03-21,Steering Committee Sync,7,Financial prepare economy participant speak son.,6
MTG-13691,PRJ-1119,2026-05-08,Security Audit Sync,12,Heart establish why offer win several his plan protect need according.,1
MTG-13692,PRJ-1120,2026-05-05,Sprint Review & Demo,6,Short land professor such late type program.,1
MTG-13693,PRJ-1122,2026-04-16,Sprint Review & Demo,8,Accept know fly body must glass position budget air.,2
MTG-13694,PRJ-1123,2026-03-20,Steering Committee Sync,8,Its candidate affect great black everyone score increase week baby impact.,1
MTG-13695,PRJ-1124,2026-04-15,Steering Committee Sync,14,Rather someone why result area establish evening ability ball would.,2
MTG-13696,PRJ-1125,2026-04-14,Sprint Review & Demo,4,Garden her fight have such suffer study house second.,0
MTG-13697,PRJ-1126,2026-06-11,Sprint Review & Demo,8,Onto live wind base around able.,0
MTG-13698,PRJ-1127,2026-04-29,Sprint Review & Demo,6,Again sell risk drop approach situation through international reflect bring reflect PM.,0
MTG-13699,PRJ-1128,2026-06-09,Security Audit Sync,5,Study week free sure today detail.,0
MTG-13700,PRJ-1129,2026-06-06,Architecture Review Board,5,Focus simply them close others.,4
MTG-13701,PRJ-1130,2026-06-20,Risk & Mitigation Board,14,Audience through individual official artist offer power born test look teach.,1
MTG-13702,PRJ-1131,2026-03-04,Risk & Mitigation Board,13,Business page detail suggest least forward around brother least.,1
MTG-13703,PRJ-1132,2026-06-06,Architecture Review Board,10,Kitchen issue dark organization without include allow us hold any.,1
MTG-13704,PRJ-1133,2026-04-22,Architecture Review Board,8,Inside attorney chance painting us despite message seem must financial light support.,2
MTG-13705,PRJ-1134,2026-05-01,Risk & Mitigation Board,13,Check sing lay perform worry scientist Mrs issue computer worry turn.,2
MTG-13706,PRJ-1135,2026-03-20,Risk & Mitigation Board,13,Activity single along require ask foot maintain four.,2
MTG-13707,PRJ-1136,2026-06-24,Financial Burn Review,14,Break yes system soon democratic.,0
MTG-13708,PRJ-1138,2026-04-21,Risk & Mitigation Board,11,Risk because structure high share miss at.,0
MTG-13709,PRJ-1139,2026-02-28,Architecture Review Board,4,Trade consumer family strategy final participant stop.,1
MTG-13710,PRJ-1140,2026-06-01,Architecture Review Board,11,Political last information for nothing prove.,2
MTG-13711,PRJ-1141,2026-03-18,Risk & Mitigation Board,5,Produce health now police light much someone.,5
MTG-13712,PRJ-1142,2026-03-12,Risk & Mitigation Board,13,Artist blood road remember high oil age every key answer it figure.,2
MTG-13713,PRJ-1143,2026-05-08,Financial Burn Review,14,Show radio national forget painting development.,1
MTG-13714,PRJ-1144,2026-03-28,Risk & Mitigation Board,10,Manager north behavior tend personal authority within.,1
MTG-13715,PRJ-1145,2026-03-17,Sprint Review & Demo,5,Others again may year whatever anyone institution two authority which factor.,1
MTG-13716,PRJ-1146,2026-06-09,Risk & Mitigation Board,12,To interview reveal benefit local level charge participant clear ability.,3
MTG-13717,PRJ-1147,2026-06-12,Sprint Review & Demo,7,Anyone why garden million without never exactly question effort positive.,0
MTG-13718,PRJ-1148,2026-04-25,Security Audit Sync,14,Window focus machine expect according discover culture half second mind including language.,6
MTG-13719,PRJ-1149,2026-05-07,Sprint Review & Demo,10,Itself significant rather particularly plant life enough where particular operation successful tell.,1
MTG-13720,PRJ-1150,2026-06-17,Security Audit Sync,7,Yet away occur bar carry technology idea.,1
MTG-13721,PRJ-1002,2026-03-23,Financial Burn Review,4,Strong work kitchen sell recently list mother officer sure close media doctor.,1
MTG-13722,PRJ-1004,2026-05-16,Architecture Review Board,12,Scientist enough really eight skin before mission above building.,3
MTG-13723,PRJ-1006,2026-05-14,Security Audit Sync,7,Local own single public have wind decision nation throw.,4
MTG-13724,PRJ-1007,2026-06-23,Financial Burn Review,5,Church various like add serve particular drug leg.,1
MTG-13725,PRJ-1008,2026-06-13,Sprint Review & Demo,6,Change wonder detail everything economy certain school notice something.,6
MTG-13726,PRJ-1009,2026-04-24,Financial Burn Review,4,Though for join necessary make though health activity remember task for.,2
MTG-13727,PRJ-1010,2026-04-06,Financial Burn Review,5,And throw site color throughout among teach must mind cost same.,1
MTG-13728,PRJ-1011,2026-04-29,Financial Burn Review,11,Office test see age into sell picture.,0
MTG-13729,PRJ-1012,2026-04-10,Architecture Review Board,13,Weight rich herself model happen Mrs step career century dark religious.,2
MTG-13730,PRJ-1013,2026-03-07,Risk & Mitigation Board,14,Year health after base cup career wait section write Democrat.,2
MTG-13731,PRJ-1014,2026-04-03,Security Audit Sync,8,Stop themselves visit kitchen understand serious.,1
MTG-13732,PRJ-1015,2026-06-08,Financial Burn Review,12,Meeting put deep maintain door keep operation Mr account all speak.,0
MTG-13733,PRJ-1016,2026-06-22,Risk & Mitigation Board,11,Easy contain various nearly you something relate pressure since.,0
MTG-13734,PRJ-1017,2026-06-24,Architecture Review Board,4,Hospital still laugh security suddenly service main service establish explain box phone.,0
MTG-13735,PRJ-1019,2026-06-17,Architecture Review Board,9,Vote check must theory day exactly impact.,2
MTG-13736,PRJ-1020,2026-03-28,Risk & Mitigation Board,14,Son capital not safe business military language next.,0
MTG-13737,PRJ-1021,2026-06-11,Steering Committee Sync,7,And rock now something dark out future already his.,1
MTG-13738,PRJ-1024,2026-06-07,Risk & Mitigation Board,7,Million charge cell high window might room.,1
MTG-13739,PRJ-1026,2026-02-27,Sprint Review & Demo,14,Machine health manager sometimes seek early prepare.,1
MTG-13740,PRJ-1027,2026-05-13,Steering Committee Sync,4,Heavy four well sense tree firm alone ok party.,4
MTG-13741,PRJ-1029,2026-03-06,Architecture Review Board,7,Five natural national old soldier ability whom.,0
MTG-13742,PRJ-1030,2026-05-02,Architecture Review Board,13,Service million himself all attention this about between other company where.,6
MTG-13743,PRJ-1031,2026-05-21,Risk & Mitigation Board,11,Each win memory medical free.,0
MTG-13744,PRJ-1032,2026-05-04,Security Audit Sync,5,Experience site evening soon maintain single subject community teach research manager.,0
MTG-13745,PRJ-1033,2026-04-26,Steering Committee Sync,6,Defense next well simply authority onto range mean song do.,2
MTG-13746,PRJ-1034,2026-06-13,Security Audit Sync,13,Another option light why forget side mention skin.,5
MTG-13747,PRJ-1035,2026-03-19,Sprint Review & Demo,11,Business service allow specific summer line leg out require realize direction.,4
MTG-13748,PRJ-1036,2026-03-12,Architecture Review Board,10,Ground reality finally account arm rather blood authority month.,2
MTG-13749,PRJ-1038,2026-04-20,Sprint Review & Demo,12,Final reflect than management fire.,2
MTG-13750,PRJ-1039,2026-05-02,Security Audit Sync,14,Their mouth particularly coach increase agency.,3
MTG-13751,PRJ-1040,2026-03-29,Financial Burn Review,10,General tend cold how network note act general best.,0
MTG-13752,PRJ-1041,2026-03-03,Risk & Mitigation Board,8,Least probably Congress food different test.,0
MTG-13753,PRJ-1043,2026-03-18,Risk & Mitigation Board,10,Myself adult democratic large allow air not.,2
MTG-13754,PRJ-1044,2026-06-12,Sprint Review & Demo,5,Strategy find avoid trouble everyone pattern.,1
MTG-13755,PRJ-1045,2026-03-07,Architecture Review Board,9,Staff along let central make already sea hair.,6
MTG-13756,PRJ-1047,2026-05-20,Risk & Mitigation Board,12,What according save to ready thought go drive deal agree western.,1
MTG-13757,PRJ-1048,2026-05-22,Steering Committee Sync,5,Car wind along successful office help build each these guy.,0
MTG-13758,PRJ-1050,2026-03-06,Sprint Review & Demo,5,Beyond determine by option kitchen area ten only view.,0
MTG-13759,PRJ-1051,2026-06-01,Financial Burn Review,14,Wish local behavior successful full place information front.,0
MTG-13760,PRJ-1052,2026-03-26,Steering Committee Sync,14,Develop himself produce military well.,4
MTG-13761,PRJ-1053,2026-04-24,Financial Burn Review,12,Determine big floor mean reflect agree need.,1
MTG-13762,PRJ-1054,2026-03-10,Architecture Review Board,5,Race maintain analysis require issue drop building.,4
MTG-13763,PRJ-1055,2026-04-13,Security Audit Sync,13,Whole sit different eight plan.,0
MTG-13764,PRJ-1056,2026-06-24,Risk & Mitigation Board,12,Memory push responsibility fact team explain claim best black.,0
MTG-13765,PRJ-1057,2026-05-14,Sprint Review & Demo,7,Again degree able heart girl outside natural page image administration order surface.,0
MTG-13766,PRJ-1059,2026-05-28,Steering Committee Sync,6,Lead gas try sea understand.,3
MTG-13767,PRJ-1060,2026-04-13,Security Audit Sync,10,List great again husband those positive product purpose traditional physical.,2
MTG-13768,PRJ-1062,2026-04-01,Sprint Review & Demo,4,Safe purpose generation Mrs sea PM story.,1
MTG-13769,PRJ-1063,2026-05-13,Financial Burn Review,5,Act thousand either wide new main threat.,0
MTG-13770,PRJ-1064,2026-06-05,Financial Burn Review,8,Situation fund expect heavy far education size reveal represent.,2
MTG-13771,PRJ-1065,2026-05-26,Financial Burn Review,4,Rather old just far design tell.,2
MTG-13772,PRJ-1066,2026-04-10,Architecture Review Board,9,Great whatever which anyone physical today woman rest glass.,0
MTG-13773,PRJ-1067,2026-04-23,Steering Committee Sync,7,Interesting true career last catch effect include behavior west.,4
MTG-13774,PRJ-1068,2026-05-10,Steering Committee Sync,11,Minute city food population bring report professor kind character cup accept.,2
MTG-13775,PRJ-1071,2026-04-02,Risk & Mitigation Board,7,Arrive into cold guy friend traditional dark probably could sea.,4
MTG-13776,PRJ-1072,2026-04-21,Sprint Review & Demo,10,Yes national traditional get unit man entire.,0
MTG-13777,PRJ-1073,2026-03-01,Financial Burn Review,14,Easy within pass go near never network knowledge party.,6
MTG-13778,PRJ-1074,2026-03-23,Financial Burn Review,6,Sea peace tough ago true shake weight clear one prepare wish its.,0
MTG-13779,PRJ-1076,2026-03-11,Security Audit Sync,12,Sit wall expect everyone impact wall.,0
MTG-13780,PRJ-1077,2026-04-24,Steering Committee Sync,11,Less staff him former answer end good seat.,1
MTG-13781,PRJ-1079,2026-03-07,Financial Burn Review,13,Easy worker who oil choice life administration oil.,0
MTG-13782,PRJ-1080,2026-06-12,Steering Committee Sync,14,It across minute pick share blood draw put check raise cell.,2
MTG-13783,PRJ-1081,2026-03-27,Risk & Mitigation Board,9,Seven front north Mr who technology none take along give morning.,2
MTG-13784,PRJ-1083,2026-03-22,Steering Committee Sync,10,Sign think sure fund address item despite address provide different apply no.,3
MTG-13785,PRJ-1084,2026-04-30,Sprint Review & Demo,4,Bit issue listen social or.,4
MTG-13786,PRJ-1085,2026-05-20,Architecture Review Board,4,Ok position same foreign suddenly thing.,1
MTG-13787,PRJ-1088,2026-05-06,Steering Committee Sync,9,Own within fall treat fill.,2
MTG-13788,PRJ-1089,2026-06-18,Risk & Mitigation Board,13,Agency job want yes threat easy lawyer its.,1
MTG-13789,PRJ-1090,2026-03-22,Steering Committee Sync,6,Early sign understand fish song including interesting fire.,6
MTG-13790,PRJ-1091,2026-06-15,Risk & Mitigation Board,12,Clear help say dinner respond despite white way major amount put play.,5
MTG-13791,PRJ-1092,2026-03-07,Risk & Mitigation Board,14,For if fly south body.,2
MTG-13792,PRJ-1093,2026-06-18,Steering Committee Sync,13,Rate final again large million task.,0
MTG-13793,PRJ-1094,2026-03-16,Financial Burn Review,11,Sister know specific natural political security almost government return beautiful billion.,3
MTG-13794,PRJ-1095,2026-06-01,Sprint Review & Demo,13,Quite control down see kid rock Democrat.,1
MTG-13795,PRJ-1096,2026-03-27,Sprint Review & Demo,5,Attack wide moment enjoy expert.,4
MTG-13796,PRJ-1097,2026-03-20,Financial Burn Review,6,Resource source see central buy board your leave understand color.,1
MTG-13797,PRJ-1098,2026-04-20,Security Audit Sync,9,Leave loss social director gas building station food.,0
MTG-13798,PRJ-1099,2026-04-08,Architecture Review Board,8,That later visit create present sing mention force computer I.,4
MTG-13799,PRJ-1100,2026-04-23,Risk & Mitigation Board,9,Add test mission page difference.,2
MTG-13800,PRJ-1101,2026-03-21,Architecture Review Board,13,Fear property listen save three identify.,5
